x,y,value,group,label,facet,source,target,weight,lower,upper
1,0.850046663614921,0.850046663614921,Prostate,Prostate,,1,0.850046663614921,0.850046663614921,0.823055827257935,0.8770374999719069
2,0.846858019137289,0.846858019137289,Prostate,Prostate,,2,0.846858019137289,0.846858019137289,0.819867182780303,0.8738488554942749
3,0.815118731907569,0.815118731907569,Prostate,Prostate,,3,0.815118731907569,0.815118731907569,0.788127895550583,0.842109568264555
4,0.881329055328388,0.881329055328388,Prostate,Prostate,,4,0.881329055328388,0.881329055328388,0.854338218971402,0.908319891685374
5,0.827032303111628,0.827032303111628,Prostate,Prostate,,5,0.827032303111628,0.827032303111628,0.800041466754642,0.854023139468614
6,0.898232657043263,0.898232657043263,Prostate,Prostate,,6,0.898232657043263,0.898232657043263,0.8712418206862771,0.925223493400249
7,0.849334093404468,0.849334093404468,Prostate,Prostate,,7,0.849334093404468,0.849334093404468,0.822343257047482,0.8763249297614539
8,0.916586263431236,0.916586263431236,Prostate,Prostate,,8,0.916586263431236,0.916586263431236,0.88959542707425,0.9435770997882219
9,0.949518812121823,0.949518812121823,Prostate,Prostate,,9,0.949518812121823,0.949518812121823,0.922527975764837,0.976509648478809
10,0.892044695932418,0.892044695932418,Prostate,Prostate,,10,0.892044695932418,0.892044695932418,0.865053859575432,0.9190355322894039
11,0.842762375168968,0.842762375168968,Prostate,Prostate,,11,0.842762375168968,0.842762375168968,0.815771538811982,0.869753211525954
12,0.819396895589307,0.819396895589307,Prostate,Prostate,,12,0.819396895589307,0.819396895589307,0.792406059232321,0.8463877319462929
13,0.851145308825653,0.851145308825653,Prostate,Prostate,,13,0.851145308825653,0.851145308825653,0.824154472468667,0.8781361451826389
14,0.860230152448639,0.860230152448639,Prostate,Prostate,,14,0.860230152448639,0.860230152448639,0.833239316091653,0.8872209888056249
15,0.822716816037428,0.822716816037428,Prostate,Prostate,,15,0.822716816037428,0.822716816037428,0.795725979680442,0.8497076523944139
16,0.924154668080155,0.924154668080155,Prostate,Prostate,,16,0.924154668080155,0.924154668080155,0.897163831723169,0.951145504437141
17,0.839217007823754,0.839217007823754,Prostate,Prostate,,17,0.839217007823754,0.839217007823754,0.812226171466768,0.8662078441807399
18,0.925908058357891,0.925908058357891,Prostate,Prostate,,18,0.925908058357891,0.925908058357891,0.8989172220009051,0.952898894714877
19,0.828807668818627,0.828807668818627,Prostate,Prostate,,19,0.828807668818627,0.828807668818627,0.801816832461641,0.855798505175613
20,0.825097308494151,0.825097308494151,Prostate,Prostate,,20,0.825097308494151,0.825097308494151,0.798106472137165,0.8520881448511369
21,0.90972373195691,0.90972373195691,Prostate,Prostate,,21,0.90972373195691,0.90972373195691,0.8827328955999241,0.936714568313896
22,0.825668106530793,0.825668106530793,Prostate,Prostate,,22,0.825668106530793,0.825668106530793,0.7986772701738071,0.852658942887779
23,0.865852192253806,0.865852192253806,Prostate,Prostate,,23,0.865852192253806,0.865852192253806,0.8388613558968201,0.892843028610792
24,0.851941478392109,0.851941478392109,Prostate,Prostate,,24,0.851941478392109,0.851941478392109,0.824950642035123,0.878932314749095
25,0.88156630967278,0.88156630967278,Prostate,Prostate,,25,0.88156630967278,0.88156630967278,0.8545754733157941,0.908557146029766
26,0.942399593489245,0.942399593489245,Prostate,Prostate,,26,0.942399593489245,0.942399593489245,0.915408757132259,0.9693904298462309
27,0.937200253270566,0.937200253270566,Prostate,Prostate,,27,0.937200253270566,0.937200253270566,0.91020941691358,0.964191089627552
28,0.910235651384573,0.910235651384573,Prostate,Prostate,,28,0.910235651384573,0.910235651384573,0.883244815027587,0.9372264877415589
29,0.875601862347685,0.875601862347685,Prostate,Prostate,,29,0.875601862347685,0.875601862347685,0.848611025990699,0.902592698704671
30,0.867826859047636,0.867826859047636,Prostate,Prostate,,30,0.867826859047636,0.867826859047636,0.84083602269065,0.894817695404622
31,0.885855321423151,0.885855321423151,Prostate,Prostate,,31,0.885855321423151,0.885855321423151,0.8588644850661651,0.912846157780137
32,0.847045575536322,0.847045575536322,Prostate,Prostate,,32,0.847045575536322,0.847045575536322,0.820054739179336,0.8740364118933079
33,0.887614887417294,0.887614887417294,Prostate,Prostate,,33,0.887614887417294,0.887614887417294,0.860624051060308,0.91460572377428
34,0.887191048869863,0.887191048869863,Prostate,Prostate,,34,0.887191048869863,0.887191048869863,0.860200212512877,0.914181885226849
35,0.923120339482557,0.923120339482557,Prostate,Prostate,,35,0.923120339482557,0.923120339482557,0.896129503125571,0.950111175839543
36,0.841430115420371,0.841430115420371,Prostate,Prostate,,36,0.841430115420371,0.841430115420371,0.8144392790633851,0.868420951777357
37,0.813743404403795,0.813743404403795,Prostate,Prostate,,37,0.813743404403795,0.813743404403795,0.786752568046809,0.840734240760781
38,0.876502564549446,0.876502564549446,Prostate,Prostate,,38,0.876502564549446,0.876502564549446,0.84951172819246,0.9034934009064319
39,0.878084320481867,0.878084320481867,Prostate,Prostate,,39,0.878084320481867,0.878084320481867,0.8510934841248811,0.905075156838853
40,0.881363312376197,0.881363312376197,Prostate,Prostate,,40,0.881363312376197,0.881363312376197,0.8543724760192111,0.908354148733183
41,0.856587686692365,0.856587686692365,Prostate,Prostate,,41,0.856587686692365,0.856587686692365,0.829596850335379,0.8835785230493509
42,0.815603368624579,0.815603368624579,Prostate,Prostate,,42,0.815603368624579,0.815603368624579,0.7886125322675931,0.842594204981565
43,0.918259380431846,0.918259380431846,Prostate,Prostate,,43,0.918259380431846,0.918259380431846,0.89126854407486,0.9452502167888319
44,0.826030326809268,0.826030326809268,Prostate,Prostate,,44,0.826030326809268,0.826030326809268,0.7990394904522821,0.853021163166254
45,0.845668235362973,0.845668235362973,Prostate,Prostate,,45,0.845668235362973,0.845668235362973,0.818677399005987,0.8726590717199589
46,0.823886438715272,0.823886438715272,Prostate,Prostate,,46,0.823886438715272,0.823886438715272,0.796895602358286,0.850877275072258
47,0.91162044275552,0.91162044275552,Prostate,Prostate,,47,0.91162044275552,0.91162044275552,0.884629606398534,0.938611279112506
48,0.845031938236207,0.845031938236207,Prostate,Prostate,,48,0.845031938236207,0.845031938236207,0.8180411018792211,0.872022774593193
49,0.869586169009563,0.869586169009563,Prostate,Prostate,,49,0.869586169009563,0.869586169009563,0.842595332652577,0.8965770053665489
50,0.841341581498273,0.841341581498273,Prostate,Prostate,,50,0.841341581498273,0.841341581498273,0.814350745141287,0.8683324178552589
51,0.946187466441188,0.946187466441188,Prostate,Prostate,,51,0.946187466441188,0.946187466441188,0.919196630084202,0.973178302798174
52,0.856685972365085,0.856685972365085,Prostate,Prostate,,52,0.856685972365085,0.856685972365085,0.8296951360080991,0.883676808722071
53,0.932554906839505,0.932554906839505,Prostate,Prostate,,53,0.932554906839505,0.932554906839505,0.9055640704825191,0.959545743196491
54,0.832427500956692,0.832427500956692,Prostate,Prostate,,54,0.832427500956692,0.832427500956692,0.8054366645997061,0.859418337313678
55,0.891494617296848,0.891494617296848,Prostate,Prostate,,55,0.891494617296848,0.891494617296848,0.864503780939862,0.9184854536538339
56,0.827138783107512,0.827138783107512,Prostate,Prostate,,56,0.827138783107512,0.827138783107512,0.800147946750526,0.854129619464498
57,0.934972018678673,0.934972018678673,Prostate,Prostate,,57,0.934972018678673,0.934972018678673,0.907981182321687,0.9619628550356589
58,0.820291993790306,0.820291993790306,Prostate,Prostate,,58,0.820291993790306,0.820291993790306,0.7933011574333201,0.847282830147292
59,0.811602611502167,0.811602611502167,Prostate,Prostate,,59,0.811602611502167,0.811602611502167,0.784611775145181,0.8385934478591529
60,0.854688916984014,0.854688916984014,Prostate,Prostate,,60,0.854688916984014,0.854688916984014,0.827698080627028,0.8816797533409999
61,0.946344566566404,0.946344566566404,Prostate,Prostate,,61,0.946344566566404,0.946344566566404,0.919353730209418,0.9733354029233899
62,0.945105861849151,0.945105861849151,Prostate,Prostate,,62,0.945105861849151,0.945105861849151,0.9181150254921651,0.972096698206137
63,0.892322362819687,0.892322362819687,Prostate,Prostate,,63,0.892322362819687,0.892322362819687,0.8653315264627011,0.919313199176673
64,0.841269021143671,0.841269021143671,Prostate,Prostate,,64,0.841269021143671,0.841269021143671,0.814278184786685,0.8682598575006569
65,0.860262155113742,0.860262155113742,Prostate,Prostate,,65,0.860262155113742,0.860262155113742,0.8332713187567561,0.887252991470728
66,0.933509662607685,0.933509662607685,Prostate,Prostate,,66,0.933509662607685,0.933509662607685,0.906518826250699,0.9605004989646709
67,0.924479697190691,0.924479697190691,Prostate,Prostate,,67,0.924479697190691,0.924479697190691,0.897488860833705,0.951470533547677
68,0.920774461806286,0.920774461806286,Prostate,Prostate,,68,0.920774461806286,0.920774461806286,0.8937836254493,0.9477652981632719
69,0.924953762826044,0.924953762826044,Prostate,Prostate,,69,0.924953762826044,0.924953762826044,0.8979629264690581,0.95194459918303
70,0.938698915101122,0.938698915101122,Prostate,Prostate,,70,0.938698915101122,0.938698915101122,0.9117080787441361,0.965689751458108
71,0.930850056372583,0.930850056372583,Prostate,Prostate,,71,0.930850056372583,0.930850056372583,0.903859220015597,0.957840892729569
72,0.910977227275725,0.910977227275725,Prostate,Prostate,,72,0.910977227275725,0.910977227275725,0.8839863909187391,0.937968063632711
73,0.844836045824923,0.844836045824923,Prostate,Prostate,,73,0.844836045824923,0.844836045824923,0.817845209467937,0.871826882181909
74,0.859351672627963,0.859351672627963,Prostate,Prostate,,74,0.859351672627963,0.859351672627963,0.832360836270977,0.8863425089849489
75,0.94249109904049,0.94249109904049,Prostate,Prostate,,75,0.94249109904049,0.94249109904049,0.915500262683504,0.969481935397476
76,0.918868887145072,0.918868887145072,Prostate,Prostate,,76,0.918868887145072,0.918868887145072,0.891878050788086,0.9458597235020579
77,0.859741625271272,0.859741625271272,Prostate,Prostate,,77,0.859741625271272,0.859741625271272,0.832750788914286,0.8867324616282579
78,0.816458478616551,0.816458478616551,Prostate,Prostate,,78,0.816458478616551,0.816458478616551,0.789467642259565,0.8434493149735369
79,0.910628281033132,0.910628281033132,Prostate,Prostate,,79,0.910628281033132,0.910628281033132,0.883637444676146,0.9376191173901179
80,0.887294040352572,0.887294040352572,Prostate,Prostate,,80,0.887294040352572,0.887294040352572,0.860303203995586,0.9142848767095579
81,0.847451930935495,0.847451930935495,Prostate,Prostate,,81,0.847451930935495,0.847451930935495,0.820461094578509,0.8744427672924809
82,0.90935946010286,0.90935946010286,Prostate,Prostate,,82,0.90935946010286,0.90935946010286,0.882368623745874,0.9363502964598459
83,0.870545575825963,0.870545575825963,Prostate,Prostate,,83,0.870545575825963,0.870545575825963,0.8435547394689771,0.897536412182949
84,0.921992575295735,0.921992575295735,Prostate,Prostate,,84,0.921992575295735,0.921992575295735,0.895001738938749,0.9489834116527209
85,0.920557477278635,0.920557477278635,Prostate,Prostate,,85,0.920557477278635,0.920557477278635,0.8935666409216491,0.947548313635621
86,0.84009798981715,0.84009798981715,Prostate,Prostate,,86,0.84009798981715,0.84009798981715,0.813107153460164,0.867088826174136
87,0.938165798364207,0.938165798364207,Prostate,Prostate,,87,0.938165798364207,0.938165798364207,0.911174962007221,0.965156634721193
88,0.830942111660261,0.830942111660261,Prostate,Prostate,,88,0.830942111660261,0.830942111660261,0.803951275303275,0.857932948017247
89,0.881627254909836,0.881627254909836,Prostate,Prostate,,89,0.881627254909836,0.881627254909836,0.85463641855285,0.9086180912668219
90,0.806710619677324,0.806710619677324,Prostate,Prostate,,90,0.806710619677324,0.806710619677324,0.7797197833203381,0.83370145603431
91,0.89057426431682,0.89057426431682,Prostate,Prostate,,91,0.89057426431682,0.89057426431682,0.863583427959834,0.9175651006738059
92,0.922635603684466,0.922635603684466,Prostate,Prostate,,92,0.922635603684466,0.922635603684466,0.89564476732748,0.9496264400414519
93,0.902714520215522,0.902714520215522,Prostate,Prostate,,93,0.902714520215522,0.902714520215522,0.875723683858536,0.929705356572508
94,0.84184594390681,0.84184594390681,Prostate,Prostate,,94,0.84184594390681,0.84184594390681,0.814855107549824,0.868836780263796
95,0.917928367480636,0.917928367480636,Prostate,Prostate,,95,0.917928367480636,0.917928367480636,0.89093753112365,0.944919203837622
96,0.927540746994782,0.927540746994782,Prostate,Prostate,,96,0.927540746994782,0.927540746994782,0.900549910637796,0.9545315833517679
97,0.819802288676146,0.819802288676146,Prostate,Prostate,,97,0.819802288676146,0.819802288676146,0.7928114523191601,0.846793125033132
98,0.822918528981972,0.822918528981972,Prostate,Prostate,,98,0.822918528981972,0.822918528981972,0.7959276926249861,0.849909365338958
99,0.877794954692945,0.877794954692945,Prostate,Prostate,,99,0.877794954692945,0.877794954692945,0.850804118335959,0.904785791049931
100,0.934765675151721,0.934765675151721,Prostate,Prostate,,100,0.934765675151721,0.934765675151721,0.9077748387947351,0.961756511508707
101,0.818491006246768,0.818491006246768,Prostate,Prostate,,101,0.818491006246768,0.818491006246768,0.791500169889782,0.8454818426037539
102,0.810584091837518,0.810584091837518,Prostate,Prostate,,102,0.810584091837518,0.810584091837518,0.783593255480532,0.837574928194504
103,0.939030144794378,0.939030144794378,Prostate,Prostate,,103,0.939030144794378,0.939030144794378,0.912039308437392,0.9660209811513639
104,0.920491389918607,0.920491389918607,Prostate,Prostate,,104,0.920491389918607,0.920491389918607,0.8935005535616211,0.947482226275593
105,0.914200192922726,0.914200192922726,Prostate,Prostate,,105,0.914200192922726,0.914200192922726,0.8872093565657401,0.941191029279712
106,0.915785752912052,0.915785752912052,Prostate,Prostate,,106,0.915785752912052,0.915785752912052,0.888794916555066,0.942776589269038
107,0.887956405582372,0.887956405582372,Prostate,Prostate,,107,0.887956405582372,0.887956405582372,0.860965569225386,0.914947241939358
108,0.87188617385691,0.87188617385691,Prostate,Prostate,,108,0.87188617385691,0.87188617385691,0.8448953374999241,0.898877010213896
109,0.86708971648477,0.86708971648477,Prostate,Prostate,,109,0.86708971648477,0.86708971648477,0.840098880127784,0.8940805528417559
110,0.84189833101118,0.84189833101118,Prostate,Prostate,,110,0.84189833101118,0.84189833101118,0.814907494654194,0.8688891673681659
111,0.921138377010357,0.921138377010357,Prostate,Prostate,,111,0.921138377010357,0.921138377010357,0.894147540653371,0.9481292133673429
112,0.808658040710725,0.808658040710725,Prostate,Prostate,,112,0.808658040710725,0.808658040710725,0.781667204353739,0.835648877067711
113,0.841683230490889,0.841683230490889,Prostate,Prostate,,113,0.841683230490889,0.841683230490889,0.814692394133903,0.868674066847875
114,0.912968742637895,0.912968742637895,Prostate,Prostate,,114,0.912968742637895,0.912968742637895,0.885977906280909,0.9399595789948809
115,0.876242961152457,0.876242961152457,Prostate,Prostate,,115,0.876242961152457,0.876242961152457,0.8492521247954711,0.903233797509443
116,0.826351206493564,0.826351206493564,Prostate,Prostate,,116,0.826351206493564,0.826351206493564,0.799360370136578,0.8533420428505499
117,0.811236339691095,0.811236339691095,Prostate,Prostate,,117,0.811236339691095,0.811236339691095,0.784245503334109,0.838227176048081
118,0.820580546429846,0.820580546429846,Prostate,Prostate,,118,0.820580546429846,0.820580546429846,0.79358971007286,0.847571382786832
119,0.891750736406539,0.891750736406539,Prostate,Prostate,,119,0.891750736406539,0.891750736406539,0.864759900049553,0.918741572763525
120,0.864911885838956,0.864911885838956,Prostate,Prostate,,120,0.864911885838956,0.864911885838956,0.83792104948197,0.8919027221959419
121,0.902013061370235,0.902013061370235,Prostate,Prostate,,121,0.902013061370235,0.902013061370235,0.875022225013249,0.9290038977272209
122,0.816150607995223,0.816150607995223,Prostate,Prostate,,122,0.816150607995223,0.816150607995223,0.789159771638237,0.843141444352209
123,0.945984983094968,0.945984983094968,Prostate,Prostate,,123,0.945984983094968,0.945984983094968,0.9189941467379821,0.972975819451954
124,0.850520831090398,0.850520831090398,Prostate,Prostate,,124,0.850520831090398,0.850520831090398,0.823529994733412,0.877511667447384
125,0.82666563357925,0.82666563357925,Prostate,Prostate,,125,0.82666563357925,0.82666563357925,0.7996747972222641,0.853656469936236
126,0.936342615680769,0.936342615680769,Prostate,Prostate,,126,0.936342615680769,0.936342615680769,0.9093517793237831,0.963333452037755
127,0.92198905342957,0.92198905342957,Prostate,Prostate,,127,0.92198905342957,0.92198905342957,0.8949982170725841,0.948979889786556
128,0.826361289608758,0.826361289608758,Prostate,Prostate,,128,0.826361289608758,0.826361289608758,0.799370453251772,0.853352125965744
129,0.801456030458212,0.801456030458212,Prostate,Prostate,,129,0.801456030458212,0.801456030458212,0.774465194101226,0.828446866815198
130,0.899702023738064,0.899702023738064,Prostate,Prostate,,130,0.899702023738064,0.899702023738064,0.872711187381078,0.9266928600950499
131,0.930921558267437,0.930921558267437,Prostate,Prostate,,131,0.930921558267437,0.930921558267437,0.9039307219104511,0.957912394624423
132,0.8300467115012,0.8300467115012,Prostate,Prostate,,132,0.8300467115012,0.8300467115012,0.8030558751442141,0.857037547858186
133,0.847922548919451,0.847922548919451,Prostate,Prostate,,133,0.847922548919451,0.847922548919451,0.820931712562465,0.8749133852764369
134,0.860965466324706,0.860965466324706,Prostate,Prostate,,134,0.860965466324706,0.860965466324706,0.8339746299677201,0.887956302681692
135,0.949464488239028,0.949464488239028,Prostate,Prostate,,135,0.949464488239028,0.949464488239028,0.922473651882042,0.9764553245960139
136,0.895577533799224,0.895577533799224,Prostate,Prostate,,136,0.895577533799224,0.895577533799224,0.868586697442238,0.92256837015621
137,0.848432024009526,0.848432024009526,Prostate,Prostate,,137,0.848432024009526,0.848432024009526,0.82144118765254,0.875422860366512
138,0.939318236079998,0.939318236079998,Prostate,Prostate,,138,0.939318236079998,0.939318236079998,0.912327399723012,0.9663090724369839
139,0.838398342835717,0.838398342835717,Prostate,Prostate,,139,0.838398342835717,0.838398342835717,0.811407506478731,0.865389179192703
140,0.901413196953945,0.901413196953945,Prostate,Prostate,,140,0.901413196953945,0.901413196953945,0.874422360596959,0.9284040333109309
141,0.924287667090539,0.924287667090539,Prostate,Prostate,,141,0.924287667090539,0.924287667090539,0.897296830733553,0.951278503447525
142,0.930928600463085,0.930928600463085,Prostate,Prostate,,142,0.930928600463085,0.930928600463085,0.903937764106099,0.957919436820071
143,0.848940797918476,0.848940797918476,Prostate,Prostate,,143,0.848940797918476,0.848940797918476,0.82194996156149,0.875931634275462
144,0.887631140416488,0.887631140416488,Prostate,Prostate,,144,0.887631140416488,0.887631140416488,0.8606403040595021,0.914621976773474
145,0.890928497898858,0.890928497898858,Prostate,Prostate,,145,0.890928497898858,0.890928497898858,0.863937661541872,0.9179193342558439
146,0.829297358985059,0.829297358985059,Prostate,Prostate,,146,0.829297358985059,0.829297358985059,0.802306522628073,0.8562881953420449
147,0.826120031508617,0.826120031508617,Prostate,Prostate,,147,0.826120031508617,0.826120031508617,0.799129195151631,0.853110867865603
148,0.874910374300089,0.874910374300089,Prostate,Prostate,,148,0.874910374300089,0.874910374300089,0.847919537943103,0.901901210657075
149,0.846143612940796,0.846143612940796,Prostate,Prostate,,149,0.846143612940796,0.846143612940796,0.81915277658381,0.873134449297782
150,0.912373723939527,0.912373723939527,Prostate,Prostate,,150,0.912373723939527,0.912373723939527,0.885382887582541,0.9393645602965129
151,0.936206010670867,0.936206010670867,Prostate,Prostate,,151,0.936206010670867,0.936206010670867,0.909215174313881,0.9631968470278529
152,0.846708913252223,0.846708913252223,Prostate,Prostate,,152,0.846708913252223,0.846708913252223,0.819718076895237,0.8736997496092089
153,0.882794375624508,0.882794375624508,Prostate,Prostate,,153,0.882794375624508,0.882794375624508,0.8558035392675221,0.909785211981494
154,0.858990421821363,0.858990421821363,Prostate,Prostate,,154,0.858990421821363,0.858990421821363,0.831999585464377,0.8859812581783489
155,0.866294876427855,0.866294876427855,Prostate,Prostate,,155,0.866294876427855,0.866294876427855,0.839304040070869,0.8932857127848409
156,0.862116921087727,0.862116921087727,Prostate,Prostate,,156,0.862116921087727,0.862116921087727,0.835126084730741,0.8891077574447129
157,0.905759172467515,0.905759172467515,Prostate,Prostate,,157,0.905759172467515,0.905759172467515,0.8787683361105291,0.932750008824501
158,0.842258974025026,0.842258974025026,Prostate,Prostate,,158,0.842258974025026,0.842258974025026,0.8152681376680401,0.869249810382012
159,0.827569562743884,0.827569562743884,Prostate,Prostate,,159,0.827569562743884,0.827569562743884,0.8005787263868981,0.85456039910087
160,0.89361029798165,0.89361029798165,Prostate,Prostate,,160,0.89361029798165,0.89361029798165,0.8666194616246641,0.920601134338636
161,0.840083767753094,0.840083767753094,Prostate,Prostate,,161,0.840083767753094,0.840083767753094,0.813092931396108,0.86707460411008
162,0.904988910036627,0.904988910036627,Prostate,Prostate,,162,0.904988910036627,0.904988910036627,0.877998073679641,0.9319797463936129
163,0.852182311879005,0.852182311879005,Prostate,Prostate,,163,0.852182311879005,0.852182311879005,0.825191475522019,0.8791731482359909
164,0.865996437054127,0.865996437054127,Prostate,Prostate,,164,0.865996437054127,0.865996437054127,0.839005600697141,0.892987273411113
165,0.900797830172814,0.900797830172814,Prostate,Prostate,,165,0.900797830172814,0.900797830172814,0.873806993815828,0.9277886665298
166,0.906686666270252,0.906686666270252,Prostate,Prostate,,166,0.906686666270252,0.906686666270252,0.879695829913266,0.9336775026272379
167,0.892682306573261,0.892682306573261,Prostate,Prostate,,167,0.892682306573261,0.892682306573261,0.865691470216275,0.9196731429302469
168,0.8159192318446,0.8159192318446,Prostate,Prostate,,168,0.8159192318446,0.8159192318446,0.7889283954876141,0.842910068201586
169,0.804553041630425,0.804553041630425,Prostate,Prostate,,169,0.804553041630425,0.804553041630425,0.777562205273439,0.8315438779874109
170,0.942213018122129,0.942213018122129,Prostate,Prostate,,170,0.942213018122129,0.942213018122129,0.915222181765143,0.969203854479115
171,0.891676880035084,0.891676880035084,Prostate,Prostate,,171,0.891676880035084,0.891676880035084,0.8646860436780981,0.91866771639207
172,0.856816545757465,0.856816545757465,Prostate,Prostate,,172,0.856816545757465,0.856816545757465,0.8298257094004791,0.883807382114451
173,0.903268850501627,0.903268850501627,Prostate,Prostate,,173,0.903268850501627,0.903268850501627,0.876278014144641,0.9302596868586129
174,0.943751896638423,0.943751896638423,Prostate,Prostate,,174,0.943751896638423,0.943751896638423,0.916761060281437,0.9707427329954089
175,0.80331309963949,0.80331309963949,Prostate,Prostate,,175,0.80331309963949,0.80331309963949,0.7763222632825041,0.830303935996476
176,0.876163308275864,0.876163308275864,Prostate,Prostate,,176,0.876163308275864,0.876163308275864,0.849172471918878,0.9031541446328499
177,0.826928904757369,0.826928904757369,Prostate,Prostate,,177,0.826928904757369,0.826928904757369,0.7999380684003831,0.853919741114355
178,0.870293470704928,0.870293470704928,Prostate,Prostate,,178,0.870293470704928,0.870293470704928,0.8433026343479421,0.897284307061914
179,0.916567269549705,0.916567269549705,Prostate,Prostate,,179,0.916567269549705,0.916567269549705,0.8895764331927191,0.943558105906691
180,0.82835901704384,0.82835901704384,Prostate,Prostate,,180,0.82835901704384,0.82835901704384,0.801368180686854,0.8553498534008259
181,0.896366388478782,0.896366388478782,Prostate,Prostate,,181,0.896366388478782,0.896366388478782,0.8693755521217961,0.923357224835768
182,0.855131812940817,0.855131812940817,Prostate,Prostate,,182,0.855131812940817,0.855131812940817,0.828140976583831,0.8821226492978029
183,0.833400415210053,0.833400415210053,Prostate,Prostate,,183,0.833400415210053,0.833400415210053,0.8064095788530671,0.860391251567039
184,0.909118466591462,0.909118466591462,Prostate,Prostate,,184,0.909118466591462,0.909118466591462,0.882127630234476,0.936109302948448
185,0.875825331814121,0.875825331814121,Prostate,Prostate,,185,0.875825331814121,0.875825331814121,0.8488344954571351,0.902816168171107
186,0.85346527073998,0.85346527073998,Prostate,Prostate,,186,0.85346527073998,0.85346527073998,0.8264744343829941,0.880456107096966
187,0.865124906948768,0.865124906948768,Prostate,Prostate,,187,0.865124906948768,0.865124906948768,0.838134070591782,0.8921157433057539
188,0.81056161429733,0.81056161429733,Prostate,Prostate,,188,0.81056161429733,0.81056161429733,0.783570777940344,0.8375524506543159
189,0.808062700496521,0.808062700496521,Prostate,Prostate,,189,0.808062700496521,0.808062700496521,0.781071864139535,0.8350535368535069
190,0.809975854598451,0.809975854598451,Prostate,Prostate,,190,0.809975854598451,0.809975854598451,0.782985018241465,0.836966690955437
191,0.889720929856412,0.889720929856412,Prostate,Prostate,,191,0.889720929856412,0.889720929856412,0.8627300934994261,0.916711766213398
192,0.904131753533147,0.904131753533147,Prostate,Prostate,,192,0.904131753533147,0.904131753533147,0.877140917176161,0.931122589890133
193,0.886808670533355,0.886808670533355,Prostate,Prostate,,193,0.886808670533355,0.886808670533355,0.859817834176369,0.913799506890341
194,0.915700096113142,0.915700096113142,Prostate,Prostate,,194,0.915700096113142,0.915700096113142,0.888709259756156,0.9426909324701279
195,0.80400615464896,0.80400615464896,Prostate,Prostate,,195,0.80400615464896,0.80400615464896,0.777015318291974,0.8309969910059459
196,0.813248110550921,0.813248110550921,Prostate,Prostate,,196,0.813248110550921,0.813248110550921,0.7862572741939351,0.840238946907907
197,0.920254895777907,0.920254895777907,Prostate,Prostate,,197,0.920254895777907,0.920254895777907,0.893264059420921,0.9472457321348929
198,0.910626244195737,0.910626244195737,Prostate,Prostate,,198,0.910626244195737,0.910626244195737,0.883635407838751,0.937617080552723
199,0.874157230753917,0.874157230753917,Prostate,Prostate,,199,0.874157230753917,0.874157230753917,0.8471663943969311,0.901148067110903
200,0.854985163512174,0.854985163512174,Prostate,Prostate,,200,0.854985163512174,0.854985163512174,0.8279943271551881,0.88197599986916
201,0.86658371691592,0.86658371691592,Prostate,Prostate,,201,0.86658371691592,0.86658371691592,0.839592880558934,0.8935745532729059
202,0.936419602273963,0.936419602273963,Prostate,Prostate,,202,0.936419602273963,0.936419602273963,0.9094287659169771,0.963410438630949
203,0.865054339880589,0.865054339880589,Prostate,Prostate,,203,0.865054339880589,0.865054339880589,0.838063503523603,0.892045176237575
204,0.810015297145583,0.810015297145583,Prostate,Prostate,,204,0.810015297145583,0.810015297145583,0.783024460788597,0.8370061335025689
205,0.928269603312947,0.928269603312947,Prostate,Prostate,,205,0.928269603312947,0.928269603312947,0.901278766955961,0.9552604396699329
206,0.851491839264054,0.851491839264054,Prostate,Prostate,,206,0.851491839264054,0.851491839264054,0.8245010029070681,0.87848267562104
207,0.807393926219083,0.807393926219083,Prostate,Prostate,,207,0.807393926219083,0.807393926219083,0.780403089862097,0.834384762576069
208,0.875500670738984,0.875500670738984,Prostate,Prostate,,208,0.875500670738984,0.875500670738984,0.848509834381998,0.9024915070959699
209,0.896566818747669,0.896566818747669,Prostate,Prostate,,209,0.896566818747669,0.896566818747669,0.869575982390683,0.9235576551046549
210,0.810736215661746,0.810736215661746,Prostate,Prostate,,210,0.810736215661746,0.810736215661746,0.7837453793047601,0.837727052018732
211,0.83203523728298,0.83203523728298,Prostate,Prostate,,211,0.83203523728298,0.83203523728298,0.805044400925994,0.859026073639966
212,0.85297528343508,0.85297528343508,Prostate,Prostate,,212,0.85297528343508,0.85297528343508,0.825984447078094,0.879966119792066
213,0.866141021426301,0.866141021426301,Prostate,Prostate,,213,0.866141021426301,0.866141021426301,0.839150185069315,0.893131857783287
214,0.82809992833063,0.82809992833063,Prostate,Prostate,,214,0.82809992833063,0.82809992833063,0.801109091973644,0.8550907646876159
215,0.932773569773417,0.932773569773417,Prostate,Prostate,,215,0.932773569773417,0.932773569773417,0.905782733416431,0.9597644061304029
216,0.855254559556488,0.855254559556488,Prostate,Prostate,,216,0.855254559556488,0.855254559556488,0.828263723199502,0.882245395913474
217,0.819826078088954,0.819826078088954,Prostate,Prostate,,217,0.819826078088954,0.819826078088954,0.7928352417319681,0.84681691444594
218,0.713392109889537,0.713392109889537,Prostate,Prostate,,218,0.713392109889537,0.713392109889537,0.6864012735325511,0.740382946246523
219,0.73790804259479,0.73790804259479,Prostate,Prostate,,219,0.73790804259479,0.73790804259479,0.7109172062378041,0.764898878951776
220,0.752278239792213,0.752278239792213,Prostate,Prostate,,220,0.752278239792213,0.752278239792213,0.725287403435227,0.7792690761491989
221,0.709892129059881,0.709892129059881,Prostate,Prostate,,221,0.709892129059881,0.709892129059881,0.682901292702895,0.7368829654168669
222,0.630036386568099,0.630036386568099,Prostate,Prostate,,222,0.630036386568099,0.630036386568099,0.6030455502111131,0.657027222925085
223,0.788158496562392,0.788158496562392,Prostate,Prostate,,223,0.788158496562392,0.788158496562392,0.761167660205406,0.815149332919378
224,0.739810141408816,0.739810141408816,Prostate,Prostate,,224,0.739810141408816,0.739810141408816,0.71281930505183,0.7668009777658019
225,0.718033132655546,0.718033132655546,Prostate,Prostate,,225,0.718033132655546,0.718033132655546,0.6910422962985601,0.745023969012532
226,0.649865141604096,0.649865141604096,Prostate,Prostate,,226,0.649865141604096,0.649865141604096,0.6228743052471101,0.676855977961082
227,0.654789328854531,0.654789328854531,Prostate,Prostate,,227,0.654789328854531,0.654789328854531,0.627798492497545,0.681780165211517
228,0.79816546975635,0.79816546975635,Prostate,Prostate,,228,0.79816546975635,0.79816546975635,0.7711746333993641,0.825156306113336
229,0.656365159526467,0.656365159526467,Prostate,Prostate,,229,0.656365159526467,0.656365159526467,0.629374323169481,0.683355995883453
230,0.68629516097717,0.68629516097717,Prostate,Prostate,,230,0.68629516097717,0.68629516097717,0.6593043246201841,0.713285997334156
231,0.662987350206822,0.662987350206822,Prostate,Prostate,,231,0.662987350206822,0.662987350206822,0.635996513849836,0.6899781865638079
232,0.685962197231129,0.685962197231129,Prostate,Prostate,,232,0.685962197231129,0.685962197231129,0.658971360874143,0.7129530335881149
233,0.698140227561817,0.698140227561817,Prostate,Prostate,,233,0.698140227561817,0.698140227561817,0.6711493912048311,0.725131063918803
234,0.640007078181952,0.640007078181952,Prostate,Prostate,,234,0.640007078181952,0.640007078181952,0.6130162418249661,0.666997914538938
235,0.607273763045669,0.607273763045669,Prostate,Prostate,,235,0.607273763045669,0.607273763045669,0.5802829266886831,0.634264599402655
236,0.799625921528786,0.799625921528786,Prostate,Prostate,,236,0.799625921528786,0.799625921528786,0.7726350851718,0.8266167578857719
237,0.737187677575275,0.737187677575275,Prostate,Prostate,,237,0.737187677575275,0.737187677575275,0.7101968412182891,0.764178513932261
238,0.776925690891221,0.776925690891221,Prostate,Prostate,,238,0.776925690891221,0.776925690891221,0.749934854534235,0.803916527248207
239,0.619630273291841,0.619630273291841,Prostate,Prostate,,239,0.619630273291841,0.619630273291841,0.592639436934855,0.6466211096488269
240,0.794916469464079,0.794916469464079,Prostate,Prostate,,240,0.794916469464079,0.794916469464079,0.767925633107093,0.821907305821065
241,0.78522355267778,0.78522355267778,Prostate,Prostate,,241,0.78522355267778,0.78522355267778,0.758232716320794,0.812214389034766
242,0.730080106947571,0.730080106947571,Prostate,Prostate,,242,0.730080106947571,0.730080106947571,0.703089270590585,0.7570709433045569
243,0.764972493192181,0.764972493192181,Prostate,Prostate,,243,0.764972493192181,0.764972493192181,0.737981656835195,0.7919633295491669
244,0.695363478548825,0.695363478548825,Prostate,Prostate,,244,0.695363478548825,0.695363478548825,0.668372642191839,0.7223543149058109
245,0.629297256981954,0.629297256981954,Prostate,Prostate,,245,0.629297256981954,0.629297256981954,0.6023064206249681,0.65628809333894
246,0.742034826381132,0.742034826381132,Prostate,Prostate,,246,0.742034826381132,0.742034826381132,0.7150439900241461,0.769025662738118
247,0.720127399684861,0.720127399684861,Prostate,Prostate,,247,0.720127399684861,0.720127399684861,0.693136563327875,0.7471182360418469
248,0.711490887310356,0.711490887310356,Prostate,Prostate,,248,0.711490887310356,0.711490887310356,0.6845000509533701,0.738481723667342
249,0.600064688222483,0.600064688222483,Prostate,Prostate,,249,0.600064688222483,0.600064688222483,0.5730738518654971,0.627055524579469
250,0.729809768078849,0.729809768078849,Prostate,Prostate,,250,0.729809768078849,0.729809768078849,0.702818931721863,0.756800604435835
251,0.7515582208056,0.7515582208056,Prostate,Prostate,,251,0.7515582208056,0.7515582208056,0.724567384448614,0.7785490571625859
252,0.662947751162574,0.662947751162574,Prostate,Prostate,,252,0.662947751162574,0.662947751162574,0.635956914805588,0.6899385875195599
253,0.688409493863583,0.688409493863583,Prostate,Prostate,,253,0.688409493863583,0.688409493863583,0.661418657506597,0.7154003302205689
254,0.674264236306772,0.674264236306772,Prostate,Prostate,,254,0.674264236306772,0.674264236306772,0.647273399949786,0.701255072663758
255,0.704637998482212,0.704637998482212,Prostate,Prostate,,255,0.704637998482212,0.704637998482212,0.677647162125226,0.7316288348391979
256,0.796467241924256,0.796467241924256,Prostate,Prostate,,256,0.796467241924256,0.796467241924256,0.76947640556727,0.823458078281242
257,0.74609841471538,0.74609841471538,Prostate,Prostate,,257,0.74609841471538,0.74609841471538,0.719107578358394,0.7730892510723659
258,0.732925898442045,0.732925898442045,Prostate,Prostate,,258,0.732925898442045,0.732925898442045,0.7059350620850591,0.759916734799031
259,0.66782392160967,0.66782392160967,Prostate,Prostate,,259,0.66782392160967,0.66782392160967,0.640833085252684,0.6948147579666559
260,0.669315512850881,0.669315512850881,Prostate,Prostate,,260,0.669315512850881,0.669315512850881,0.642324676493895,0.6963063492078669
261,0.743224508827552,0.743224508827552,Prostate,Prostate,,261,0.743224508827552,0.743224508827552,0.716233672470566,0.7702153451845379
262,0.676008433522657,0.676008433522657,Prostate,Prostate,,262,0.676008433522657,0.676008433522657,0.6490175971656711,0.702999269879643
263,0.676706916745752,0.676706916745752,Prostate,Prostate,,263,0.676706916745752,0.676706916745752,0.649716080388766,0.703697753102738
264,0.726579877361655,0.726579877361655,Prostate,Prostate,,264,0.726579877361655,0.726579877361655,0.699589041004669,0.7535707137186409
265,0.631540827825665,0.631540827825665,Prostate,Prostate,,265,0.631540827825665,0.631540827825665,0.604549991468679,0.658531664182651
266,0.613943903008476,0.613943903008476,Prostate,Prostate,,266,0.613943903008476,0.613943903008476,0.58695306665149,0.640934739365462
267,0.612324576685205,0.612324576685205,Prostate,Prostate,,267,0.612324576685205,0.612324576685205,0.585333740328219,0.639315413042191
268,0.704694366501644,0.704694366501644,Prostate,Prostate,,268,0.704694366501644,0.704694366501644,0.677703530144658,0.7316852028586299
269,0.64772792137228,0.64772792137228,Prostate,Prostate,,269,0.64772792137228,0.64772792137228,0.620737085015294,0.6747187577292659
270,0.693208484956995,0.693208484956995,Prostate,Prostate,,270,0.693208484956995,0.693208484956995,0.6662176486000091,0.720199321313981
271,0.74441054626368,0.74441054626368,Prostate,Prostate,,271,0.74441054626368,0.74441054626368,0.717419709906694,0.7714013826206659
272,0.717808699328452,0.717808699328452,Prostate,Prostate,,272,0.717808699328452,0.717808699328452,0.6908178629714661,0.744799535685438
273,0.795550426514819,0.795550426514819,Prostate,Prostate,,273,0.795550426514819,0.795550426514819,0.768559590157833,0.822541262871805
274,0.753286173613742,0.753286173613742,Prostate,Prostate,,274,0.753286173613742,0.753286173613742,0.726295337256756,0.7802770099707279
275,0.660835600690916,0.660835600690916,Prostate,Prostate,,275,0.660835600690916,0.660835600690916,0.63384476433393,0.6878264370479019
276,0.794049385888502,0.794049385888502,Prostate,Prostate,,276,0.794049385888502,0.794049385888502,0.7670585495315161,0.821040222245488
277,0.601096226833761,0.601096226833761,Prostate,Prostate,,277,0.601096226833761,0.601096226833761,0.574105390476775,0.6280870631907469
278,0.790278919087723,0.790278919087723,Prostate,Prostate,,278,0.790278919087723,0.790278919087723,0.763288082730737,0.8172697554447089
279,0.791533351643011,0.791533351643011,Prostate,Prostate,,279,0.791533351643011,0.791533351643011,0.764542515286025,0.8185241879999969
280,0.705407360009849,0.705407360009849,Prostate,Prostate,,280,0.705407360009849,0.705407360009849,0.6784165236528631,0.732398196366835
281,0.644700577156618,0.644700577156618,Prostate,Prostate,,281,0.644700577156618,0.644700577156618,0.617709740799632,0.671691413513604
282,0.666886897338554,0.666886897338554,Prostate,Prostate,,282,0.666886897338554,0.666886897338554,0.639896060981568,0.69387773369554
283,0.66257040342316,0.66257040342316,Prostate,Prostate,,283,0.66257040342316,0.66257040342316,0.635579567066174,0.6895612397801459
284,0.758770064404234,0.758770064404234,Prostate,Prostate,,284,0.758770064404234,0.758770064404234,0.731779228047248,0.78576090076122
285,0.777557074883953,0.777557074883953,Prostate,Prostate,,285,0.777557074883953,0.777557074883953,0.750566238526967,0.8045479112409389
286,0.791900199186057,0.791900199186057,Prostate,Prostate,,286,0.791900199186057,0.791900199186057,0.7649093628290711,0.818891035543043
287,0.716578057361767,0.716578057361767,Prostate,Prostate,,287,0.716578057361767,0.716578057361767,0.6895872210047811,0.743568893718753
288,0.745495030935854,0.745495030935854,Prostate,Prostate,,288,0.745495030935854,0.745495030935854,0.718504194578868,0.77248586729284
289,0.697778382850811,0.697778382850811,Prostate,Prostate,,289,0.697778382850811,0.697778382850811,0.670787546493825,0.7247692192077969
290,0.726404704619199,0.726404704619199,Prostate,Prostate,,290,0.726404704619199,0.726404704619199,0.6994138682622131,0.753395540976185
291,0.633644744986668,0.633644744986668,Prostate,Prostate,,291,0.633644744986668,0.633644744986668,0.606653908629682,0.660635581343654
292,0.63266765512526,0.63266765512526,Prostate,Prostate,,292,0.63266765512526,0.63266765512526,0.6056768187682741,0.659658491482246
293,0.631679723411798,0.631679723411798,Prostate,Prostate,,293,0.631679723411798,0.631679723411798,0.604688887054812,0.658670559768784
294,0.796291058277711,0.796291058277711,Prostate,Prostate,,294,0.796291058277711,0.796291058277711,0.769300221920725,0.8232818946346969
295,0.540317245689221,0.540317245689221,Prostate,Prostate,,295,0.540317245689221,0.540317245689221,0.5133264093322351,0.567308082046207
296,0.616237160563469,0.616237160563469,Prostate,Prostate,,296,0.616237160563469,0.616237160563469,0.589246324206483,0.643227996920455
297,0.465884299995378,0.465884299995378,Prostate,Prostate,,297,0.465884299995378,0.465884299995378,0.438893463638392,0.492875136352364
298,0.597241881408263,0.597241881408263,Prostate,Prostate,,298,0.597241881408263,0.597241881408263,0.570251045051277,0.6242327177652489
299,0.555005904857535,0.555005904857535,Prostate,Prostate,,299,0.555005904857535,0.555005904857535,0.528015068500549,0.5819967412145209
300,0.481115613819566,0.481115613819566,Prostate,Prostate,,300,0.481115613819566,0.481115613819566,0.45412477746258,0.508106450176552
301,0.469499591726344,0.469499591726344,Prostate,Prostate,,301,0.469499591726344,0.469499591726344,0.44250875536935796,0.49649042808333
302,0.62558613588335,0.62558613588335,Prostate,Prostate,,302,0.62558613588335,0.62558613588335,0.598595299526364,0.652576972240336
303,0.615579574648291,0.615579574648291,Prostate,Prostate,,303,0.615579574648291,0.615579574648291,0.5885887382913051,0.642570411005277
304,0.590920730889775,0.590920730889775,Prostate,Prostate,,304,0.590920730889775,0.590920730889775,0.5639298945327891,0.617911567246761
305,0.677304007916246,0.677304007916246,Prostate,Prostate,,305,0.677304007916246,0.677304007916246,0.65031317155926,0.704294844273232
306,0.607671597495209,0.607671597495209,Prostate,Prostate,,306,0.607671597495209,0.607671597495209,0.5806807611382231,0.634662433852195
307,0.591544320329558,0.591544320329558,Prostate,Prostate,,307,0.591544320329558,0.591544320329558,0.564553483972572,0.6185351566865439
308,0.61221640369622,0.61221640369622,Prostate,Prostate,,308,0.61221640369622,0.61221640369622,0.585225567339234,0.639207240053206
309,0.61939007898327,0.61939007898327,Prostate,Prostate,,309,0.61939007898327,0.61939007898327,0.5923992426262841,0.646380915340256
310,0.660269258590415,0.660269258590415,Prostate,Prostate,,310,0.660269258590415,0.660269258590415,0.633278422233429,0.6872600949474009
311,0.517081536690239,0.517081536690239,Prostate,Prostate,,311,0.517081536690239,0.517081536690239,0.490090700333253,0.544072373047225
312,0.660929173219483,0.660929173219483,Prostate,Prostate,,312,0.660929173219483,0.660929173219483,0.633938336862497,0.6879200095764689
313,0.49476637620246,0.49476637620246,Prostate,Prostate,,313,0.49476637620246,0.49476637620246,0.467775539845474,0.521757212559446
314,0.46703947300557,0.46703947300557,Prostate,Prostate,,314,0.46703947300557,0.46703947300557,0.440048636648584,0.49403030936255604
315,0.694448228366673,0.694448228366673,Prostate,Prostate,,315,0.694448228366673,0.694448228366673,0.667457392009687,0.7214390647236589
316,0.451324381725863,0.451324381725863,Prostate,Prostate,,316,0.451324381725863,0.451324381725863,0.42433354536887696,0.478315218082849
317,0.621083972777706,0.621083972777706,Prostate,Prostate,,317,0.621083972777706,0.621083972777706,0.59409313642072,0.648074809134692
318,0.301548295293469,0.301548295293469,Prostate,Prostate,,318,0.301548295293469,0.301548295293469,0.274557458936483,0.328539131650455
319,0.473366453032941,0.473366453032941,Prostate,Prostate,,319,0.473366453032941,0.473366453032941,0.446375616675955,0.500357289389927
320,0.674833818047773,0.674833818047773,Prostate,Prostate,,320,0.674833818047773,0.674833818047773,0.647842981690787,0.7018246544047589
321,0.409709826132748,0.409709826132748,Prostate,Prostate,,321,0.409709826132748,0.409709826132748,0.38271898977576196,0.436700662489734
322,0.340456174407154,0.340456174407154,Prostate,Prostate,,322,0.340456174407154,0.340456174407154,0.31346533805016796,0.36744701076414
323,0.41455153479008,0.41455153479008,Prostate,Prostate,,323,0.41455153479008,0.41455153479008,0.387560698433094,0.441542371147066
324,0.315109816044569,0.315109816044569,Prostate,Prostate,,324,0.315109816044569,0.315109816044569,0.288118979687583,0.342100652401555
325,0.414267314744648,0.414267314744648,Prostate,Prostate,,325,0.414267314744648,0.414267314744648,0.387276478387662,0.441258151101634
326,0.363551374108065,0.363551374108065,Prostate,Prostate,,326,0.363551374108065,0.363551374108065,0.33656053775107897,0.390542210465051
327,0.372544379823376,0.372544379823376,Prostate,Prostate,,327,0.372544379823376,0.372544379823376,0.34555354346639,0.39953521618036203
328,0.426680300629232,0.426680300629232,Prostate,Prostate,,328,0.426680300629232,0.426680300629232,0.399689464272246,0.453671136986218
329,0.381707986325491,0.381707986325491,Prostate,Prostate,,329,0.381707986325491,0.381707986325491,0.354717149968505,0.40869882268247704
330,0.347543563561048,0.347543563561048,Prostate,Prostate,,330,0.347543563561048,0.347543563561048,0.32055272720406197,0.374534399918034
331,0.490069370162673,0.490069370162673,Prostate,Prostate,,331,0.490069370162673,0.490069370162673,0.463078533805687,0.517060206519659
332,0.353094267048873,0.353094267048873,Prostate,Prostate,,332,0.353094267048873,0.353094267048873,0.32610343069188696,0.380085103405859
333,0.499218558259308,0.499218558259308,Prostate,Prostate,,333,0.499218558259308,0.499218558259308,0.472227721902322,0.526209394616294
334,0.495207510539331,0.495207510539331,Prostate,Prostate,,334,0.495207510539331,0.495207510539331,0.46821667418234497,0.522198346896317
335,0.371049886974506,0.371049886974506,Prostate,Prostate,,335,0.371049886974506,0.371049886974506,0.34405905061752,0.39804072333149204
336,0.396967194294557,0.396967194294557,Prostate,Prostate,,336,0.396967194294557,0.396967194294557,0.369976357937571,0.423958030651543
337,0.405846569130663,0.405846569130663,Prostate,Prostate,,337,0.405846569130663,0.405846569130663,0.378855732773677,0.43283740548764904
338,0.271679768979084,0.271679768979084,Prostate,Prostate,,338,0.271679768979084,0.271679768979084,0.244688932622098,0.29867060533607004
339,0.408032068959437,0.408032068959437,Prostate,Prostate,,339,0.408032068959437,0.408032068959437,0.381041232602451,0.435022905316423
340,0.363144953998271,0.363144953998271,Prostate,Prostate,,340,0.363144953998271,0.363144953998271,0.336154117641285,0.39013579035525703
341,0.424037289831322,0.424037289831322,Prostate,Prostate,,341,0.424037289831322,0.424037289831322,0.397046453474336,0.451028126188308
342,0.275798141406849,0.275798141406849,Prostate,Prostate,,342,0.275798141406849,0.275798141406849,0.24880730504986298,0.302788977763835
343,0.477747045238502,0.477747045238502,Prostate,Prostate,,343,0.477747045238502,0.477747045238502,0.45075620888151596,0.5047378815954879
344,0.415342840419617,0.415342840419617,Prostate,Prostate,,344,0.415342840419617,0.415342840419617,0.388352004062631,0.442333676776603
345,0.444121153287124,0.444121153287124,Prostate,Prostate,,345,0.444121153287124,0.444121153287124,0.41713031693013797,0.47111198964411
346,0.403934609983116,0.403934609983116,Prostate,Prostate,,346,0.403934609983116,0.403934609983116,0.37694377362612996,0.430925446340102
347,0.464179748520255,0.464179748520255,Prostate,Prostate,,347,0.464179748520255,0.464179748520255,0.437188912163269,0.491170584877241
348,0.378112242619973,0.378112242619973,Prostate,Prostate,,348,0.378112242619973,0.378112242619973,0.351121406262987,0.405103078976959
349,0.330296841003001,0.330296841003001,Prostate,Prostate,,349,0.330296841003001,0.330296841003001,0.303306004646015,0.357287677359987
350,0.486508730507921,0.486508730507921,Prostate,Prostate,,350,0.486508730507921,0.486508730507921,0.45951789415093497,0.5134995668649069
351,0.340992483173031,0.340992483173031,Prostate,Prostate,,351,0.340992483173031,0.340992483173031,0.314001646816045,0.367983319530017
352,0.494992437534966,0.494992437534966,Prostate,Prostate,,352,0.494992437534966,0.494992437534966,0.46800160117798,0.521983273891952
353,0.308786458971445,0.308786458971445,Prostate,Prostate,,353,0.308786458971445,0.308786458971445,0.281795622614459,0.33577729532843104
354,0.433450081301853,0.433450081301853,Prostate,Prostate,,354,0.433450081301853,0.433450081301853,0.40645924494486696,0.460440917658839
355,0.340246382392943,0.340246382392943,Prostate,Prostate,,355,0.340246382392943,0.340246382392943,0.313255546035957,0.36723721874992904
356,0.421158089512028,0.421158089512028,Prostate,Prostate,,356,0.421158089512028,0.421158089512028,0.394167253155042,0.448148925869014
357,0.273885882962495,0.273885882962495,Prostate,Prostate,,357,0.273885882962495,0.273885882962495,0.24689504660550898,0.300876719319481
358,0.284737938854378,0.284737938854378,Prostate,Prostate,,358,0.284737938854378,0.284737938854378,0.25774710249739197,0.311728775211364
359,0.650577593643684,0.650577593643684,Lung,Lung,,359,0.650577593643684,0.650577593643684,0.623586757286698,0.6775684300006699
360,0.675834500207566,0.675834500207566,Lung,Lung,,360,0.675834500207566,0.675834500207566,0.64884366385058,0.7028253365645519
361,0.615491712223738,0.615491712223738,Lung,Lung,,361,0.615491712223738,0.615491712223738,0.588500875866752,0.642482548580724
362,0.623725697649643,0.623725697649643,Lung,Lung,,362,0.623725697649643,0.623725697649643,0.5967348612926571,0.650716534006629
363,0.690742669522297,0.690742669522297,Lung,Lung,,363,0.690742669522297,0.690742669522297,0.6637518331653111,0.717733505879283
364,0.666998843548354,0.666998843548354,Lung,Lung,,364,0.666998843548354,0.666998843548354,0.6400080071913681,0.69398967990534
365,0.662817789004184,0.662817789004184,Lung,Lung,,365,0.662817789004184,0.662817789004184,0.635826952647198,0.6898086253611699
366,0.671713783892337,0.671713783892337,Lung,Lung,,366,0.671713783892337,0.671713783892337,0.6447229475353511,0.698704620249323
367,0.608523327182047,0.608523327182047,Lung,Lung,,367,0.608523327182047,0.608523327182047,0.5815324908250611,0.635514163539033
368,0.597346297395416,0.597346297395416,Lung,Lung,,368,0.597346297395416,0.597346297395416,0.57035546103843,0.624337133752402
369,0.583432436282747,0.583432436282747,Lung,Lung,,369,0.583432436282747,0.583432436282747,0.556441599925761,0.610423272639733
370,0.585719203965273,0.585719203965273,Lung,Lung,,370,0.585719203965273,0.585719203965273,0.558728367608287,0.612710040322259
371,0.62079267129302,0.62079267129302,Lung,Lung,,371,0.62079267129302,0.62079267129302,0.593801834936034,0.6477835076500059
372,0.558435314337257,0.558435314337257,Lung,Lung,,372,0.558435314337257,0.558435314337257,0.5314444779802711,0.585426150694243
373,0.562368332836777,0.562368332836777,Lung,Lung,,373,0.562368332836777,0.562368332836777,0.535377496479791,0.589359169193763
374,0.680573111420963,0.680573111420963,Lung,Lung,,374,0.680573111420963,0.680573111420963,0.653582275063977,0.707563947777949
375,0.637884157218505,0.637884157218505,Lung,Lung,,375,0.637884157218505,0.637884157218505,0.610893320861519,0.664874993575491
376,0.55877245769836,0.55877245769836,Lung,Lung,,376,0.55877245769836,0.55877245769836,0.5317816213413741,0.585763294055346
377,0.628365284632891,0.628365284632891,Lung,Lung,,377,0.628365284632891,0.628365284632891,0.601374448275905,0.655356120989877
378,0.686748630136717,0.686748630136717,Lung,Lung,,378,0.686748630136717,0.686748630136717,0.6597577937797311,0.713739466493703
379,0.682151359266136,0.682151359266136,Lung,Lung,,379,0.682151359266136,0.682151359266136,0.6551605229091501,0.709142195623122
380,0.667268994920887,0.667268994920887,Lung,Lung,,380,0.667268994920887,0.667268994920887,0.640278158563901,0.6942598312778729
381,0.567811945711728,0.567811945711728,Lung,Lung,,381,0.567811945711728,0.567811945711728,0.540821109354742,0.594802782068714
382,0.639944820210803,0.639944820210803,Lung,Lung,,382,0.639944820210803,0.639944820210803,0.612953983853817,0.666935656567789
383,0.61753622533055,0.61753622533055,Lung,Lung,,383,0.61753622533055,0.61753622533055,0.590545388973564,0.6445270616875359
384,0.57475090097636,0.57475090097636,Lung,Lung,,384,0.57475090097636,0.57475090097636,0.547760064619374,0.6017417373333459
385,0.645126254635397,0.645126254635397,Lung,Lung,,385,0.645126254635397,0.645126254635397,0.618135418278411,0.6721170909923829
386,0.630364453268703,0.630364453268703,Lung,Lung,,386,0.630364453268703,0.630364453268703,0.6033736169117171,0.657355289625689
387,0.594724289614242,0.594724289614242,Lung,Lung,,387,0.594724289614242,0.594724289614242,0.567733453257256,0.6217151259712279
388,0.597114789672196,0.597114789672196,Lung,Lung,,388,0.597114789672196,0.597114789672196,0.57012395331521,0.624105626029182
389,0.573726107841358,0.573726107841358,Lung,Lung,,389,0.573726107841358,0.573726107841358,0.5467352714843721,0.600716944198344
390,0.640074533098377,0.640074533098377,Lung,Lung,,390,0.640074533098377,0.640074533098377,0.6130836967413911,0.667065369455363
391,0.635976281256881,0.635976281256881,Lung,Lung,,391,0.635976281256881,0.635976281256881,0.608985444899895,0.662967117613867
392,0.575983928637579,0.575983928637579,Lung,Lung,,392,0.575983928637579,0.575983928637579,0.548993092280593,0.6029747649945649
393,0.703319441995118,0.703319441995118,Lung,Lung,,393,0.703319441995118,0.703319441995118,0.676328605638132,0.7303102783521039
394,0.575206793269608,0.575206793269608,Lung,Lung,,394,0.575206793269608,0.575206793269608,0.548215956912622,0.602197629626594
395,0.616847409731708,0.616847409731708,Lung,Lung,,395,0.616847409731708,0.616847409731708,0.5898565733747221,0.643838246088694
396,0.701386501034722,0.701386501034722,Lung,Lung,,396,0.701386501034722,0.701386501034722,0.674395664677736,0.728377337391708
397,0.555013340667356,0.555013340667356,Lung,Lung,,397,0.555013340667356,0.555013340667356,0.52802250431037,0.5820041770243419
398,0.693215573502239,0.693215573502239,Lung,Lung,,398,0.693215573502239,0.693215573502239,0.666224737145253,0.7202064098592249
399,0.594114297342021,0.594114297342021,Lung,Lung,,399,0.594114297342021,0.594114297342021,0.5671234609850351,0.621105133699007
400,0.634743359119166,0.634743359119166,Lung,Lung,,400,0.634743359119166,0.634743359119166,0.6077525227621801,0.661734195476152
401,0.605720976565499,0.605720976565499,Lung,Lung,,401,0.605720976565499,0.605720976565499,0.578730140208513,0.6327118129224849
402,0.593952154936269,0.593952154936269,Lung,Lung,,402,0.593952154936269,0.593952154936269,0.566961318579283,0.6209429912932549
403,0.619606886061374,0.619606886061374,Lung,Lung,,403,0.619606886061374,0.619606886061374,0.5926160497043881,0.64659772241836
404,0.648070327434689,0.648070327434689,Lung,Lung,,404,0.648070327434689,0.648070327434689,0.621079491077703,0.6750611637916749
405,0.680131847076118,0.680131847076118,Lung,Lung,,405,0.680131847076118,0.680131847076118,0.653141010719132,0.7071226834331039
406,0.671478369147517,0.671478369147517,Lung,Lung,,406,0.671478369147517,0.671478369147517,0.6444875327905311,0.698469205504503
407,0.713408758733422,0.713408758733422,Lung,Lung,,407,0.713408758733422,0.713408758733422,0.6864179223764361,0.740399595090408
408,0.601957474371884,0.601957474371884,Lung,Lung,,408,0.601957474371884,0.601957474371884,0.574966638014898,0.6289483107288699
409,0.66381212186534,0.66381212186534,Lung,Lung,,409,0.66381212186534,0.66381212186534,0.636821285508354,0.690802958222326
410,0.70853986711707,0.70853986711707,Lung,Lung,,410,0.70853986711707,0.70853986711707,0.681549030760084,0.7355307034740559
411,0.614464618233033,0.614464618233033,Lung,Lung,,411,0.614464618233033,0.614464618233033,0.587473781876047,0.641455454590019
412,0.624174798480235,0.624174798480235,Lung,Lung,,412,0.624174798480235,0.624174798480235,0.5971839621232491,0.651165634837221
413,0.691537939338014,0.691537939338014,Lung,Lung,,413,0.691537939338014,0.691537939338014,0.664547102981028,0.718528775695
414,0.592688374931458,0.592688374931458,Lung,Lung,,414,0.592688374931458,0.592688374931458,0.565697538574472,0.6196792112884439
415,0.68820262872614,0.68820262872614,Lung,Lung,,415,0.68820262872614,0.68820262872614,0.6612117923691541,0.715193465083126
416,0.632488103620708,0.632488103620708,Lung,Lung,,416,0.632488103620708,0.632488103620708,0.605497267263722,0.6594789399776939
417,0.611777042911854,0.611777042911854,Lung,Lung,,417,0.611777042911854,0.611777042911854,0.584786206554868,0.6387678792688399
418,0.696742551291827,0.696742551291827,Lung,Lung,,418,0.696742551291827,0.696742551291827,0.6697517149348411,0.723733387648813
419,0.604264560791198,0.604264560791198,Lung,Lung,,419,0.604264560791198,0.604264560791198,0.577273724434212,0.6312553971481839
420,0.664487372548319,0.664487372548319,Lung,Lung,,420,0.664487372548319,0.664487372548319,0.6374965361913331,0.691478208905305
421,0.586705269697122,0.586705269697122,Lung,Lung,,421,0.586705269697122,0.586705269697122,0.559714433340136,0.613696106054108
422,0.661292957980186,0.661292957980186,Lung,Lung,,422,0.661292957980186,0.661292957980186,0.6343021216232,0.6882837943371719
423,0.7029246907169,0.7029246907169,Lung,Lung,,423,0.7029246907169,0.7029246907169,0.675933854359914,0.729915527073886
424,0.658567265954334,0.658567265954334,Lung,Lung,,424,0.658567265954334,0.658567265954334,0.631576429597348,0.68555810231132
425,0.638108085496351,0.638108085496351,Lung,Lung,,425,0.638108085496351,0.638108085496351,0.611117249139365,0.665098921853337
426,0.58750981544843,0.58750981544843,Lung,Lung,,426,0.58750981544843,0.58750981544843,0.560518979091444,0.6145006518054159
427,0.565496836141683,0.565496836141683,Lung,Lung,,427,0.565496836141683,0.565496836141683,0.538505999784697,0.592487672498669
428,0.636656473851763,0.636656473851763,Lung,Lung,,428,0.636656473851763,0.636656473851763,0.6096656374947771,0.663647310208749
429,0.58016213266179,0.58016213266179,Lung,Lung,,429,0.58016213266179,0.58016213266179,0.553171296304804,0.6071529690187759
430,0.560988145801239,0.560988145801239,Lung,Lung,,430,0.560988145801239,0.560988145801239,0.533997309444253,0.587978982158225
431,0.563873199811205,0.563873199811205,Lung,Lung,,431,0.563873199811205,0.563873199811205,0.536882363454219,0.5908640361681909
432,0.563229106664658,0.563229106664658,Lung,Lung,,432,0.563229106664658,0.563229106664658,0.536238270307672,0.5902199430216439
433,0.62827823427273,0.62827823427273,Lung,Lung,,433,0.62827823427273,0.62827823427273,0.601287397915744,0.655269070629716
434,0.608095695951488,0.608095695951488,Lung,Lung,,434,0.608095695951488,0.608095695951488,0.5811048595945021,0.635086532308474
435,0.680018126897048,0.680018126897048,Lung,Lung,,435,0.680018126897048,0.680018126897048,0.653027290540062,0.707008963254034
436,0.67771079586586,0.67771079586586,Lung,Lung,,436,0.67771079586586,0.67771079586586,0.6507199595088741,0.704701632222846
437,0.614312123588752,0.614312123588752,Lung,Lung,,437,0.614312123588752,0.614312123588752,0.587321287231766,0.6413029599457379
438,0.590677797130775,0.590677797130775,Lung,Lung,,438,0.590677797130775,0.590677797130775,0.563686960773789,0.6176686334877609
439,0.571078660187777,0.571078660187777,Lung,Lung,,439,0.571078660187777,0.571078660187777,0.544087823830791,0.5980694965447629
440,0.619637333787978,0.619637333787978,Lung,Lung,,440,0.619637333787978,0.619637333787978,0.5926464974309921,0.646628170144964
441,0.65071371100843,0.65071371100843,Lung,Lung,,441,0.65071371100843,0.65071371100843,0.623722874651444,0.677704547365416
442,0.625691723949276,0.625691723949276,Lung,Lung,,442,0.625691723949276,0.625691723949276,0.59870088759229,0.6526825603062619
443,0.595039067217149,0.595039067217149,Lung,Lung,,443,0.595039067217149,0.595039067217149,0.5680482308601631,0.622029903574135
444,0.550813487581909,0.550813487581909,Lung,Lung,,444,0.550813487581909,0.550813487581909,0.523822651224923,0.5778043239388949
445,0.679007863826118,0.679007863826118,Lung,Lung,,445,0.679007863826118,0.679007863826118,0.652017027469132,0.705998700183104
446,0.56188446945278,0.56188446945278,Lung,Lung,,446,0.56188446945278,0.56188446945278,0.5348936330957941,0.588875305809766
447,0.565190872126259,0.565190872126259,Lung,Lung,,447,0.565190872126259,0.565190872126259,0.538200035769273,0.5921817084832449
448,0.663537780980114,0.663537780980114,Lung,Lung,,448,0.663537780980114,0.663537780980114,0.636546944623128,0.6905286173370999
449,0.636764720384963,0.636764720384963,Lung,Lung,,449,0.636764720384963,0.636764720384963,0.609773884027977,0.663755556741949
450,0.627154514079448,0.627154514079448,Lung,Lung,,450,0.627154514079448,0.627154514079448,0.600163677722462,0.654145350436434
451,0.61732796123717,0.61732796123717,Lung,Lung,,451,0.61732796123717,0.61732796123717,0.5903371248801841,0.644318797594156
452,0.57563940112479,0.57563940112479,Lung,Lung,,452,0.57563940112479,0.57563940112479,0.548648564767804,0.6026302374817759
453,0.591714739401359,0.591714739401359,Lung,Lung,,453,0.591714739401359,0.591714739401359,0.564723903044373,0.618705575758345
454,0.575746224871837,0.575746224871837,Lung,Lung,,454,0.575746224871837,0.575746224871837,0.5487553885148511,0.602737061228823
455,0.55880678513553,0.55880678513553,Lung,Lung,,455,0.55880678513553,0.55880678513553,0.531815948778544,0.5857976214925159
456,0.658748019286431,0.658748019286431,Lung,Lung,,456,0.658748019286431,0.658748019286431,0.631757182929445,0.685738855643417
457,0.643410487775691,0.643410487775691,Lung,Lung,,457,0.643410487775691,0.643410487775691,0.616419651418705,0.670401324132677
458,0.570487826725002,0.570487826725002,Lung,Lung,,458,0.570487826725002,0.570487826725002,0.543496990368016,0.5974786630819879
459,0.630562185316812,0.630562185316812,Lung,Lung,,459,0.630562185316812,0.630562185316812,0.603571348959826,0.6575530216737979
460,0.698264284532051,0.698264284532051,Lung,Lung,,460,0.698264284532051,0.698264284532051,0.6712734481750651,0.725255120889037
461,0.561655915912706,0.561655915912706,Lung,Lung,,461,0.561655915912706,0.561655915912706,0.5346650795557201,0.588646752269692
462,0.588742200667039,0.588742200667039,Lung,Lung,,462,0.588742200667039,0.588742200667039,0.561751364310053,0.6157330370240249
463,0.671687832353637,0.671687832353637,Lung,Lung,,463,0.671687832353637,0.671687832353637,0.6446969959966511,0.698678668710623
464,0.634799107550643,0.634799107550643,Lung,Lung,,464,0.634799107550643,0.634799107550643,0.607808271193657,0.6617899439076289
465,0.650627888180315,0.650627888180315,Lung,Lung,,465,0.650627888180315,0.650627888180315,0.6236370518233291,0.677618724537301
466,0.64928088060813,0.64928088060813,Lung,Lung,,466,0.64928088060813,0.64928088060813,0.6222900442511441,0.676271716965116
467,0.613350920397788,0.613350920397788,Lung,Lung,,467,0.613350920397788,0.613350920397788,0.5863600840408021,0.640341756754774
468,0.579384875146207,0.579384875146207,Lung,Lung,,468,0.579384875146207,0.579384875146207,0.552394038789221,0.6063757115031929
469,0.626409198124893,0.626409198124893,Lung,Lung,,469,0.626409198124893,0.626409198124893,0.5994183617679071,0.653400034481879
470,0.59891897869762,0.59891897869762,Lung,Lung,,470,0.59891897869762,0.59891897869762,0.571928142340634,0.625909815054606
471,0.625266525656916,0.625266525656916,Lung,Lung,,471,0.625266525656916,0.625266525656916,0.59827568929993,0.6522573620139019
472,0.562655224369373,0.562655224369373,Lung,Lung,,472,0.562655224369373,0.562655224369373,0.535664388012387,0.589646060726359
473,0.616727069634944,0.616727069634944,Lung,Lung,,473,0.616727069634944,0.616727069634944,0.589736233277958,0.6437179059919299
474,0.651504145979416,0.651504145979416,Lung,Lung,,474,0.651504145979416,0.651504145979416,0.62451330962243,0.6784949823364019
475,0.629210069235414,0.629210069235414,Lung,Lung,,475,0.629210069235414,0.629210069235414,0.602219232878428,0.6562009055924
476,0.63785963899456,0.63785963899456,Lung,Lung,,476,0.63785963899456,0.63785963899456,0.610868802637574,0.664850475351546
477,0.660839224564843,0.660839224564843,Lung,Lung,,477,0.660839224564843,0.660839224564843,0.633848388207857,0.687830060921829
478,0.570815256461501,0.570815256461501,Lung,Lung,,478,0.570815256461501,0.570815256461501,0.543824420104515,0.597806092818487
479,0.615037197119091,0.615037197119091,Lung,Lung,,479,0.615037197119091,0.615037197119091,0.588046360762105,0.642028033476077
480,0.560987056882586,0.560987056882586,Lung,Lung,,480,0.560987056882586,0.560987056882586,0.5339962205256,0.587977893239572
481,0.571083698400762,0.571083698400762,Lung,Lung,,481,0.571083698400762,0.571083698400762,0.544092862043776,0.598074534757748
482,0.57641572646331,0.57641572646331,Lung,Lung,,482,0.57641572646331,0.57641572646331,0.549424890106324,0.6034065628202959
483,0.700733631546609,0.700733631546609,Lung,Lung,,483,0.700733631546609,0.700733631546609,0.673742795189623,0.7277244679035949
484,0.714346818276681,0.714346818276681,Lung,Lung,,484,0.714346818276681,0.714346818276681,0.687355981919695,0.741337654633667
485,0.569457433719654,0.569457433719654,Lung,Lung,,485,0.569457433719654,0.569457433719654,0.542466597362668,0.5964482700766399
486,0.716638179318979,0.716638179318979,Lung,Lung,,486,0.716638179318979,0.716638179318979,0.689647342961993,0.743629015675965
487,0.684009620458819,0.684009620458819,Lung,Lung,,487,0.684009620458819,0.684009620458819,0.657018784101833,0.7110004568158049
488,0.580363452152815,0.580363452152815,Lung,Lung,,488,0.580363452152815,0.580363452152815,0.5533726157958291,0.607354288509801
489,0.62993809109088,0.62993809109088,Lung,Lung,,489,0.62993809109088,0.62993809109088,0.602947254733894,0.6569289274478659
490,0.598973325558472,0.598973325558472,Lung,Lung,,490,0.598973325558472,0.598973325558472,0.5719824892014861,0.625964161915458
491,0.692511970798951,0.692511970798951,Lung,Lung,,491,0.692511970798951,0.692511970798951,0.665521134441965,0.719502807155937
492,0.559120935099199,0.559120935099199,Lung,Lung,,492,0.559120935099199,0.559120935099199,0.5321300987422131,0.586111771456185
493,0.586151068287436,0.586151068287436,Lung,Lung,,493,0.586151068287436,0.586151068287436,0.5591602319304501,0.613141904644422
494,0.7111826082482,0.7111826082482,Lung,Lung,,494,0.7111826082482,0.7111826082482,0.684191771891214,0.738173444605186
495,0.578680490120314,0.578680490120314,Lung,Lung,,495,0.578680490120314,0.578680490120314,0.551689653763328,0.6056713264772999
496,0.674142972445115,0.674142972445115,Lung,Lung,,496,0.674142972445115,0.674142972445115,0.647152136088129,0.701133808802101
497,0.661078644730151,0.661078644730151,Lung,Lung,,497,0.661078644730151,0.661078644730151,0.634087808373165,0.688069481087137
498,0.632477598134428,0.632477598134428,Lung,Lung,,498,0.632477598134428,0.632477598134428,0.6054867617774421,0.659468434491414
499,0.716911839605309,0.716911839605309,Lung,Lung,,499,0.716911839605309,0.716911839605309,0.6899210032483231,0.743902675962295
500,0.715029679238796,0.715029679238796,Lung,Lung,,500,0.715029679238796,0.715029679238796,0.68803884288181,0.742020515595782
501,0.708865516055375,0.708865516055375,Lung,Lung,,501,0.708865516055375,0.708865516055375,0.681874679698389,0.7358563524123609
502,0.707450928713661,0.707450928713661,Lung,Lung,,502,0.707450928713661,0.707450928713661,0.680460092356675,0.734441765070647
503,0.552489687441848,0.552489687441848,Lung,Lung,,503,0.552489687441848,0.552489687441848,0.525498851084862,0.579480523798834
504,0.582194235238712,0.582194235238712,Lung,Lung,,504,0.582194235238712,0.582194235238712,0.5552033988817261,0.609185071595698
505,0.700156773654744,0.700156773654744,Lung,Lung,,505,0.700156773654744,0.700156773654744,0.6731659372977581,0.72714761001173
506,0.70640828841133,0.70640828841133,Lung,Lung,,506,0.70640828841133,0.70640828841133,0.679417452054344,0.7333991247683159
507,0.657262795951683,0.657262795951683,Lung,Lung,,507,0.657262795951683,0.657262795951683,0.6302719595946971,0.684253632308669
508,0.625257552121766,0.625257552121766,Lung,Lung,,508,0.625257552121766,0.625257552121766,0.5982667157647801,0.652248388478752
509,0.705724469900597,0.705724469900597,Lung,Lung,,509,0.705724469900597,0.705724469900597,0.678733633543611,0.732715306257583
510,0.637239106365014,0.637239106365014,Lung,Lung,,510,0.637239106365014,0.637239106365014,0.6102482700080281,0.664229942722
511,0.562220372932497,0.562220372932497,Lung,Lung,,511,0.562220372932497,0.562220372932497,0.5352295365755111,0.589211209289483
512,0.571321187675931,0.571321187675931,Lung,Lung,,512,0.571321187675931,0.571321187675931,0.544330351318945,0.598312024032917
513,0.685228918665089,0.685228918665089,Lung,Lung,,513,0.685228918665089,0.685228918665089,0.658238082308103,0.7122197550220749
514,0.602629454934504,0.602629454934504,Lung,Lung,,514,0.602629454934504,0.602629454934504,0.5756386185775181,0.62962029129149
515,0.649457947227638,0.649457947227638,Lung,Lung,,515,0.649457947227638,0.649457947227638,0.6224671108706521,0.676448783584624
516,0.666916965502314,0.666916965502314,Lung,Lung,,516,0.666916965502314,0.666916965502314,0.6399261291453281,0.6939078018593
517,0.711304002748802,0.711304002748802,Lung,Lung,,517,0.711304002748802,0.711304002748802,0.684313166391816,0.738294839105788
518,0.576928684054874,0.576928684054874,Lung,Lung,,518,0.576928684054874,0.576928684054874,0.549937847697888,0.6039195204118599
519,0.584345570271835,0.584345570271835,Lung,Lung,,519,0.584345570271835,0.584345570271835,0.557354733914849,0.6113364066288209
520,0.562950048886705,0.562950048886705,Lung,Lung,,520,0.562950048886705,0.562950048886705,0.535959212529719,0.5899408852436909
521,0.684638681889046,0.684638681889046,Lung,Lung,,521,0.684638681889046,0.684638681889046,0.65764784553206,0.7116295182460319
522,0.631021963257808,0.631021963257808,Lung,Lung,,522,0.631021963257808,0.631021963257808,0.6040311269008221,0.658012799614794
523,0.663712542587891,0.663712542587891,Lung,Lung,,523,0.663712542587891,0.663712542587891,0.6367217062309051,0.690703378944877
524,0.587043789217714,0.587043789217714,Lung,Lung,,524,0.587043789217714,0.587043789217714,0.5600529528607281,0.6140346255747
525,0.674630414603744,0.674630414603744,Lung,Lung,,525,0.674630414603744,0.674630414603744,0.647639578246758,0.7016212509607299
526,0.556702707414515,0.556702707414515,Lung,Lung,,526,0.556702707414515,0.556702707414515,0.529711871057529,0.583693543771501
527,0.638150415185373,0.638150415185373,Lung,Lung,,527,0.638150415185373,0.638150415185373,0.611159578828387,0.6651412515423589
528,0.566856795873027,0.566856795873027,Lung,Lung,,528,0.566856795873027,0.566856795873027,0.539865959516041,0.5938476322300129
529,0.559218821844552,0.559218821844552,Lung,Lung,,529,0.559218821844552,0.559218821844552,0.532227985487566,0.5862096582015379
530,0.650871191301849,0.650871191301849,Lung,Lung,,530,0.650871191301849,0.650871191301849,0.623880354944863,0.677862027658835
531,0.71538876341423,0.71538876341423,Lung,Lung,,531,0.71538876341423,0.71538876341423,0.688397927057244,0.7423795997712159
532,0.715110205507372,0.715110205507372,Lung,Lung,,532,0.715110205507372,0.715110205507372,0.6881193691503861,0.742101041864358
533,0.633870525371749,0.633870525371749,Lung,Lung,,533,0.633870525371749,0.633870525371749,0.6068796890147631,0.660861361728735
534,0.565317148414906,0.565317148414906,Lung,Lung,,534,0.565317148414906,0.565317148414906,0.53832631205792,0.592307984771892
535,0.626886379329953,0.626886379329953,Lung,Lung,,535,0.626886379329953,0.626886379329953,0.599895542972967,0.6538772156869389
536,0.572927073773462,0.572927073773462,Lung,Lung,,536,0.572927073773462,0.572927073773462,0.545936237416476,0.5999179101304479
537,0.671343703661114,0.671343703661114,Lung,Lung,,537,0.671343703661114,0.671343703661114,0.644352867304128,0.6983345400180999
538,0.699460652512498,0.699460652512498,Lung,Lung,,538,0.699460652512498,0.699460652512498,0.672469816155512,0.726451488869484
539,0.556068243663758,0.556068243663758,Lung,Lung,,539,0.556068243663758,0.556068243663758,0.529077407306772,0.5830590800207439
540,0.718971260737162,0.718971260737162,Lung,Lung,,540,0.718971260737162,0.718971260737162,0.691980424380176,0.745962097094148
541,0.628410330701154,0.628410330701154,Lung,Lung,,541,0.628410330701154,0.628410330701154,0.6014194943441681,0.65540116705814
542,0.654677247095387,0.654677247095387,Lung,Lung,,542,0.654677247095387,0.654677247095387,0.627686410738401,0.681668083452373
543,0.582100949571468,0.582100949571468,Lung,Lung,,543,0.582100949571468,0.582100949571468,0.555110113214482,0.6090917859284539
544,0.70267224987736,0.70267224987736,Lung,Lung,,544,0.70267224987736,0.70267224987736,0.675681413520374,0.729663086234346
545,0.661462210437749,0.661462210437749,Lung,Lung,,545,0.661462210437749,0.661462210437749,0.634471374080763,0.688453046794735
546,0.597293484741822,0.597293484741822,Lung,Lung,,546,0.597293484741822,0.597293484741822,0.570302648384836,0.6242843210988079
547,0.709352323568892,0.709352323568892,Lung,Lung,,547,0.709352323568892,0.709352323568892,0.682361487211906,0.736343159925878
548,0.647693144632503,0.647693144632503,Lung,Lung,,548,0.647693144632503,0.647693144632503,0.6207023082755171,0.674683980989489
549,0.597596117919311,0.597596117919311,Lung,Lung,,549,0.597596117919311,0.597596117919311,0.570605281562325,0.624586954276297
550,0.639215929508209,0.639215929508209,Lung,Lung,,550,0.639215929508209,0.639215929508209,0.6122250931512231,0.666206765865195
551,0.690283026315738,0.690283026315738,Lung,Lung,,551,0.690283026315738,0.690283026315738,0.663292189958752,0.717273862672724
552,0.68727040448226,0.68727040448226,Lung,Lung,,552,0.68727040448226,0.68727040448226,0.660279568125274,0.7142612408392459
553,0.612495116663631,0.612495116663631,Lung,Lung,,553,0.612495116663631,0.612495116663631,0.585504280306645,0.639485953020617
554,0.69003124960931,0.69003124960931,Lung,Lung,,554,0.69003124960931,0.69003124960931,0.663040413252324,0.7170220859662959
555,0.589637094170321,0.589637094170321,Lung,Lung,,555,0.589637094170321,0.589637094170321,0.562646257813335,0.6166279305273069
556,0.712839298173785,0.712839298173785,Lung,Lung,,556,0.712839298173785,0.712839298173785,0.685848461816799,0.739830134530771
557,0.570571015740279,0.570571015740279,Lung,Lung,,557,0.570571015740279,0.570571015740279,0.5435801793832931,0.597561852097265
558,0.675941608266439,0.675941608266439,Lung,Lung,,558,0.675941608266439,0.675941608266439,0.648950771909453,0.702932444623425
559,0.693337076376192,0.693337076376192,Lung,Lung,,559,0.693337076376192,0.693337076376192,0.6663462400192061,0.720327912733178
560,0.560622207347769,0.560622207347769,Lung,Lung,,560,0.560622207347769,0.560622207347769,0.5336313709907831,0.587613043704755
561,0.581567305454519,0.581567305454519,Lung,Lung,,561,0.581567305454519,0.581567305454519,0.554576469097533,0.6085581418115049
562,0.574607452736236,0.574607452736236,Lung,Lung,,562,0.574607452736236,0.574607452736236,0.5476166163792501,0.601598289093222
563,0.678340997709893,0.678340997709893,Lung,Lung,,563,0.678340997709893,0.678340997709893,0.651350161352907,0.7053318340668789
564,0.625053939968348,0.625053939968348,Lung,Lung,,564,0.625053939968348,0.625053939968348,0.5980631036113621,0.652044776325334
565,0.634428808593657,0.634428808593657,Lung,Lung,,565,0.634428808593657,0.634428808593657,0.6074379722366711,0.661419644950643
566,0.653401780817658,0.653401780817658,Lung,Lung,,566,0.653401780817658,0.653401780817658,0.626410944460672,0.6803926171746439
567,0.555252239429392,0.555252239429392,Lung,Lung,,567,0.555252239429392,0.555252239429392,0.528261403072406,0.5822430757863779
568,0.717583959691692,0.717583959691692,Lung,Lung,,568,0.717583959691692,0.717583959691692,0.690593123334706,0.7445747960486779
569,0.703800425569061,0.703800425569061,Lung,Lung,,569,0.703800425569061,0.703800425569061,0.676809589212075,0.7307912619260469
570,0.641254002039786,0.641254002039786,Lung,Lung,,570,0.641254002039786,0.641254002039786,0.6142631656828,0.668244838396772
571,0.719758819262497,0.719758819262497,Lung,Lung,,571,0.719758819262497,0.719758819262497,0.692767982905511,0.7467496556194829
572,0.668543217082042,0.668543217082042,Lung,Lung,,572,0.668543217082042,0.668543217082042,0.641552380725056,0.695534053439028
573,0.71222749035107,0.71222749035107,Lung,Lung,,573,0.71222749035107,0.71222749035107,0.6852366539940841,0.739218326708056
574,0.652688175744843,0.652688175744843,Lung,Lung,,574,0.652688175744843,0.652688175744843,0.625697339387857,0.6796790121018289
575,0.698037602826953,0.698037602826953,Lung,Lung,,575,0.698037602826953,0.698037602826953,0.6710467664699671,0.725028439183939
576,0.617377650893759,0.617377650893759,Lung,Lung,,576,0.617377650893759,0.617377650893759,0.590386814536773,0.6443684872507449
577,0.588292501606047,0.588292501606047,Lung,Lung,,577,0.588292501606047,0.588292501606047,0.561301665249061,0.6152833379630329
578,0.6111736428109,0.6111736428109,Lung,Lung,,578,0.6111736428109,0.6111736428109,0.5841828064539141,0.638164479167886
579,0.700723334376235,0.700723334376235,Lung,Lung,,579,0.700723334376235,0.700723334376235,0.6737324980192491,0.727714170733221
580,0.61288438677555,0.61288438677555,Lung,Lung,,580,0.61288438677555,0.61288438677555,0.5858935504185641,0.639875223132536
581,0.686870659638662,0.686870659638662,Lung,Lung,,581,0.686870659638662,0.686870659638662,0.659879823281676,0.713861495995648
582,0.586958355552051,0.586958355552051,Lung,Lung,,582,0.586958355552051,0.586958355552051,0.559967519195065,0.613949191909037
583,0.716459207418375,0.716459207418375,Lung,Lung,,583,0.716459207418375,0.716459207418375,0.689468371061389,0.743450043775361
584,0.713099228134379,0.713099228134379,Lung,Lung,,584,0.713099228134379,0.713099228134379,0.686108391777393,0.7400900644913649
585,0.654970289112534,0.654970289112534,Lung,Lung,,585,0.654970289112534,0.654970289112534,0.627979452755548,0.6819611254695199
586,0.59350549207069,0.59350549207069,Lung,Lung,,586,0.59350549207069,0.59350549207069,0.5665146557137041,0.620496328427676
587,0.635326471989974,0.635326471989974,Lung,Lung,,587,0.635326471989974,0.635326471989974,0.6083356356329881,0.66231730834696
588,0.662980114591774,0.662980114591774,Lung,Lung,,588,0.662980114591774,0.662980114591774,0.635989278234788,0.6899709509487599
589,0.567525258061942,0.567525258061942,Lung,Lung,,589,0.567525258061942,0.567525258061942,0.540534421704956,0.5945160944189279
590,0.602098281555809,0.602098281555809,Lung,Lung,,590,0.602098281555809,0.602098281555809,0.5751074451988231,0.629089117912795
591,0.712832841766067,0.712832841766067,Lung,Lung,,591,0.712832841766067,0.712832841766067,0.685842005409081,0.7398236781230529
592,0.704154695640318,0.704154695640318,Lung,Lung,,592,0.704154695640318,0.704154695640318,0.677163859283332,0.7311455319973039
593,0.594190244697966,0.594190244697966,Lung,Lung,,593,0.594190244697966,0.594190244697966,0.56719940834098,0.621181081054952
594,0.659816541899927,0.659816541899927,Lung,Lung,,594,0.659816541899927,0.659816541899927,0.632825705542941,0.686807378256913
595,0.555203669960611,0.555203669960611,Lung,Lung,,595,0.555203669960611,0.555203669960611,0.528212833603625,0.582194506317597
596,0.608125363136642,0.608125363136642,Lung,Lung,,596,0.608125363136642,0.608125363136642,0.581134526779656,0.635116199493628
597,0.715166514131706,0.715166514131706,Lung,Lung,,597,0.715166514131706,0.715166514131706,0.68817567777472,0.7421573504886919
598,0.624160195111763,0.624160195111763,Lung,Lung,,598,0.624160195111763,0.624160195111763,0.5971693587547771,0.651151031468749
599,0.716315975885373,0.716315975885373,Lung,Lung,,599,0.716315975885373,0.716315975885373,0.689325139528387,0.743306812242359
600,0.6951036309544,0.6951036309544,Lung,Lung,,600,0.6951036309544,0.6951036309544,0.668112794597414,0.7220944673113859
601,0.582486219566781,0.582486219566781,Lung,Lung,,601,0.582486219566781,0.582486219566781,0.5554953832097951,0.609477055923767
602,0.650450548648369,0.650450548648369,Lung,Lung,,602,0.650450548648369,0.650450548648369,0.6234597122913831,0.677441385005355
603,0.719694204838015,0.719694204838015,Lung,Lung,,603,0.719694204838015,0.719694204838015,0.6927033684810291,0.746685041195001
604,0.640600690785796,0.640600690785796,Lung,Lung,,604,0.640600690785796,0.640600690785796,0.61360985442881,0.6675915271427819
605,0.634497391351033,0.634497391351033,Lung,Lung,,605,0.634497391351033,0.634497391351033,0.607506554994047,0.661488227708019
606,0.594765817110892,0.594765817110892,Lung,Lung,,606,0.594765817110892,0.594765817110892,0.5677749807539061,0.621756653467878
607,0.643893234534189,0.643893234534189,Lung,Lung,,607,0.643893234534189,0.643893234534189,0.616902398177203,0.670884070891175
608,0.584949324228801,0.584949324228801,Lung,Lung,,608,0.584949324228801,0.584949324228801,0.557958487871815,0.6119401605857869
609,0.564910146396142,0.564910146396142,Lung,Lung,,609,0.564910146396142,0.564910146396142,0.537919310039156,0.591900982753128
610,0.662801971877925,0.662801971877925,Lung,Lung,,610,0.662801971877925,0.662801971877925,0.635811135520939,0.689792808234911
611,0.716429656641558,0.716429656641558,Lung,Lung,,611,0.716429656641558,0.716429656641558,0.689438820284572,0.743420492998544
612,0.585795220311266,0.585795220311266,Lung,Lung,,612,0.585795220311266,0.585795220311266,0.55880438395428,0.6127860566682519
613,0.554802892720327,0.554802892720327,Lung,Lung,,613,0.554802892720327,0.554802892720327,0.527812056363341,0.581793729077313
614,0.694283012105152,0.694283012105152,Lung,Lung,,614,0.694283012105152,0.694283012105152,0.667292175748166,0.7212738484621379
615,0.602525563244708,0.602525563244708,Lung,Lung,,615,0.602525563244708,0.602525563244708,0.575534726887722,0.6295163996016939
616,0.655117031459231,0.655117031459231,Lung,Lung,,616,0.655117031459231,0.655117031459231,0.628126195102245,0.6821078678162169
617,0.59804508674657,0.59804508674657,Lung,Lung,,617,0.59804508674657,0.59804508674657,0.571054250389584,0.6250359231035559
618,0.662598764125723,0.662598764125723,Lung,Lung,,618,0.662598764125723,0.662598764125723,0.6356079277687371,0.689589600482709
619,0.591564466925338,0.591564466925338,Lung,Lung,,619,0.591564466925338,0.591564466925338,0.5645736305683521,0.618555303282324
620,0.554457606079523,0.554457606079523,Lung,Lung,,620,0.554457606079523,0.554457606079523,0.527466769722537,0.581448442436509
621,0.63830105406465,0.63830105406465,Lung,Lung,,621,0.63830105406465,0.63830105406465,0.611310217707664,0.665291890421636
622,0.644634080424439,0.644634080424439,Lung,Lung,,622,0.644634080424439,0.644634080424439,0.6176432440674531,0.671624916781425
623,0.581329324382823,0.581329324382823,Lung,Lung,,623,0.581329324382823,0.581329324382823,0.5543384880258371,0.608320160739809
624,0.583010705779307,0.583010705779307,Lung,Lung,,624,0.583010705779307,0.583010705779307,0.5560198694223211,0.610001542136293
625,0.601919828050304,0.601919828050304,Lung,Lung,,625,0.601919828050304,0.601919828050304,0.574928991693318,0.6289106644072899
626,0.71715341564035,0.71715341564035,Lung,Lung,,626,0.71715341564035,0.71715341564035,0.690162579283364,0.7441442519973359
627,0.652546903481707,0.652546903481707,Lung,Lung,,627,0.652546903481707,0.652546903481707,0.625556067124721,0.6795377398386929
628,0.71187927671941,0.71187927671941,Lung,Lung,,628,0.71187927671941,0.71187927671941,0.684888440362424,0.7388701130763959
629,0.710879167059902,0.710879167059902,Lung,Lung,,629,0.710879167059902,0.710879167059902,0.683888330702916,0.7378700034168879
630,0.617375713749789,0.617375713749789,Lung,Lung,,630,0.617375713749789,0.617375713749789,0.590384877392803,0.6443665501067749
631,0.663631245475262,0.663631245475262,Lung,Lung,,631,0.663631245475262,0.663631245475262,0.636640409118276,0.6906220818322479
632,0.618161812084727,0.618161812084727,Lung,Lung,,632,0.618161812084727,0.618161812084727,0.591170975727741,0.6451526484417129
633,0.613046345009934,0.613046345009934,Lung,Lung,,633,0.613046345009934,0.613046345009934,0.5860555086529481,0.64003718136692
634,0.695278259094339,0.695278259094339,Lung,Lung,,634,0.695278259094339,0.695278259094339,0.6682874227373531,0.722269095451325
635,0.615611055626068,0.615611055626068,Lung,Lung,,635,0.615611055626068,0.615611055626068,0.588620219269082,0.642601891983054
636,0.700853796140291,0.700853796140291,Lung,Lung,,636,0.700853796140291,0.700853796140291,0.673862959783305,0.7278446324972769
637,0.670973835980985,0.670973835980985,Lung,Lung,,637,0.670973835980985,0.670973835980985,0.6439829996239991,0.697964672337971
638,0.553638502280228,0.553638502280228,Lung,Lung,,638,0.553638502280228,0.553638502280228,0.5266476659232421,0.580629338637214
639,0.578933590976521,0.578933590976521,Lung,Lung,,639,0.578933590976521,0.578933590976521,0.551942754619535,0.6059244273335069
640,0.68113501949003,0.68113501949003,Lung,Lung,,640,0.68113501949003,0.68113501949003,0.654144183133044,0.7081258558470159
641,0.676611592352856,0.676611592352856,Lung,Lung,,641,0.676611592352856,0.676611592352856,0.64962075599587,0.7036024287098419
642,0.628399889613502,0.628399889613502,Lung,Lung,,642,0.628399889613502,0.628399889613502,0.6014090532565161,0.655390725970488
643,0.607700754287653,0.607700754287653,Lung,Lung,,643,0.607700754287653,0.607700754287653,0.5807099179306671,0.634691590644639
644,0.602228304166347,0.602228304166347,Lung,Lung,,644,0.602228304166347,0.602228304166347,0.575237467809361,0.6292191405233329
645,0.5729677793663,0.5729677793663,Lung,Lung,,645,0.5729677793663,0.5729677793663,0.545976943009314,0.5999586157232859
646,0.641188160756137,0.641188160756137,Lung,Lung,,646,0.641188160756137,0.641188160756137,0.6141973243991511,0.668178997113123
647,0.675247674421407,0.675247674421407,Lung,Lung,,647,0.675247674421407,0.675247674421407,0.648256838064421,0.7022385107783929
648,0.660280650935601,0.660280650935601,Lung,Lung,,648,0.660280650935601,0.660280650935601,0.633289814578615,0.6872714872925869
649,0.551039258008823,0.551039258008823,Lung,Lung,,649,0.551039258008823,0.551039258008823,0.5240484216518371,0.578030094365809
650,0.606374158032704,0.606374158032704,Lung,Lung,,650,0.606374158032704,0.606374158032704,0.579383321675718,0.63336499438969
651,0.719648566159885,0.719648566159885,Lung,Lung,,651,0.719648566159885,0.719648566159885,0.6926577298028991,0.746639402516871
652,0.594043040794786,0.594043040794786,Lung,Lung,,652,0.594043040794786,0.594043040794786,0.5670522044378,0.6210338771517719
653,0.628426992530003,0.628426992530003,Lung,Lung,,653,0.628426992530003,0.628426992530003,0.601436156173017,0.655417828886989
654,0.626876139671076,0.626876139671076,Lung,Lung,,654,0.626876139671076,0.626876139671076,0.5998853033140901,0.653866976028062
655,0.605120359656867,0.605120359656867,Lung,Lung,,655,0.605120359656867,0.605120359656867,0.578129523299881,0.6321111960138529
656,0.689989428657573,0.689989428657573,Lung,Lung,,656,0.689989428657573,0.689989428657573,0.662998592300587,0.7169802650145589
657,0.639731169668958,0.639731169668958,Lung,Lung,,657,0.639731169668958,0.639731169668958,0.6127403333119721,0.666722006025944
658,0.716604905889835,0.716604905889835,Lung,Lung,,658,0.716604905889835,0.716604905889835,0.6896140695328491,0.743595742246821
659,0.55081842126092,0.55081842126092,Lung,Lung,,659,0.55081842126092,0.55081842126092,0.523827584903934,0.5778092576179059
660,0.691196378555615,0.691196378555615,Lung,Lung,,660,0.691196378555615,0.691196378555615,0.664205542198629,0.718187214912601
661,0.629105060168076,0.629105060168076,Lung,Lung,,661,0.629105060168076,0.629105060168076,0.60211422381109,0.656095896525062
662,0.697269114805385,0.697269114805385,Lung,Lung,,662,0.697269114805385,0.697269114805385,0.670278278448399,0.724259951162371
663,0.710608896350022,0.710608896350022,Lung,Lung,,663,0.710608896350022,0.710608896350022,0.683618059993036,0.737599732707008
664,0.56982555171242,0.56982555171242,Lung,Lung,,664,0.56982555171242,0.56982555171242,0.542834715355434,0.596816388069406
665,0.597968863113783,0.597968863113783,Lung,Lung,,665,0.597968863113783,0.597968863113783,0.570978026756797,0.6249596994707689
666,0.637930310531519,0.637930310531519,Lung,Lung,,666,0.637930310531519,0.637930310531519,0.6109394741745331,0.664921146888505
667,0.591968918212224,0.591968918212224,Lung,Lung,,667,0.591968918212224,0.591968918212224,0.564978081855238,0.6189597545692099
668,0.65082096393453,0.65082096393453,Lung,Lung,,668,0.65082096393453,0.65082096393453,0.6238301275775441,0.677811800291516
669,0.660202360015828,0.660202360015828,Lung,Lung,,669,0.660202360015828,0.660202360015828,0.633211523658842,0.687193196372814
670,0.698185014650226,0.698185014650226,Lung,Lung,,670,0.698185014650226,0.698185014650226,0.67119417829324,0.7251758510072119
671,0.693598623031285,0.693598623031285,Lung,Lung,,671,0.693598623031285,0.693598623031285,0.6666077866742991,0.720589459388271
672,0.678329692801926,0.678329692801926,Lung,Lung,,672,0.678329692801926,0.678329692801926,0.65133885644494,0.705320529158912
673,0.706152362723369,0.706152362723369,Lung,Lung,,673,0.706152362723369,0.706152362723369,0.679161526366383,0.733143199080355
674,0.640181375567336,0.640181375567336,Lung,Lung,,674,0.640181375567336,0.640181375567336,0.61319053921035,0.667172211924322
675,0.66393276032526,0.66393276032526,Lung,Lung,,675,0.66393276032526,0.66393276032526,0.6369419239682741,0.690923596682246
676,0.715908983603585,0.715908983603585,Lung,Lung,,676,0.715908983603585,0.715908983603585,0.688918147246599,0.742899819960571
677,0.679108865889721,0.679108865889721,Lung,Lung,,677,0.679108865889721,0.679108865889721,0.652118029532735,0.7060997022467069
678,0.709808253543451,0.709808253543451,Lung,Lung,,678,0.709808253543451,0.709808253543451,0.682817417186465,0.736799089900437
679,0.61335156256333,0.61335156256333,Lung,Lung,,679,0.61335156256333,0.61335156256333,0.586360726206344,0.640342398920316
680,0.550591099606827,0.550591099606827,Lung,Lung,,680,0.550591099606827,0.550591099606827,0.523600263249841,0.5775819359638129
681,0.684002764993347,0.684002764993347,Lung,Lung,,681,0.684002764993347,0.684002764993347,0.657011928636361,0.710993601350333
682,0.609624450423289,0.609624450423289,Lung,Lung,,682,0.609624450423289,0.609624450423289,0.5826336140663031,0.636615286780275
683,0.620824033266399,0.620824033266399,Lung,Lung,,683,0.620824033266399,0.620824033266399,0.593833196909413,0.647814869623385
684,0.563480376494117,0.563480376494117,Lung,Lung,,684,0.563480376494117,0.563480376494117,0.536489540137131,0.5904712128511029
685,0.657212121831253,0.657212121831253,Lung,Lung,,685,0.657212121831253,0.657212121831253,0.630221285474267,0.684202958188239
686,0.704428589772433,0.704428589772433,Lung,Lung,,686,0.704428589772433,0.704428589772433,0.677437753415447,0.7314194261294189
687,0.690802912479267,0.690802912479267,Lung,Lung,,687,0.690802912479267,0.690802912479267,0.663812076122281,0.7177937488362529
688,0.65363250906812,0.65363250906812,Lung,Lung,,688,0.65363250906812,0.65363250906812,0.626641672711134,0.6806233454251059
689,0.552243596417829,0.552243596417829,Lung,Lung,,689,0.552243596417829,0.552243596417829,0.5252527600608431,0.579234432774815
690,0.62227699075127,0.62227699075127,Lung,Lung,,690,0.62227699075127,0.62227699075127,0.595286154394284,0.6492678271082559
691,0.598252214740496,0.598252214740496,Lung,Lung,,691,0.598252214740496,0.598252214740496,0.57126137838351,0.6252430510974819
692,0.639534251173027,0.639534251173027,Lung,Lung,,692,0.639534251173027,0.639534251173027,0.612543414816041,0.6665250875300129
693,0.624546978019644,0.624546978019644,Lung,Lung,,693,0.624546978019644,0.624546978019644,0.597556141662658,0.6515378143766299
694,0.658178827562369,0.658178827562369,Lung,Lung,,694,0.658178827562369,0.658178827562369,0.631187991205383,0.685169663919355
695,0.708012546612881,0.708012546612881,Lung,Lung,,695,0.708012546612881,0.708012546612881,0.6810217102558951,0.735003382969867
696,0.612199256266467,0.612199256266467,Lung,Lung,,696,0.612199256266467,0.612199256266467,0.585208419909481,0.6391900926234529
697,0.643312405420002,0.643312405420002,Lung,Lung,,697,0.643312405420002,0.643312405420002,0.616321569063016,0.670303241776988
698,0.676237736786716,0.676237736786716,Lung,Lung,,698,0.676237736786716,0.676237736786716,0.64924690042973,0.7032285731437019
699,0.634349586169701,0.634349586169701,Lung,Lung,,699,0.634349586169701,0.634349586169701,0.6073587498127151,0.661340422526687
700,0.656251790614333,0.656251790614333,Lung,Lung,,700,0.656251790614333,0.656251790614333,0.6292609542573471,0.683242626971319
701,0.692298763922881,0.692298763922881,Lung,Lung,,701,0.692298763922881,0.692298763922881,0.6653079275658951,0.719289600279867
702,0.699159527616575,0.699159527616575,Lung,Lung,,702,0.699159527616575,0.699159527616575,0.672168691259589,0.7261503639735609
703,0.718763239830732,0.718763239830732,Lung,Lung,,703,0.718763239830732,0.718763239830732,0.691772403473746,0.7457540761877179
704,0.627150033842772,0.627150033842772,Lung,Lung,,704,0.627150033842772,0.627150033842772,0.6001591974857861,0.654140870199758
705,0.564554041062947,0.564554041062947,Lung,Lung,,705,0.564554041062947,0.564554041062947,0.5375632047059611,0.591544877419933
706,0.71780478741508,0.71780478741508,Lung,Lung,,706,0.71780478741508,0.71780478741508,0.6908139510580941,0.744795623772066
707,0.686119213544298,0.686119213544298,Lung,Lung,,707,0.686119213544298,0.686119213544298,0.659128377187312,0.7131100499012839
708,0.648891103698406,0.648891103698406,Lung,Lung,,708,0.648891103698406,0.648891103698406,0.62190026734142,0.6758819400553919
709,0.712305461296346,0.712305461296346,Lung,Lung,,709,0.712305461296346,0.712305461296346,0.68531462493936,0.7392962976533319
710,0.599419180136174,0.599419180136174,Lung,Lung,,710,0.599419180136174,0.599419180136174,0.572428343779188,0.62641001649316
711,0.571266334413085,0.571266334413085,Lung,Lung,,711,0.571266334413085,0.571266334413085,0.5442754980560991,0.598257170770071
712,0.59514317604946,0.59514317604946,Lung,Lung,,712,0.59514317604946,0.59514317604946,0.568152339692474,0.622134012406446
713,0.620736256234814,0.620736256234814,Lung,Lung,,713,0.620736256234814,0.620736256234814,0.593745419877828,0.6477270925918
714,0.718506298488937,0.718506298488937,Lung,Lung,,714,0.718506298488937,0.718506298488937,0.691515462131951,0.745497134845923
715,0.717908031318802,0.717908031318802,Lung,Lung,,715,0.717908031318802,0.717908031318802,0.690917194961816,0.744898867675788
716,0.708857437926345,0.708857437926345,Lung,Lung,,716,0.708857437926345,0.708857437926345,0.6818666015693591,0.735848274283331
717,0.700687566420529,0.700687566420529,Lung,Lung,,717,0.700687566420529,0.700687566420529,0.673696730063543,0.7276784027775149
718,0.588948716102168,0.588948716102168,Lung,Lung,,718,0.588948716102168,0.588948716102168,0.5619578797451821,0.615939552459154
719,0.618030655947514,0.618030655947514,Lung,Lung,,719,0.618030655947514,0.618030655947514,0.5910398195905281,0.6450214923045
720,0.652683989279903,0.652683989279903,Lung,Lung,,720,0.652683989279903,0.652683989279903,0.625693152922917,0.679674825636889
721,0.64102092349669,0.64102092349669,Lung,Lung,,721,0.64102092349669,0.64102092349669,0.6140300871397041,0.668011759853676
722,0.689639140891377,0.689639140891377,Lung,Lung,,722,0.689639140891377,0.689639140891377,0.662648304534391,0.716629977248363
723,0.719608385295141,0.719608385295141,Lung,Lung,,723,0.719608385295141,0.719608385295141,0.6926175489381551,0.746599221652127
724,0.718380181079265,0.718380181079265,Lung,Lung,,724,0.718380181079265,0.718380181079265,0.6913893447222791,0.745371017436251
725,0.661153998447116,0.661153998447116,Lung,Lung,,725,0.661153998447116,0.661153998447116,0.63416316209013,0.6881448348041019
726,0.676964694343042,0.676964694343042,Lung,Lung,,726,0.676964694343042,0.676964694343042,0.649973857986056,0.7039555307000279
727,0.656567773504648,0.656567773504648,Lung,Lung,,727,0.656567773504648,0.656567773504648,0.629576937147662,0.683558609861634
728,0.639831158770248,0.639831158770248,Lung,Lung,,728,0.639831158770248,0.639831158770248,0.612840322413262,0.666821995127234
729,0.559617868436035,0.559617868436035,Lung,Lung,,729,0.559617868436035,0.559617868436035,0.532627032079049,0.586608704793021
730,0.648062325657811,0.648062325657811,Lung,Lung,,730,0.648062325657811,0.648062325657811,0.621071489300825,0.6750531620147969
731,0.705014655836858,0.705014655836858,Lung,Lung,,731,0.705014655836858,0.705014655836858,0.678023819479872,0.7320054921938439
732,0.635207828383427,0.635207828383427,Lung,Lung,,732,0.635207828383427,0.635207828383427,0.6082169920264411,0.662198664740413
733,0.659072205501143,0.659072205501143,Lung,Lung,,733,0.659072205501143,0.659072205501143,0.632081369144157,0.6860630418581289
734,0.713460600459948,0.713460600459948,Lung,Lung,,734,0.713460600459948,0.713460600459948,0.686469764102962,0.7404514368169339
735,0.564260546236765,0.564260546236765,Lung,Lung,,735,0.564260546236765,0.564260546236765,0.5372697098797791,0.591251382593751
736,0.644309612114448,0.644309612114448,Lung,Lung,,736,0.644309612114448,0.644309612114448,0.6173187757574621,0.671300448471434
737,0.647044175318442,0.647044175318442,Lung,Lung,,737,0.647044175318442,0.647044175318442,0.6200533389614561,0.674035011675428
738,0.607772686129902,0.607772686129902,Lung,Lung,,738,0.607772686129902,0.607772686129902,0.580781849772916,0.6347635224868879
739,0.621589993829839,0.621589993829839,Lung,Lung,,739,0.621589993829839,0.621589993829839,0.5945991574728531,0.648580830186825
740,0.594836296006106,0.594836296006106,Lung,Lung,,740,0.594836296006106,0.594836296006106,0.56784545964912,0.621827132363092
741,0.71353908342775,0.71353908342775,Lung,Lung,,741,0.71353908342775,0.71353908342775,0.686548247070764,0.7405299197847359
742,0.668469052542932,0.668469052542932,Lung,Lung,,742,0.668469052542932,0.668469052542932,0.641478216185946,0.6954598888999179
743,0.627529291214887,0.627529291214887,Lung,Lung,,743,0.627529291214887,0.627529291214887,0.600538454857901,0.654520127571873
744,0.646738747390918,0.646738747390918,Lung,Lung,,744,0.646738747390918,0.646738747390918,0.619747911033932,0.6737295837479039
745,0.667744076144882,0.667744076144882,Lung,Lung,,745,0.667744076144882,0.667744076144882,0.640753239787896,0.6947349125018679
746,0.659902302664705,0.659902302664705,Lung,Lung,,746,0.659902302664705,0.659902302664705,0.632911466307719,0.6868931390216909
747,0.67885920883622,0.67885920883622,Lung,Lung,,747,0.67885920883622,0.67885920883622,0.651868372479234,0.7058500451932059
748,0.594607786757406,0.594607786757406,Lung,Lung,,748,0.594607786757406,0.594607786757406,0.56761695040042,0.621598623114392
749,0.671135475744959,0.671135475744959,Lung,Lung,,749,0.671135475744959,0.671135475744959,0.6441446393879731,0.698126312101945
750,0.55879114960786,0.55879114960786,Lung,Lung,,750,0.55879114960786,0.55879114960786,0.5318003132508741,0.585781985964846
751,0.634630893624853,0.634630893624853,Lung,Lung,,751,0.634630893624853,0.634630893624853,0.6076400572678671,0.661621729981839
752,0.680428762431256,0.680428762431256,Lung,Lung,,752,0.680428762431256,0.680428762431256,0.6534379260742701,0.707419598788242
753,0.558027787907049,0.558027787907049,Lung,Lung,,753,0.558027787907049,0.558027787907049,0.531036951550063,0.585018624264035
754,0.553557893841062,0.553557893841062,Lung,Lung,,754,0.553557893841062,0.553557893841062,0.5265670574840761,0.580548730198048
755,0.559759208026808,0.559759208026808,Lung,Lung,,755,0.559759208026808,0.559759208026808,0.532768371669822,0.586750044383794
756,0.553926774088759,0.553926774088759,Lung,Lung,,756,0.553926774088759,0.553926774088759,0.526935937731773,0.580917610445745
757,0.56385770649882,0.56385770649882,Lung,Lung,,757,0.56385770649882,0.56385770649882,0.5368668701418341,0.590848542855806
758,0.627978700581007,0.627978700581007,Lung,Lung,,758,0.627978700581007,0.627978700581007,0.6009878642240211,0.654969536937993
759,0.57059933316661,0.57059933316661,Lung,Lung,,759,0.57059933316661,0.57059933316661,0.5436084968096241,0.597590169523596
760,0.621000954266638,0.621000954266638,Lung,Lung,,760,0.621000954266638,0.621000954266638,0.5940101179096521,0.647991790623624
761,0.642048354640137,0.642048354640137,Lung,Lung,,761,0.642048354640137,0.642048354640137,0.615057518283151,0.669039190997123
762,0.673604534964543,0.673604534964543,Lung,Lung,,762,0.673604534964543,0.673604534964543,0.646613698607557,0.7005953713215289
763,0.579068945848849,0.579068945848849,Lung,Lung,,763,0.579068945848849,0.579068945848849,0.5520781094918631,0.606059782205835
764,0.641402506739832,0.641402506739832,Lung,Lung,,764,0.641402506739832,0.641402506739832,0.614411670382846,0.668393343096818
765,0.581505092896987,0.581505092896987,Lung,Lung,,765,0.581505092896987,0.581505092896987,0.5545142565400011,0.608495929253973
766,0.644357249247842,0.644357249247842,Lung,Lung,,766,0.644357249247842,0.644357249247842,0.617366412890856,0.671348085604828
767,0.636210944077466,0.636210944077466,Lung,Lung,,767,0.636210944077466,0.636210944077466,0.6092201077204801,0.663201780434452
768,0.601794075421058,0.601794075421058,Lung,Lung,,768,0.601794075421058,0.601794075421058,0.574803239064072,0.628784911778044
769,0.569806807278656,0.569806807278656,Lung,Lung,,769,0.569806807278656,0.569806807278656,0.54281597092167,0.5967976436356419
770,0.596656683245674,0.596656683245674,Lung,Lung,,770,0.596656683245674,0.596656683245674,0.569665846888688,0.62364751960266
771,0.578525379276834,0.578525379276834,Lung,Lung,,771,0.578525379276834,0.578525379276834,0.551534542919848,0.60551621563382
772,0.626697998936288,0.626697998936288,Lung,Lung,,772,0.626697998936288,0.626697998936288,0.599707162579302,0.6536888352932739
773,0.660104386587627,0.660104386587627,Lung,Lung,,773,0.660104386587627,0.660104386587627,0.6331135502306411,0.687095222944613
774,0.61099719599355,0.61099719599355,Lung,Lung,,774,0.61099719599355,0.61099719599355,0.584006359636564,0.6379880323505359
775,0.570944171787705,0.570944171787705,Lung,Lung,,775,0.570944171787705,0.570944171787705,0.543953335430719,0.5979350081446909
776,0.69133049497148,0.69133049497148,Lung,Lung,,776,0.69133049497148,0.69133049497148,0.6643396586144941,0.718321331328466
777,0.655738303703256,0.655738303703256,Lung,Lung,,777,0.655738303703256,0.655738303703256,0.6287474673462701,0.682729140060242
778,0.660581037483644,0.660581037483644,Lung,Lung,,778,0.660581037483644,0.660581037483644,0.6335902011266581,0.68757187384063
779,0.552349835708737,0.552349835708737,Lung,Lung,,779,0.552349835708737,0.552349835708737,0.525358999351751,0.5793406720657229
780,0.674425143047702,0.674425143047702,Lung,Lung,,780,0.674425143047702,0.674425143047702,0.647434306690716,0.7014159794046879
781,0.633026760737412,0.633026760737412,Lung,Lung,,781,0.633026760737412,0.633026760737412,0.6060359243804261,0.660017597094398
782,0.623290118512232,0.623290118512232,Lung,Lung,,782,0.623290118512232,0.623290118512232,0.5962992821552461,0.650280954869218
783,0.620352395726368,0.620352395726368,Lung,Lung,,783,0.620352395726368,0.620352395726368,0.5933615593693821,0.647343232083354
784,0.565334828034975,0.565334828034975,Lung,Lung,,784,0.565334828034975,0.565334828034975,0.5383439916779891,0.592325664391961
785,0.673269196348265,0.673269196348265,Lung,Lung,,785,0.673269196348265,0.673269196348265,0.646278359991279,0.700260032705251
786,0.588920933180489,0.588920933180489,Lung,Lung,,786,0.588920933180489,0.588920933180489,0.561930096823503,0.615911769537475
787,0.644027382258792,0.644027382258792,Lung,Lung,,787,0.644027382258792,0.644027382258792,0.617036545901806,0.6710182186157779
788,0.622217639440205,0.622217639440205,Lung,Lung,,788,0.622217639440205,0.622217639440205,0.5952268030832191,0.649208475797191
789,0.583901616502553,0.583901616502553,Lung,Lung,,789,0.583901616502553,0.583901616502553,0.556910780145567,0.610892452859539
790,0.571547300440725,0.571547300440725,Lung,Lung,,790,0.571547300440725,0.571547300440725,0.544556464083739,0.598538136797711
791,0.666780753775965,0.666780753775965,Lung,Lung,,791,0.666780753775965,0.666780753775965,0.6397899174189791,0.693771590132951
792,0.654360529696569,0.654360529696569,Lung,Lung,,792,0.654360529696569,0.654360529696569,0.627369693339583,0.681351366053555
793,0.586855776295997,0.586855776295997,Lung,Lung,,793,0.586855776295997,0.586855776295997,0.559864939939011,0.6138466126529829
794,0.69099368583411,0.69099368583411,Lung,Lung,,794,0.69099368583411,0.69099368583411,0.6640028494771241,0.717984522191096
795,0.637189239463769,0.637189239463769,Lung,Lung,,795,0.637189239463769,0.637189239463769,0.6101984031067831,0.664180075820755
796,0.668834067250136,0.668834067250136,Lung,Lung,,796,0.668834067250136,0.668834067250136,0.6418432308931501,0.695824903607122
797,0.615972865719814,0.615972865719814,Lung,Lung,,797,0.615972865719814,0.615972865719814,0.5889820293628281,0.6429637020768
798,0.662210513823666,0.662210513823666,Lung,Lung,,798,0.662210513823666,0.662210513823666,0.6352196774666801,0.689201350180652
799,0.584932258909103,0.584932258909103,Lung,Lung,,799,0.584932258909103,0.584932258909103,0.5579414225521171,0.611923095266089
800,0.696394208942074,0.696394208942074,Lung,Lung,,800,0.696394208942074,0.696394208942074,0.6694033725850881,0.72338504529906
