x,y,value,group,label,facet,source,target,weight,lower,upper
-0.0267777341733244,0.0353162141649268,0.003971076772241,G1,G1,,-0.0267777341733244,0.0353162141649268,0.003971076772241,-0.003555269574870696,0.011497423119352696
-0.0306830781761404,0.0423006487917432,0.0018153685895383,G1,G1,,-0.0306830781761404,0.0423006487917432,0.0018153685895383,-0.005710977757573395,0.009341714936649996
-0.0273848543705565,0.0374745667421111,0.0032173252018593,G1,G1,,-0.0273848543705565,0.0374745667421111,0.0032173252018593,-0.004309021145252396,0.010743671548970997
-0.0294100909681238,0.040395339840724,0.0021762248750962,G1,G1,,-0.0294100909681238,0.040395339840724,0.0021762248750962,-0.0053501214720154955,0.009702571222207896
-0.0194693379733522,0.0206068972254325,0.0093972122279521,G1,G1,,-0.0194693379733522,0.0206068972254325,0.0093972122279521,0.0018708658808404043,0.016923558575063797
-0.0251472583427543,0.0249638919229415,0.0028623483858866,G1,G1,,-0.0251472583427543,0.0249638919229415,0.0028623483858866,-0.004663997961225096,0.010388694732998296
-0.0242742832469519,0.0267673424735161,0.0037667484912883,G1,G1,,-0.0242742832469519,0.0267673424735161,0.0037667484912883,-0.003759597855823396,0.011293094838399995
-0.0251445035028536,0.0347920315767986,0.0040562930161752,G1,G1,,-0.0251445035028536,0.0347920315767986,0.0040562930161752,-0.003470053330936496,0.011582639363286896
-0.0301097341360735,0.0400651858988655,0.0027792079813429,G1,G1,,-0.0301097341360735,0.0400651858988655,0.0027792079813429,-0.004747138365768796,0.010305554328454595
-0.0283345652211564,0.0405038232444646,0.0040001049577604,G1,G1,,-0.0283345652211564,0.0405038232444646,0.0040001049577604,-0.0035262413893512963,0.011526451304872096
-0.0270172767434941,0.0362665005406805,0.0055802574135255,G1,G1,,-0.0270172767434941,0.0362665005406805,0.0055802574135255,-0.0019460889335861957,0.013106603760637197
-0.0262442690141786,0.0352438170332431,0.0036990594842276,G1,G1,,-0.0262442690141786,0.0352438170332431,0.0036990594842276,-0.003827286862884096,0.011225405831339297
-0.0283549371758943,0.0368114335105996,0.0027671218973328,G1,G1,,-0.0283549371758943,0.0368114335105996,0.0027671218973328,-0.004759224449778896,0.010293468244444496
-0.0130968604158728,0.0122230353842147,0.0185088628024026,G1,G1,,-0.0130968604158728,0.0122230353842147,0.0185088628024026,0.010982516455290903,0.026035209149514297
-0.0264511524807455,0.0350464497612659,0.0048534005313178,G1,G1,,-0.0264511524807455,0.0350464497612659,0.0048534005313178,-0.0026729458157938955,0.012379746878429496
-0.0230842594867437,0.0285271536714255,0.007182611784772,G1,G1,,-0.0230842594867437,0.0285271536714255,0.007182611784772,-0.0003437345623396957,0.014708958131883696
-0.0311427993309577,0.0411037107696569,0.0010522011794001,G1,G1,,-0.0311427993309577,0.0411037107696569,0.0010522011794001,-0.006474145167711596,0.008578547526511797
-0.0297588579178743,0.0404314988569654,0.001554226921728,G1,G1,,-0.0297588579178743,0.0404314988569654,0.001554226921728,-0.005972119425383696,0.009080573268839695
-0.0311805692077891,0.0431426929983919,0.0011823916830239,G1,G1,,-0.0311805692077891,0.0431426929983919,0.0011823916830239,-0.006343954664087796,0.008708738030135596
-0.0311828354767361,0.0430329083257536,0.0004006058446324,G1,G1,,-0.0311828354767361,0.0430329083257536,0.0004006058446324,-0.007125740502479296,0.007926952191744096
-0.0323476225000145,0.0455120112374733,0.001384305974852,G1,G1,,-0.0323476225000145,0.0455120112374733,0.001384305974852,-0.006142040372259696,0.008910652321963697
-0.0260351356625061,0.0274461577198693,0.0021083174451678,G1,G1,,-0.0260351356625061,0.0274461577198693,0.0021083174451678,-0.005418028901943896,0.009634663792279495
-0.0267751065906515,0.0322955196387439,0.0037939386832932,G1,G1,,-0.0267751065906515,0.0322955196387439,0.0037939386832932,-0.003732407663818496,0.011320285030404897
-0.0309646644210759,0.0414072255770078,0.0009602536693081,G1,G1,,-0.0309646644210759,0.0414072255770078,0.0009602536693081,-0.006566092677803596,0.008486600016419796
-0.0318936033087624,0.0440720693480474,0.0004725252442953,G1,G1,,-0.0318936033087624,0.0440720693480474,0.0004725252442953,-0.007053821102816396,0.007998871591406996
-0.0243590365737026,0.0391135588140028,0.0047833904970979,G1,G1,,-0.0243590365737026,0.0391135588140028,0.0047833904970979,-0.0027429558500137955,0.012309736844209596
-0.0012855147882459,0.016790377813869,0.0095687614614566,G1,G1,,-0.0012855147882459,0.016790377813869,0.0095687614614566,0.0020424151143449048,0.017095107808568297
0.0190494869907793,-0.0006341794527314,0.016536442707986,G1,G1,,0.0190494869907793,-0.0006341794527314,0.016536442707986,0.009010096360874305,0.0240627890550977
-0.0072985679526258,-0.0226564681714407,0.0057886483770959,G1,G1,,-0.0072985679526258,-0.0226564681714407,0.0057886483770959,-0.0017376979700157958,0.013314994724207597
-0.0077285882291731,0.0157884365998475,0.0145295307344447,G1,G1,,-0.0077285882291731,0.0157884365998475,0.0145295307344447,0.007003184387333004,0.022055877081556395
-0.0260937790032052,0.0230121863037613,-0.0023307744737049,G1,G1,,-0.0260937790032052,0.0230121863037613,-0.0023307744737049,-0.009857120820816596,0.005195571873406796
-0.0147955055649329,0.022501690024525,0.010785239299715,G1,G1,,-0.0147955055649329,0.022501690024525,0.010785239299715,0.0032588929526033037,0.018311585646826695
-0.0087809624961975,0.0217859523507991,0.0016964925875475,G1,G1,,-0.0087809624961975,0.0217859523507991,0.0016964925875475,-0.005829853759564196,0.009222838934659196
-0.0125719609180139,0.018632427835686,0.0097618026509921,G1,G1,,-0.0125719609180139,0.018632427835686,0.0097618026509921,0.0022354563038804046,0.017288148998103797
-0.0119826156560913,0.0244550331905904,0.0113496035569367,G1,G1,,-0.0119826156560913,0.0244550331905904,0.0113496035569367,0.0038232572098250038,0.018875949904048395
-0.0198549542415178,0.0325650153978098,0.0071265344502791,G1,G1,,-0.0198549542415178,0.0325650153978098,0.0071265344502791,-0.00039981189683259595,0.014652880797390796
-0.0124869992952269,0.0245176787511552,0.0119653443040718,G1,G1,,-0.0124869992952269,0.0245176787511552,0.0119653443040718,0.004438997956960104,0.019491690651183495
0.0011200923161966,0.0107782156825733,0.0185973433825174,G1,G1,,0.0011200923161966,0.0107782156825733,0.0185973433825174,0.011070997035405702,0.026123689729629095
-0.0090849665854444,0.0172780887438324,0.0130812563104522,G1,G1,,-0.0090849665854444,0.0172780887438324,0.0130812563104522,0.005554909963340504,0.020607602657563895
-0.0156301469971897,0.0271375052489692,0.0060133553209032,G1,G1,,-0.0156301469971897,0.0271375052489692,0.0060133553209032,-0.0015129910262084963,0.013539701668014895
-0.02984479288299,0.0230425193686005,-0.0042569482883148,G1,G1,,-0.02984479288299,0.0230425193686005,-0.0042569482883148,-0.011783294635426496,0.003269398058796896
-0.0359179234559668,0.049882250125476,-0.0027716765959737,G1,G1,,-0.0359179234559668,0.049882250125476,-0.0027716765959737,-0.010298022943085395,0.004754669751137996
-0.0310507257905963,0.0378689970803637,-0.0025522688044384,G1,G1,,-0.0310507257905963,0.0378689970803637,-0.0025522688044384,-0.010078615151550096,0.0049740775426732955
-0.0342838011891872,0.0358496884233798,-0.0070762202832847,G1,G1,,-0.0342838011891872,0.0358496884233798,-0.0070762202832847,-0.014602566630396396,0.0004501260638269961
-0.0333912669211815,0.0449499713312827,-0.0017917035407954,G1,G1,,-0.0333912669211815,0.0449499713312827,-0.0017917035407954,-0.009318049887907095,0.005734642806316296
-0.0342035799584797,0.0429634166013958,-0.0043428386187895,G1,G1,,-0.0342035799584797,0.0429634166013958,-0.0043428386187895,-0.011869184965901195,0.0031835077283221963
-0.027111245215563,0.0003958674565677,-0.0074958170039381,G1,G1,,-0.027111245215563,0.0003958674565677,-0.0074958170039381,-0.015022163351049795,3.052934317359594e-05
-0.0297217967388157,0.0320463074196159,-0.0006460425114872,G1,G1,,-0.0297217967388157,0.0320463074196159,-0.0006460425114872,-0.008172388858598896,0.006880303835624496
-0.0334327991491387,0.0474236902834227,-0.0004431180168503,G1,G1,,-0.0334327991491387,0.0474236902834227,-0.0004431180168503,-0.007969464363961997,0.007083228330261396
-0.029127116903882,0.0403128522408248,0.0013699989475089,G1,G1,,-0.029127116903882,0.0403128522408248,0.0013699989475089,-0.006156347399602796,0.008896345294620595
-0.0314514620120733,0.0427367320533886,0.0009891344130786,G1,G1,,-0.0314514620120733,0.0427367320533886,0.0009891344130786,-0.006537211934033096,0.008515480760190295
-0.0305686341837961,0.0425399404168575,0.0019929242287115,G1,G1,,-0.0305686341837961,0.0425399404168575,0.0019929242287115,-0.0055334221184001955,0.009519270575823196
-0.0234579698850416,0.0278423981282761,0.0057626263582869,G1,G1,,-0.0234579698850416,0.0278423981282761,0.0057626263582869,-0.0017637199888247959,0.013288972705398597
-0.0288212799207594,0.0402621993947523,0.0033291582892717,G1,G1,,-0.0288212799207594,0.0402621993947523,0.0033291582892717,-0.004197188057839996,0.010855504636383396
-0.0325061925177489,0.04292268801635,0.0016104410628229,G1,G1,,-0.0325061925177489,0.04292268801635,0.0016104410628229,-0.005915905284288796,0.009136787409934595
-0.0336241005695108,0.0437662411106478,0.0004333599009819,G1,G1,,-0.0336241005695108,0.0437662411106478,0.0004333599009819,-0.007092986446129796,0.007959706248093596
-0.0317686302395355,0.0438579629758809,0.0014488992988951,G1,G1,,-0.0317686302395355,0.0438579629758809,0.0014488992988951,-0.006077447048216595,0.008975245646006796
-0.0323547097843836,0.045375261086239,0.0001686405831034,G1,G1,,-0.0323547097843836,0.045375261086239,0.0001686405831034,-0.007357705764008296,0.007694986930215096
-0.0228501513170885,0.0331335581339617,0.0056625658037577,G1,G1,,-0.0228501513170885,0.0331335581339617,0.0056625658037577,-0.0018637805433539961,0.013188912150869396
-0.0286113984399181,0.0373436330483818,0.0010286396560366,G1,G1,,-0.0286113984399181,0.0373436330483818,0.0010286396560366,-0.006497706691075095,0.008554986003148296
-0.0269435167102942,0.0365552509391537,0.0028564826794656,G1,G1,,-0.0269435167102942,0.0365552509391537,0.0028564826794656,-0.004669863667646096,0.010382829026577296
-0.0237432813363334,0.0285547775850669,0.0023162581292385,G1,G1,,-0.0237432813363334,0.0285547775850669,0.0023162581292385,-0.005210088217873196,0.009842604476350197
-0.0259385549622971,0.0319822859331902,0.0034467069523763,G1,G1,,-0.0259385549622971,0.0319822859331902,0.0034467069523763,-0.004079639394735396,0.010973053299487997
-0.0361217775126846,0.0512511404907726,-0.002796939605581,G1,G1,,-0.0361217775126846,0.0512511404907726,-0.002796939605581,-0.010323285952692695,0.0047294067415306965
-0.0319395412554011,0.0417052716283842,0.0003382144270718,G1,G1,,-0.0319395412554011,0.0417052716283842,0.0003382144270718,-0.007188131920039896,0.007864560774183496
-0.0349137724145315,0.0483543840633026,-0.0031166064670103,G1,G1,,-0.0349137724145315,0.0483543840633026,-0.0031166064670103,-0.010642952814121996,0.004409739880101396
-0.0339075759523185,0.047623535848467,-0.0001919150491441,G1,G1,,-0.0339075759523185,0.047623535848467,-0.0001919150491441,-0.007718261396255796,0.007334431297967596
-0.0145229836950248,0.0200116990388266,0.0122546629730644,G1,G1,,-0.0145229836950248,0.0200116990388266,0.0122546629730644,0.0047283166259527035,0.019781009320176096
-0.0201374954122971,0.0235052738504897,0.0104692310211339,G1,G1,,-0.0201374954122971,0.0235052738504897,0.0104692310211339,0.0029428846740222033,0.017995577368245596
-0.0297061824305826,0.0395539987134348,0.0011486814542961,G1,G1,,-0.0297061824305826,0.0395539987134348,0.0011486814542961,-0.006377664892815596,0.008675027801407796
-0.0278989108276676,0.0332569031282933,0.0024340508007738,G1,G1,,-0.0278989108276676,0.0332569031282933,0.0024340508007738,-0.005092295546337896,0.009960397147885495
-0.0385844433030704,0.0547618443904282,-0.0035019755105951,G1,G1,,-0.0385844433030704,0.0547618443904282,-0.0035019755105951,-0.011028321857706795,0.004024370836516596
-0.0319338819065815,0.0384963244295325,0.0011538925976439,G1,G1,,-0.0319338819065815,0.0384963244295325,0.0011538925976439,-0.006372453749467796,0.008680238944755597
-0.0393092557638847,0.0557346831060369,-0.0058217638952509,G1,G1,,-0.0393092557638847,0.0557346831060369,-0.0058217638952509,-0.013348110242362595,0.0017045824518607958
-0.0413830830077212,0.0584553004265832,-0.0082199794801864,G1,G1,,-0.0413830830077212,0.0584553004265832,-0.0082199794801864,-0.015746325827298097,-0.000693633133074704
-0.04260847024444,0.060976080654714,-0.0080147618143766,G1,G1,,-0.04260847024444,0.060976080654714,-0.0080147618143766,-0.015541108161488296,-0.0004884154672649037
-0.042156089296917,0.0583208545996435,-0.0080556800415619,G1,G1,,-0.042156089296917,0.0583208545996435,-0.0080556800415619,-0.015582026388673596,-0.0005293336944502047
-0.0414922240065876,0.0561972371607032,-0.0082161027124094,G1,G1,,-0.0414922240065876,0.0561972371607032,-0.0082161027124094,-0.015742449059521095,-0.0006897563652977041
-0.0430785329955749,0.0625834878925647,-0.0084208900675141,G1,G1,,-0.0430785329955749,0.0625834878925647,-0.0084208900675141,-0.015947236414625796,-0.0008945437204024046
-0.0398297666067438,0.0550994000504791,-0.0071100780375959,G1,G1,,-0.0398297666067438,0.0550994000504791,-0.0071100780375959,-0.014636424384707596,0.0004162683095157958
-0.0363993205803158,0.0472759788777282,-0.0066389432025566,G1,G1,,-0.0363993205803158,0.0472759788777282,-0.0066389432025566,-0.014165289549668296,0.0008874031445550955
-0.035145663310453,0.0442714026897824,-0.0059346211299879,G1,G1,,-0.035145663310453,0.0442714026897824,-0.0059346211299879,-0.013460967477099597,0.001591725217123796
-0.0437057792557319,0.06405359916769,-0.0076449733280434,G1,G1,,-0.0437057792557319,0.06405359916769,-0.0076449733280434,-0.015171319675155096,-0.00011862698093170407
-0.0431820689968448,0.0640142732691462,-0.0071679209155348,G1,G1,,-0.0431820689968448,0.0640142732691462,-0.0071679209155348,-0.014694267262646495,0.00035842543157689564
-0.0451132313892527,0.065761349922248,-0.0082291282406299,G1,G1,,-0.0451132313892527,0.065761349922248,-0.0082291282406299,-0.015755474587741597,-0.0007027818935182043
-0.0386178446066323,0.0518794221942201,-0.0073518429822032,G1,G1,,-0.0386178446066323,0.0518794221942201,-0.0073518429822032,-0.014878189329314895,0.0001745033649084961
-0.0370912210385557,0.0489152424035421,-0.0068267229599347,G1,G1,,-0.0370912210385557,0.0489152424035421,-0.0068267229599347,-0.014353069307046395,0.0006996233871769961
-0.0400586116441325,0.0463450302234946,-0.0108464192270252,G1,G1,,-0.0400586116441325,0.0463450302234946,-0.0108464192270252,-0.018372765574136897,-0.0033200728799135043
-0.0398766958273536,0.0522297195155692,-0.0082423753323183,G1,G1,,-0.0398766958273536,0.0522297195155692,-0.0082423753323183,-0.015768721679429994,-0.0007160289852066034
-0.038782468451781,0.0505229666588342,-0.0075671028539438,G1,G1,,-0.038782468451781,0.0505229666588342,-0.0075671028539438,-0.015093449201055497,-4.075650683210436e-05
-0.0404073651401054,0.0533653155097548,-0.0085349545463417,G1,G1,,-0.0404073651401054,0.0533653155097548,-0.0085349545463417,-0.016061300893453395,-0.0010086081992300043
-0.0381539221497397,0.0468321079278364,-0.0074337138497523,G1,G1,,-0.0381539221497397,0.0468321079278364,-0.0074337138497523,-0.014960060196863996,9.263249735939547e-05
-0.0411233401956669,0.054647637859215,-0.00753766990794,G1,G1,,-0.0411233401956669,0.054647637859215,-0.00753766990794,-0.015064016255051696,-1.1323560828304519e-05
-0.0390807040206756,0.0541310948435304,-0.0055720908862722,G1,G1,,-0.0390807040206756,0.0541310948435304,-0.0055720908862722,-0.013098437233383897,0.001954255460839496
-0.0409062593479239,0.051691581304258,-0.0087672441297724,G1,G1,,-0.0409062593479239,0.051691581304258,-0.0087672441297724,-0.016293590476884095,-0.001240897782660704
-0.0371161054707922,0.0414339098531078,-0.0097384900623763,G1,G1,,-0.0371161054707922,0.0414339098531078,-0.0097384900623763,-0.017264836409487994,-0.0022121437152646034
-0.0382589925510166,0.0499671218558991,-0.0076820755852811,G1,G1,,-0.0382589925510166,0.0499671218558991,-0.0076820755852811,-0.015208421932392795,-0.00015572923816940375
-0.0397240892571802,0.0510801682746228,-0.0077611820217026,G1,G1,,-0.0397240892571802,0.0510801682746228,-0.0077611820217026,-0.015287528368814297,-0.00023483567459090405
-0.0415124482417969,0.0531755536961005,-0.0094779688635204,G1,G1,,-0.0415124482417969,0.0531755536961005,-0.0094779688635204,-0.017004315210632098,-0.001951622516408705
-0.0443634312101153,0.066661783586862,-0.0078292428974575,G1,G1,,-0.0443634312101153,0.066661783586862,-0.0078292428974575,-0.015355589244569198,-0.00030289655034580493
-0.0452677443081744,0.0672839388873248,-0.0085428420063574,G1,G1,,-0.0452677443081744,0.0672839388873248,-0.0085428420063574,-0.016069188353469096,-0.001016495659245705
-0.0453926447553368,0.0677295616295679,-0.0081575757038476,G1,G1,,-0.0453926447553368,0.0677295616295679,-0.0081575757038476,-0.015683922050959295,-0.0006312293567359043
-0.045162126731996,0.0677027223594468,-0.0084825188409212,G1,G1,,-0.045162126731996,0.0677027223594468,-0.0084825188409212,-0.016008865188032895,-0.0009561724938095045
-0.038633763016909,0.0548203046893212,-0.0051104716157542,G1,G1,,-0.038633763016909,0.0548203046893212,-0.0051104716157542,-0.012636817962865896,0.0024158747313574955
-0.0360605990069285,0.0488693091906408,-0.0025932564585897,G1,G1,,-0.0360605990069285,0.0488693091906408,-0.0025932564585897,-0.010119602805701396,0.0049330898885219954
-0.0379312823729555,0.0541184970750751,-0.0056070066686576,G1,G1,,-0.0379312823729555,0.0541184970750751,-0.0056070066686576,-0.013133353015769296,0.0019193396784540958
-0.0397266597669429,0.0546894586173637,-0.0067318314957465,G1,G1,,-0.0397266597669429,0.0546894586173637,-0.0067318314957465,-0.014258177842858197,0.0007945148513651959
-0.0422269219358061,0.0590898208163969,-0.0069235701664074,G1,G1,,-0.0422269219358061,0.0590898208163969,-0.0069235701664074,-0.014449916513519095,0.0006027761807042955
-0.0386239854706003,0.0529566881405087,-0.006456147333229,G1,G1,,-0.0386239854706003,0.0529566881405087,-0.006456147333229,-0.013982493680340696,0.0010701990138826962
-0.041616742169565,0.0602633828986814,-0.0069199183772607,G1,G1,,-0.041616742169565,0.0602633828986814,-0.0069199183772607,-0.014446264724372396,0.000606427969850996
-0.0379067336412311,0.0500134470588011,-0.005425151650696,G1,G1,,-0.0379067336412311,0.0500134470588011,-0.005425151650696,-0.012951497997807697,0.0021011946964156957
-0.0391386795365008,0.0494066433524278,-0.00683389519682,G1,G1,,-0.0391386795365008,0.0494066433524278,-0.00683389519682,-0.014360241543931696,0.0006924511502916959
-0.0423230020368604,0.0600672137242835,-0.0076288878488253,G1,G1,,-0.0423230020368604,0.0600672137242835,-0.0076288878488253,-0.015155234195936996,-0.00010254150171360409
-0.0452081775587714,0.0660322744226112,-0.0079983692342964,G1,G1,,-0.0452081775587714,0.0660322744226112,-0.0079983692342964,-0.015524715581408097,-0.00047202288718470407
-0.0457798946240875,0.0672338305086314,-0.0077443625446039,G1,G1,,-0.0457798946240875,0.0672338305086314,-0.0077443625446039,-0.015270708891715595,-0.0002180161974922037
-0.0452900918472454,0.0665373622726623,-0.008260168950864,G1,G1,,-0.0452900918472454,0.0665373622726623,-0.008260168950864,-0.015786515297975697,-0.0007338226037523045
-0.0442623358576776,0.0653036079702946,-0.0075474285821142,G1,G1,,-0.0442623358576776,0.0653036079702946,-0.0075474285821142,-0.015073774929225896,-2.108223500250396e-05
-0.0240255690868757,0.0426001785426888,0.0023054976721108,G1,G1,,-0.0240255690868757,0.0426001785426888,0.0023054976721108,-0.005220848675000896,0.009831844019222496
-0.0246683498984869,0.0446879146270292,-0.000798444215131,G1,G1,,-0.0246683498984869,0.0446879146270292,-0.000798444215131,-0.008324790562242695,0.006727902131980696
-0.0350877545228509,0.0561132729277931,0.0001010157091626,G1,G1,,-0.0350877545228509,0.0561132729277931,0.0001010157091626,-0.007425330637949096,0.0076273620562742955
-0.0338330866328913,0.0540138310951468,0.0008613820019119,G1,G1,,-0.0338330866328913,0.0540138310951468,0.0008613820019119,-0.006664964345199796,0.008387728349023595
-0.0386989340214693,0.0569290077593516,-0.0035725022834632,G1,G1,,-0.0386989340214693,0.0569290077593516,-0.0035725022834632,-0.011098848630574896,0.003953844063648496
-0.0364877263295396,0.0536172940156992,-0.0018604125643421,G1,G1,,-0.0364877263295396,0.0536172940156992,-0.0018604125643421,-0.009386758911453796,0.005665933782769595
-0.0335627871947088,0.0488182951862302,0.0010232192533154,G1,G1,,-0.0335627871947088,0.0488182951862302,0.0010232192533154,-0.006503127093796296,0.008549565600427095
-0.035195682206889,0.0539165065799333,0.0003045589124501,G1,G1,,-0.035195682206889,0.0539165065799333,0.0003045589124501,-0.007221787434661596,0.007830905259561797
-0.0366370703014965,0.0555471049956774,-0.0029589352679321,G1,G1,,-0.0366370703014965,0.0555471049956774,-0.0029589352679321,-0.010485281615043796,0.0045674110791795956
-0.0353739425400127,0.0550935325318177,-0.0020444357757547,G1,G1,,-0.0353739425400127,0.0550935325318177,-0.0020444357757547,-0.009570782122866396,0.005481910571356996
-0.0383997812596864,0.0587477716151188,-0.002553147716544,G1,G1,,-0.0383997812596864,0.0587477716151188,-0.002553147716544,-0.010079494063655697,0.004973198630567696
-0.0392173889980961,0.0599546949872345,-0.002949026498832,G1,G1,,-0.0392173889980961,0.0599546949872345,-0.002949026498832,-0.010475372845943695,0.004577319848279696
-0.0392271100025954,0.0602569988909963,-0.0027564832863328,G1,G1,,-0.0392271100025954,0.0602569988909963,-0.0027564832863328,-0.010282829633444495,0.004769863060778896
-0.0375607823452945,0.0579687573462829,-0.0029511310192811,G1,G1,,-0.0375607823452945,0.0579687573462829,-0.0029511310192811,-0.010477477366392795,0.0045752153278305965
-0.0400486983394914,0.0566864008248536,-0.0057517539694867,G1,G1,,-0.0400486983394914,0.0566864008248536,-0.0057517539694867,-0.013278100316598396,0.0017745923776249957
-0.0389102933671911,0.0456203434273011,-0.0088625355044117,G1,G1,,-0.0389102933671911,0.0456203434273011,-0.0088625355044117,-0.016388881851523394,-0.0013361891573000035
-0.0318587342435963,0.0387999417566783,-0.0054847979523911,G1,G1,,-0.0318587342435963,0.0387999417566783,-0.0054847979523911,-0.013011144299502796,0.0020415483947205963
-0.0340127307114378,0.0411857035153618,-0.0053846413784889,G1,G1,,-0.0340127307114378,0.0411857035153618,-0.0053846413784889,-0.012910987725600596,0.002141704968622796
-0.0371210463189847,0.05564256296099,-0.0017811775501949,G1,G1,,-0.0371210463189847,0.05564256296099,-0.0017811775501949,-0.009307523897306595,0.005745168796916796
-0.0356864047946444,0.0445184834450475,-0.0069874593270569,G1,G1,,-0.0356864047946444,0.0445184834450475,-0.0069874593270569,-0.014513805674168597,0.0005388870200547955
-0.035415352744147,0.0417625898837743,-0.0084098897705584,G1,G1,,-0.035415352744147,0.0417625898837743,-0.0084098897705584,-0.015936236117670095,-0.0008835434234467044
-0.0371631451538797,0.0494281554519086,-0.0057020290030449,G1,G1,,-0.0371631451538797,0.0494281554519086,-0.0057020290030449,-0.013228375350156595,0.0018243173440667957
-0.0404244250520741,0.05795842299115,-0.0069694253305407,G1,G1,,-0.0404244250520741,0.05795842299115,-0.0069694253305407,-0.014495771677652397,0.0005569210165709956
-0.0412803805178233,0.0579759265087483,-0.0076506927801016,G1,G1,,-0.0412803805178233,0.0579759265087483,-0.0076506927801016,-0.015177039127213295,-0.00012434643298990435
-0.0369646639606894,0.0491768452429,-0.0062317488622905,G1,G1,,-0.0369646639606894,0.0491768452429,-0.0062317488622905,-0.013758095209402195,0.001294597484821196
-0.036388010851248,0.0480312309226746,-0.0044655876711925,G1,G1,,-0.036388010851248,0.0480312309226746,-0.0044655876711925,-0.011991934018304196,0.003060758675919196
-0.0290765583104826,0.0386774477544454,-0.0077837615116696,G1,G1,,-0.0290765583104826,0.0386774477544454,-0.0077837615116696,-0.015310107858781296,-0.0002574151645579042
-0.0391684356236666,0.0539448355677688,-0.0061162969868955,G1,G1,,-0.0391684356236666,0.0539448355677688,-0.0061162969868955,-0.013642643334007196,0.0014100493602161963
-0.0382499203298252,0.0454681557588581,-0.0078203011146533,G1,G1,,-0.0382499203298252,0.0454681557588581,-0.0078203011146533,-0.015346647461764996,-0.00029395476754160484
-0.0317875451364186,0.034525993117082,-0.0038615179651024,G1,G1,,-0.0317875451364186,0.034525993117082,-0.0038615179651024,-0.011387864312214096,0.003664828382009296
-0.0265368180358741,0.0240279031245909,0.0027239318449133,G1,G1,,-0.0265368180358741,0.0240279031245909,0.0027239318449133,-0.004802414502198395,0.010250278192024996
-0.0316157473655807,0.0376479940978888,-0.0027551111162887,G1,G1,,-0.0316157473655807,0.0376479940978888,-0.0027551111162887,-0.010281457463400395,0.004771235230822996
-0.0330760229418941,0.0455627446256061,-0.0002358131905096,G1,G1,,-0.0330760229418941,0.0455627446256061,-0.0002358131905096,-0.007762159537621296,0.007290533156602096
-0.0285025450877372,0.0272857984081169,0.0029760147489084,G1,G1,,-0.0285025450877372,0.0272857984081169,0.0029760147489084,-0.004550331598203295,0.010502361096020096
-0.0261497733784301,0.0340872455261377,-0.0034961350582591,G1,G1,,-0.0261497733784301,0.0340872455261377,-0.0034961350582591,-0.011022481405370797,0.004030211288852596
-0.0237001790122554,0.0269703436894809,0.0084813962882733,G1,G1,,-0.0237001790122554,0.0269703436894809,0.0084813962882733,0.0009550499411616039,0.016007742635384997
-0.0149053387481414,0.0187095456938257,-0.0021288676127178,G1,G1,,-0.0149053387481414,0.0187095456938257,-0.0021288676127178,-0.009655213959829496,0.005397478734393895
-0.0339432428281485,0.0372823486999705,-0.0071438240076551,G1,G1,,-0.0339432428281485,0.0372823486999705,-0.0071438240076551,-0.014670170354766796,0.00038252233945659624
-0.0366999201074224,0.0479290537522284,-0.0068356974493372,G1,G1,,-0.0366999201074224,0.0479290537522284,-0.0068356974493372,-0.014362043796448896,0.0006906488977744957
-0.0331519801068706,0.0262299901654597,-0.0066690928264137,G1,G1,,-0.0331519801068706,0.0262299901654597,-0.0066690928264137,-0.014195439173525396,0.0008572535206979957
-0.0201792146413519,0.0062291964580203,0.0183050209235331,G1,G1,,-0.0201792146413519,0.0062291964580203,0.0183050209235331,0.010778674576421402,0.025831367270644796
-0.0189935556875201,0.0285631160663722,-0.0026199755532795,G1,G1,,-0.0189935556875201,0.0285631160663722,-0.0026199755532795,-0.010146321900391195,0.004906370793832196
-0.0300127994845361,0.0359121834212979,-0.0118058205001935,G1,G1,,-0.0300127994845361,0.0359121834212979,-0.0118058205001935,-0.019332166847305196,-0.0042794741530818034
-0.0363985127248864,0.0440875399609102,-0.006682838271267,G1,G1,,-0.0363985127248864,0.0440875399609102,-0.006682838271267,-0.014209184618378695,0.0008435080758446957
-0.0363586822774256,0.0426776047789444,-0.0061352624128696,G1,G1,,-0.0363586822774256,0.0426776047789444,-0.0061352624128696,-0.013661608759981295,0.0013910839342420956
-0.0297935554825242,0.0231268276084056,-0.0079722820396395,G1,G1,,-0.0297935554825242,0.0231268276084056,-0.0079722820396395,-0.015498628386751197,-0.0004459356925278048
-0.0361382900386447,0.0352570996919953,-0.0084545925964954,G1,G1,,-0.0361382900386447,0.0352570996919953,-0.0084545925964954,-0.015980938943607095,-0.0009282462493837044
-0.0326122945817603,0.0257216460906876,-0.0061636014528862,G1,G1,,-0.0326122945817603,0.0257216460906876,-0.0061636014528862,-0.013689947799997895,0.0013627448942254957
-0.0322968904276405,0.0354179652774541,-0.005388632876024,G1,G1,,-0.0322968904276405,0.0354179652774541,-0.005388632876024,-0.012914979223135696,0.002137713471087696
-0.0232313175930131,0.0034548777690615,-0.0017783044079356,G1,G1,,-0.0232313175930131,0.0034548777690615,-0.0017783044079356,-0.009304650755047297,0.005748041939176096
-0.0362218820773451,0.0367746581000141,-0.0082449732253556,G1,G1,,-0.0362218820773451,0.0367746581000141,-0.0082449732253556,-0.015771319572467295,-0.0007186268782439038
-0.0317777326961829,0.0293215021282985,-0.004958740735926,G1,G1,,-0.0317777326961829,0.0293215021282985,-0.004958740735926,-0.012485087083037697,0.0025676056111856955
-0.0299075327581344,0.0333827762756945,-0.0019136598435314,G1,G1,,-0.0299075327581344,0.0333827762756945,-0.0019136598435314,-0.009440006190643096,0.005612686503580296
-0.0198549155302872,0.008128725407682,0.0020305017025539,G1,G1,,-0.0198549155302872,0.008128725407682,0.0020305017025539,-0.005495844644557796,0.009556848049665596
-0.0292884077292991,0.0264372448249931,-0.0033801477184719,G1,G1,,-0.0292884077292991,0.0264372448249931,-0.0033801477184719,-0.010906494065583597,0.004146198628639796
-0.0217979288962776,0.0049655265997526,-0.0021091793110896,G1,G1,,-0.0217979288962776,0.0049655265997526,-0.0021091793110896,-0.009635525658201296,0.0054171670360220955
-0.0267793269494045,-0.0099120827926351,-0.0120862432555452,G1,G1,,-0.0267793269494045,-0.0099120827926351,-0.0120862432555452,-0.019612589602656896,-0.004559896908433504
-0.0190339551401172,0.0071512519116309,0.0056324813947055,G1,G1,,-0.0190339551401172,0.0071512519116309,0.0056324813947055,-0.0018938649524061959,0.013158827741817196
-0.0056159861241728,0.0016161136118324,0.0031210362721841,G1,G1,,-0.0056159861241728,0.0016161136118324,0.0031210362721841,-0.004405310074927596,0.010647382619295796
-0.0097635405535467,-0.0031784523805978,0.0120368861561139,G1,G1,,-0.0097635405535467,-0.0031784523805978,0.0120368861561139,0.004510539809002204,0.019563232503225596
-0.0303192454327181,0.0283736555973694,-0.002568084579563,G1,G1,,-0.0303192454327181,0.0283736555973694,-0.002568084579563,-0.010094430926674697,0.004958261767548696
-0.0299536599482109,0.0297892428511214,-0.0038527675553843,G1,G1,,-0.0299536599482109,0.0297892428511214,-0.0038527675553843,-0.011379113902495996,0.0036735787917273957
-0.0342864184546949,0.0397176052083989,-0.0028400513281659,G1,G1,,-0.0342864184546949,0.0397176052083989,-0.0028400513281659,-0.010366397675277595,0.004686295018945796
-0.0169407042170633,0.0166563220393975,0.0073124853561825,G1,G1,,-0.0169407042170633,0.0166563220393975,0.0073124853561825,-0.00021386099092919608,0.014838831703294196
-0.0279853501431593,0.0198871863832055,0.0007906341203104,G1,G1,,-0.0279853501431593,0.0198871863832055,0.0007906341203104,-0.006735712226801296,0.008316980467422096
-0.0327692117736398,0.0211487550460089,-0.0065247954827433,G1,G1,,-0.0327692117736398,0.0211487550460089,-0.0065247954827433,-0.014051141829854997,0.0010015508643683958
-0.0177604391666691,0.0129538131947516,0.0448045528724999,G1,G1,,-0.0177604391666691,0.0129538131947516,0.0448045528724999,0.037278206525388206,0.0523308992196116
-0.0164413567336728,0.0100002431048775,0.0385591936621993,G1,G1,,-0.0164413567336728,0.0100002431048775,0.0385591936621993,0.031032847315087604,0.046085540009311
-0.0345544963325802,0.0365699739426428,-0.0034456226441009,G1,G1,,-0.0345544963325802,0.0365699739426428,-0.0034456226441009,-0.010971968991212597,0.004080723703010796
-0.0353637330951879,0.0403140692655885,-0.0056821255403762,G1,G1,,-0.0353637330951879,0.0403140692655885,-0.0056821255403762,-0.013208471887487895,0.0018442208067354958
-0.0340669501999717,0.0411209691082477,-0.0036337722739116,G1,G1,,-0.0340669501999717,0.0411209691082477,-0.0036337722739116,-0.011160118621023295,0.003892574073200096
-0.0338477666819144,0.0348528373247351,-0.0034442973621399,G1,G1,,-0.0338477666819144,0.0348528373247351,-0.0034442973621399,-0.010970643709251595,0.004082048984971796
-0.038681337526569,0.0441729923888406,-0.0094349437979198,G1,G1,,-0.038681337526569,0.0441729923888406,-0.0094349437979198,-0.016961290145031494,-0.0019085974508081032
-0.0344903690003868,0.0363330217322057,-0.004282231093928,G1,G1,,-0.0344903690003868,0.0363330217322057,-0.004282231093928,-0.011808577441039695,0.003244115253183696
-0.0349094702513209,0.0366498495918267,-0.0050806993658959,G1,G1,,-0.0349094702513209,0.0366498495918267,-0.0050806993658959,-0.012607045713007595,0.0024456469812157962
-0.0269436883078611,0.0153537149476272,0.0016147771119469,G1,G1,,-0.0269436883078611,0.0153537149476272,0.0016147771119469,-0.005911569235164796,0.009141123459058596
-0.0248879104887294,-0.0069742029920294,-0.0007746358945546,G1,G1,,-0.0248879104887294,-0.0069742029920294,-0.0007746358945546,-0.008300982241666297,0.006751710452557096
-0.0356036761228203,0.0380620464292256,-0.0053518536126151,G1,G1,,-0.0356036761228203,0.0380620464292256,-0.0053518536126151,-0.012878199959726796,0.0021744927344965956
-0.0332885221048628,0.0284299339717978,-0.0037637085500453,G1,G1,,-0.0332885221048628,0.0284299339717978,-0.0037637085500453,-0.011290054897156995,0.003762637797066396
-0.0339374494295058,0.0324760066549934,-0.0048673584708223,G1,G1,,-0.0339374494295058,0.0324760066549934,-0.0048673584708223,-0.012393704817933997,0.002658987876289396
-0.0356389104051094,0.038422363087137,-0.0069299376127281,G1,G1,,-0.0356389104051094,0.038422363087137,-0.0069299376127281,-0.014456283959839795,0.0005964087343835961
-0.033340059257877,0.0283977139385048,-0.0053096593221373,G1,G1,,-0.033340059257877,0.0283977139385048,-0.0053096593221373,-0.012836005669248996,0.002216687024974396
-0.0050777123007854,0.015186755688898,0.0303227516130184,G2,G2,,-0.0050777123007854,0.015186755688898,0.0303227516130184,0.0227964052659067,0.03784909796013009
-0.0049049492984975,0.0177231927016796,0.0312034634050122,G2,G2,,-0.0049049492984975,0.0177231927016796,0.0312034634050122,0.023677117057900505,0.038729809752123895
-0.0061336357057463,0.0154129694942339,0.0284323703671912,G2,G2,,-0.0061336357057463,0.0154129694942339,0.0284323703671912,0.020906024020079503,0.035958716714302896
-0.0058175280889597,0.0187475197518612,0.0307645866627877,G2,G2,,-0.0058175280889597,0.0187475197518612,0.0307645866627877,0.023238240315676003,0.03829093300989939
-0.004898794159496,0.0156533036362778,0.0268875417745188,G2,G2,,-0.004898794159496,0.0156533036362778,0.0268875417745188,0.019361195427407104,0.034413888121630494
0.0031263180241294,0.0142857180817959,0.0345222592702764,G2,G2,,0.0031263180241294,0.0142857180817959,0.0345222592702764,0.0269959129231647,0.042048605617388095
0.0015423807042977,0.014825375090633,0.0351146205689475,G2,G2,,0.0015423807042977,0.014825375090633,0.0351146205689475,0.027588274221835803,0.042640966916059196
-0.0043837055535534,0.0177561883574098,0.0320761477154176,G2,G2,,-0.0043837055535534,0.0177561883574098,0.0320761477154176,0.024549801368305903,0.039602494062529296
0.0015582031690199,0.0148458835251652,0.035607228950616,G2,G2,,0.0015582031690199,0.0148458835251652,0.035607228950616,0.028080882603504304,0.0431335752977277
0.0016416577386285,0.0146352912848041,0.0352622829718035,G2,G2,,0.0016416577386285,0.0146352912848041,0.0352622829718035,0.0277359366246918,0.042788629318915194
-0.0025290361773007,0.0161875162082075,0.032995961721318,G2,G2,,-0.0025290361773007,0.0161875162082075,0.032995961721318,0.025469615374206306,0.0405223080684297
-0.0390089627597393,0.0524990015878052,0.0034231755929838,G3,G3,,-0.0390089627597393,0.0524990015878052,0.0034231755929838,-0.004103170754127895,0.010949521940095496
-0.0389438168367312,0.0521977833944228,0.0032651539643061,G3,G3,,-0.0389438168367312,0.0521977833944228,0.0032651539643061,-0.004261192382805596,0.010791500311417797
-0.0380609710321724,0.0539703760397031,0.0038741937302429,G3,G3,,-0.0380609710321724,0.0539703760397031,0.0038741937302429,-0.0036521526168687957,0.011400540077354596
-0.038913952449397,0.051456925711,0.0034048098989834,G3,G3,,-0.038913952449397,0.051456925711,0.0034048098989834,-0.004121536448128296,0.010931156246095097
-0.0321460258202229,0.047928641670385,0.0067353586102445,G3,G3,,-0.0321460258202229,0.047928641670385,0.0067353586102445,-0.0007909877368671957,0.014261704957356196
-0.0392873306515685,0.0557677970148327,0.0032089586990105,G3,G3,,-0.0392873306515685,0.0557677970148327,0.0032089586990105,-0.004317387648101196,0.010735305046122197
-0.0386340485702933,0.0545633371610769,0.0033798197507507,G3,G3,,-0.0386340485702933,0.0545633371610769,0.0033798197507507,-0.004146526596360996,0.010906166097862395
-0.0384661785584606,0.0546640107937512,0.003740444990804,G3,G3,,-0.0384661785584606,0.0546640107937512,0.003740444990804,-0.003785901356307696,0.011266791337915695
-0.0380085677897776,0.0542246639918167,0.0035123644519692,G3,G3,,-0.0380085677897776,0.0542246639918167,0.0035123644519692,-0.004013981895142496,0.011038710799080895
-0.0368055328108509,0.0531690703188973,0.0042075793372479,G3,G3,,-0.0368055328108509,0.0531690703188973,0.0042075793372479,-0.003318767009863796,0.011733925684359596
-0.0146969119789187,0.0105322519689443,0.044574669012364,G4,G4,,-0.0146969119789187,0.0105322519689443,0.044574669012364,0.037048322665252306,0.0521010153594757
-0.013785920073697,0.0119611741031644,0.0460012230449487,G4,G4,,-0.013785920073697,0.0119611741031644,0.0460012230449487,0.038474876697837,0.053527569392060395
-0.0106340827104827,0.0092636456126085,0.0420455482888321,G4,G4,,-0.0106340827104827,0.0092636456126085,0.0420455482888321,0.0345192019417204,0.049571894635943796
-0.0139859091365862,0.0113613084780884,0.0448451883929283,G4,G4,,-0.0139859091365862,0.0113613084780884,0.0448451883929283,0.037318842045816605,0.05237153474004
-0.0174824491030512,0.0134742197963497,0.0474850586015914,G4,G4,,-0.0174824491030512,0.0134742197963497,0.0474850586015914,0.0399587122544797,0.055011404948703095
-0.0180579004115192,0.0141686669570417,0.047090223944199,G4,G4,,-0.0180579004115192,0.0141686669570417,0.047090223944199,0.0395638775970873,0.054616570291310694
-0.0183550439107729,0.014363109276579,0.0461687281811859,G4,G4,,-0.0183550439107729,0.014363109276579,0.0461687281811859,0.0386423818340742,0.053695074528297596
-0.0184878334127152,0.0146801025679823,0.0428515331126043,G4,G4,,-0.0184878334127152,0.0146801025679823,0.0428515331126043,0.0353251867654926,0.050377879459715995
-0.0177568855091142,0.0141358775497195,0.0467251899340203,G4,G4,,-0.0177568855091142,0.0141358775497195,0.0467251899340203,0.0391988435869086,0.054251536281131996
-0.0170561373589201,0.0131965580254914,0.0458106094983865,G4,G4,,-0.0170561373589201,0.0131965580254914,0.0458106094983865,0.038284263151274804,0.0533369558454982
-0.0240260585829258,0.0220366588392394,0.0129758143378401,G4,G4,,-0.0240260585829258,0.0220366588392394,0.0129758143378401,0.005449467990728404,0.020502160684951795
-0.0226989064453174,0.0219440596830088,0.011770869729411,G4,G4,,-0.0226989064453174,0.0219440596830088,0.011770869729411,0.004244523382299304,0.019297216076522697
-0.019140963719374,0.0093107272454108,0.0386578868023267,G4,G4,,-0.019140963719374,0.0093107272454108,0.0386578868023267,0.031131540455215004,0.0461842331494384
-0.0184539441259819,0.0139227021167973,0.0452286869229352,G4,G4,,-0.0184539441259819,0.0139227021167973,0.0452286869229352,0.0377023405758235,0.052755033270046894
-0.0198236108208698,0.0164029778907912,0.036967458846388,G4,G4,,-0.0198236108208698,0.0164029778907912,0.036967458846388,0.029441112499276306,0.0444938051934997
-0.0198865028845109,0.0174681375528316,0.0352744487463149,G4,G4,,-0.0198865028845109,0.0174681375528316,0.0352744487463149,0.027748102399203202,0.042800795093426595
-0.0247244161592615,0.0183780106019193,0.0165615417362801,G4,G4,,-0.0247244161592615,0.0183780106019193,0.0165615417362801,0.009035195389168402,0.024087888083391795
-0.0190651969071317,0.0164803743086891,0.0325376295528657,G4,G4,,-0.0190651969071317,0.0164803743086891,0.0325376295528657,0.025011283205754006,0.0400639758999774
-0.024215909568027,-0.0050574831728307,0.0037684542188341,G5,G5,,-0.024215909568027,-0.0050574831728307,0.0037684542188341,-0.003757892128277596,0.011294800565945796
-0.0213569858994034,-0.0238636673595099,0.0078947012591833,G5,G5,,-0.0213569858994034,-0.0238636673595099,0.0078947012591833,0.00036835491207160443,0.015421047606294997
0.0002581511947377,-0.0037865524380893,0.016523835949234,G5,G5,,0.0002581511947377,-0.0037865524380893,0.016523835949234,0.008997489602122304,0.024050182296345698
-0.0225828282012708,-0.0226050167058263,0.0053315947977389,G5,G5,,-0.0225828282012708,-0.0226050167058263,0.0053315947977389,-0.0021947515493727955,0.012857941144850596
-0.0233092283728361,-0.0201766534848238,0.0039068512525004,G5,G5,,-0.0233092283728361,-0.0201766534848238,0.0039068512525004,-0.0036194950946112957,0.011433197599612095
-0.0225306639801378,-0.0284811858779434,0.0045664624967324,G5,G5,,-0.0225306639801378,-0.0284811858779434,0.0045664624967324,-0.0029598838503792956,0.012092808843844095
-0.020759055343163,-0.0148970226293013,0.0107953981239096,G5,G5,,-0.020759055343163,-0.0148970226293013,0.0107953981239096,0.003269051776797905,0.018321744471021296
-0.0222675920029323,-0.0269514280355301,0.004349567306771,G5,G5,,-0.0222675920029323,-0.0269514280355301,0.004349567306771,-0.0031767790403406963,0.011875913653882696
-0.0213010894857504,-0.0266008169280353,0.0073218416867832,G5,G5,,-0.0213010894857504,-0.0266008169280353,0.0073218416867832,-0.0002045046603284962,0.014848188033894896
-0.0221819485925196,-0.024457606291755,0.0049401775491831,G5,G5,,-0.0221819485925196,-0.024457606291755,0.0049401775491831,-0.0025861687979285963,0.012466523896294796
-0.0222125827610184,-0.0291555775229223,0.0038414766003854,G5,G5,,-0.0222125827610184,-0.0291555775229223,0.0038414766003854,-0.0036848697467262957,0.011367822947497096
-0.020912036833675,-0.0278552797675631,0.0039482655971536,G5,G5,,-0.020912036833675,-0.0278552797675631,0.0039482655971536,-0.0035780807499580956,0.011474611944265297
-0.0167236956888638,-0.0439852602578396,0.0024059055349074,G5,G5,,-0.0167236956888638,-0.0439852602578396,0.0024059055349074,-0.0051204408122042955,0.009932251882019096
-0.0051208496935371,-0.0144733949450462,-7.7658822549273e-05,G5,G5,,-0.0051208496935371,-0.0144733949450462,-7.7658822549273e-05,-0.007604005169660969,0.007448687524562423
-0.0201960233123819,-0.0225903272547594,0.0033733785261944,G5,G5,,-0.0201960233123819,-0.0225903272547594,0.0033733785261944,-0.004152967820917296,0.010899724873306095
-0.0210769884005453,-0.0202372337890439,0.0033081942622089,G5,G5,,-0.0210769884005453,-0.0202372337890439,0.0033081942622089,-0.004218152084902796,0.010834540609320596
-0.022298352926951,-0.0150903142304607,0.0029930915539185,G5,G5,,-0.022298352926951,-0.0150903142304607,0.0029930915539185,-0.004533254793193196,0.010519437901030196
-0.0217785877819158,0.0122942472251049,-0.0004244199801577,G5,G5,,-0.0217785877819158,0.0122942472251049,-0.0004244199801577,-0.007950766327269395,0.0071019263669539956
-0.0210934991831141,-0.0193684219046404,0.0036701476218938,G5,G5,,-0.0210934991831141,-0.0193684219046404,0.0036701476218938,-0.003856198725217896,0.011196493969005496
-0.0240607217856425,-0.0109509540989525,0.0034055644385839,G5,G5,,-0.0240607217856425,-0.0109509540989525,0.0034055644385839,-0.004120781908527796,0.010931910785695595
-0.022705541005847,-0.0181346300596159,0.0068798910817523,G5,G5,,-0.022705541005847,-0.0181346300596159,0.0068798910817523,-0.0006464552653593957,0.014406237428863995
-0.0221598195221875,-0.0210029432510463,0.0046259877266753,G5,G5,,-0.0221598195221875,-0.0210029432510463,0.0046259877266753,-0.0029003586204363963,0.012152334073786995
-0.0252357275163096,0.0004754023851977,0.0043479329344226,G5,G5,,-0.0252357275163096,0.0004754023851977,0.0043479329344226,-0.003178413412689096,0.011874279281534296
-0.0172515186941249,-0.0437236706648631,0.0024438066730171,G6,G6,,-0.0172515186941249,-0.0437236706648631,0.0024438066730171,-0.005082539674094596,0.009970153020128797
-0.0220034573365011,-0.0428269027339704,0.0026576932140798,G6,G6,,-0.0220034573365011,-0.0428269027339704,0.0026576932140798,-0.004868653133031896,0.010184039561191495
-0.0294631586966514,0.003344246436101,-0.0096181248978377,G6,G6,,-0.0294631586966514,0.003344246436101,-0.0096181248978377,-0.017144471244949396,-0.0020917785507260046
-0.0248901917215205,-0.034304719297305,0.0026901258011119,G6,G6,,-0.0248901917215205,-0.034304719297305,0.0026901258011119,-0.004836220545999796,0.010216472148223596
-0.0243480221901623,-0.038287461926969,0.0021065174250043,G6,G6,,-0.0243480221901623,-0.038287461926969,0.0021065174250043,-0.0054198289221073954,0.009632863772115996
-0.0227612158719029,-0.0595141620262855,-0.0040232427568689,G6,G6,,-0.0227612158719029,-0.0595141620262855,-0.0040232427568689,-0.011549589103980596,0.003503103590242796
-0.0248575791230179,-0.0569907417663984,-0.0027860379611921,G6,G6,,-0.0248575791230179,-0.0569907417663984,-0.0027860379611921,-0.010312384308303797,0.004740308385919595
-0.0247526467264361,-0.0608152094980938,-0.0024015398518608,G6,G6,,-0.0247526467264361,-0.0608152094980938,-0.0024015398518608,-0.009927886198972495,0.005124806495250896
-0.020037993844501,-0.0276392431393683,0.0042828087143249,G6,G6,,-0.020037993844501,-0.0276392431393683,0.0042828087143249,-0.0032435376327867955,0.011809155061436597
-0.024725104498668,-0.0535785111191784,-0.0014760626610509,G6,G6,,-0.024725104498668,-0.0535785111191784,-0.0014760626610509,-0.009002409008162595,0.006050283686060796
-0.0247742959732865,-0.0370166019271373,-0.0008187516883889,G6,G6,,-0.0247742959732865,-0.0370166019271373,-0.0008187516883889,-0.008345098035500596,0.006707594658722796
-0.022735376421905,-0.0714801952768175,-0.0110246591632078,G7,G7,,-0.022735376421905,-0.0714801952768175,-0.0110246591632078,-0.018551005510319497,-0.0034983128160961047
-0.0261122986356494,-0.0710885567603984,-0.0195536253899936,G7,G7,,-0.0261122986356494,-0.0710885567603984,-0.0195536253899936,-0.027079971737105298,-0.012027279042881905
-0.0256663154296187,-0.0709903468146973,-0.0186837451614778,G7,G7,,-0.0256663154296187,-0.0709903468146973,-0.0186837451614778,-0.026210091508589498,-0.011157398814366105
-0.0222647433920781,-0.0685758727150918,-0.0122941644532889,G7,G7,,-0.0222647433920781,-0.0685758727150918,-0.0122941644532889,-0.019820510800400596,-0.004767818106177203
-0.0265896711737619,-0.0740198693432042,-0.0199477257149495,G7,G7,,-0.0265896711737619,-0.0740198693432042,-0.0199477257149495,-0.027474072062061195,-0.012421379367837802
-0.0305612444257875,-0.077910638998094,-0.0289477847812102,G7,G7,,-0.0305612444257875,-0.077910638998094,-0.0289477847812102,-0.036474131128321895,-0.021421438434098505
-0.0219845423383887,-0.0488245092683717,-0.0002619631379452,G7,G7,,-0.0219845423383887,-0.0488245092683717,-0.0002619631379452,-0.007788309485056896,0.007264383209166496
-0.0165782100037774,-0.0533655504440799,-0.0048969466916731,G7,G7,,-0.0165782100037774,-0.0533655504440799,-0.0048969466916731,-0.012423293038784797,0.002629399655438596
-0.0163644245272419,-0.0567315081746116,-0.0032707923629121,G7,G7,,-0.0163644245272419,-0.0567315081746116,-0.0032707923629121,-0.010797138710023796,0.0042555539841995955
-0.0266464270038031,-0.0733187781603024,-0.0233524807396522,G7,G7,,-0.0266464270038031,-0.0733187781603024,-0.0233524807396522,-0.030878827086763896,-0.015826134392540502
-0.024141480549409,-0.0690548234561301,-0.0129951719042012,G7,G7,,-0.024141480549409,-0.0690548234561301,-0.0129951719042012,-0.020521518251312897,-0.005468825557089504
-0.0223068664670582,-0.0675194916184489,-0.0122473856876015,G7,G7,,-0.0223068664670582,-0.0675194916184489,-0.0122473856876015,-0.019773732034713196,-0.004721039340489804
-0.0255215262047965,-0.0459166142145212,-0.0196339126486186,G7,G7,,-0.0255215262047965,-0.0459166142145212,-0.0196339126486186,-0.027160258995730296,-0.012107566301506903
-0.0154871693823579,-0.0430411222841507,0.0017134419528881,G7,G7,,-0.0154871693823579,-0.0430411222841507,0.0017134419528881,-0.005812904394223595,0.009239788299999796
-0.0356793817160551,-0.0696283394233495,-0.0491437964482315,G7,G7,,-0.0356793817160551,-0.0696283394233495,-0.0491437964482315,-0.056670142795343194,-0.0416174501011198
-0.0379330333583626,-0.0778966033164157,-0.0489483175761494,G7,G7,,-0.0379330333583626,-0.0778966033164157,-0.0489483175761494,-0.056474663923261094,-0.0414219712290377
-0.037938533760056,-0.076442446352414,-0.052158531952714,G7,G7,,-0.037938533760056,-0.076442446352414,-0.052158531952714,-0.059684878299825696,-0.0446321856056023
-0.0363598046403462,-0.0779409456984264,-0.0495415859067219,G7,G7,,-0.0363598046403462,-0.0779409456984264,-0.0495415859067219,-0.057067932253833595,-0.0420152395596102
-0.038621746835669,-0.0586789882706834,-0.0498021051136258,G7,G7,,-0.038621746835669,-0.0586789882706834,-0.0498021051136258,-0.0573284514607375,-0.042275758766514106
-0.0351639949692404,-0.0691800866016174,-0.0481204620907114,G7,G7,,-0.0351639949692404,-0.0691800866016174,-0.0481204620907114,-0.055646808437823096,-0.0405941157435997
-0.0281133858408005,-0.0721540059377199,-0.0301637121080136,G7,G7,,-0.0281133858408005,-0.0721540059377199,-0.0301637121080136,-0.0376900584551253,-0.022637365760901904
-0.0304075062422112,-0.0712992996616225,-0.0340137133349643,G7,G7,,-0.0304075062422112,-0.0712992996616225,-0.0340137133349643,-0.041540059682076,-0.026487366987852604
-0.0360562855566809,-0.0769566841454208,-0.0470999803642434,G7,G7,,-0.0360562855566809,-0.0769566841454208,-0.0470999803642434,-0.054626326711355096,-0.0395736340171317
-0.0351571083175128,-0.0770388082542024,-0.0444909220346918,G7,G7,,-0.0351571083175128,-0.0770388082542024,-0.0444909220346918,-0.0520172683818035,-0.036964575687580103
-0.0342370849415952,-0.0709875511492078,-0.0425738293917939,G7,G7,,-0.0342370849415952,-0.0709875511492078,-0.0425738293917939,-0.0501001757389056,-0.03504748304468221
-0.0340210010192591,-0.0739843175698041,-0.045432696562325,G7,G7,,-0.0340210010192591,-0.0739843175698041,-0.045432696562325,-0.0529590429094367,-0.037906350215213304
-0.0323616507177476,-0.0758179376180611,-0.0397139956562106,G7,G7,,-0.0323616507177476,-0.0758179376180611,-0.0397139956562106,-0.0472403420033223,-0.032187649309098905
-0.0340131305916523,-0.0771607856593282,-0.04324156607885,G7,G7,,-0.0340131305916523,-0.0771607856593282,-0.04324156607885,-0.050767912425961695,-0.0357152197317383
-0.0329059256056611,-0.0811990788416212,-0.0368296490487682,G7,G7,,-0.0329059256056611,-0.0811990788416212,-0.0368296490487682,-0.044355995395879894,-0.0293033027016565
-0.0333198362470123,-0.0763818570303222,-0.0372795430925414,G7,G7,,-0.0333198362470123,-0.0763818570303222,-0.0372795430925414,-0.0448058894396531,-0.029753196745429707
-0.0234250408746083,-0.0322631820180245,-0.0124144207819383,G7,G7,,-0.0234250408746083,-0.0322631820180245,-0.0124144207819383,-0.019940767129049995,-0.004888074434826604
-0.0373637572293997,-0.0496235164704128,-0.0453275987863695,G7,G7,,-0.0373637572293997,-0.0496235164704128,-0.0453275987863695,-0.0528539451334812,-0.037801252439257804
-0.0305643891218405,-0.0479904172104767,-0.0319136548095299,G7,G7,,-0.0305643891218405,-0.0479904172104767,-0.0319136548095299,-0.0394400011566416,-0.024387308462418204
-0.0257503144336407,-0.0355123762565363,-0.0195095790233932,G7,G7,,-0.0257503144336407,-0.0355123762565363,-0.0195095790233932,-0.027035925370504896,-0.011983232676281503
-0.023551900814583,-0.0702634538939372,-0.0132051243194969,G7,G7,,-0.023551900814583,-0.0702634538939372,-0.0132051243194969,-0.020731470666608597,-0.005678777972385204
-0.0205745336912469,-0.0656267259984704,-0.0105621232564844,G7,G7,,-0.0205745336912469,-0.0656267259984704,-0.0105621232564844,-0.018088469603596096,-0.0030357769093727035
-0.0237286640154843,-0.0620268134690889,-0.019000236287839,G7,G7,,-0.0237286640154843,-0.0620268134690889,-0.019000236287839,-0.026526582634950696,-0.011473889940727303
-0.0368180757942356,-0.0657946000224798,-0.0482880570291212,G7,G7,,-0.0368180757942356,-0.0657946000224798,-0.0482880570291212,-0.0558144033762329,-0.040761710682009504
-0.0255756260786473,-0.0696572904914011,-0.0178212228558599,G7,G7,,-0.0255756260786473,-0.0696572904914011,-0.0178212228558599,-0.025347569202971598,-0.010294876508748205
-0.0326965140038299,-0.0711921900625502,-0.0353260978290021,G7,G7,,-0.0326965140038299,-0.0711921900625502,-0.0353260978290021,-0.042852444176113794,-0.0277997514818904
-0.0275704299533036,-0.0715522989354393,-0.0245322829107788,G7,G7,,-0.0275704299533036,-0.0715522989354393,-0.0245322829107788,-0.03205862925789049,-0.017005936563667102
-0.0289203523762018,-0.0404353126530948,-0.0276787401672977,G7,G7,,-0.0289203523762018,-0.0404353126530948,-0.0276787401672977,-0.035205086514409394,-0.020152393820186004
-0.0334603717139097,-0.0704938231605409,-0.0402321467077726,G7,G7,,-0.0334603717139097,-0.0704938231605409,-0.0402321467077726,-0.0477584930548843,-0.032705800360660904
-0.0315420951026562,-0.0562166406783807,-0.0322921454189793,G7,G7,,-0.0315420951026562,-0.0562166406783807,-0.0322921454189793,-0.039818491766090994,-0.0247657990718676
-0.0401512330430531,-0.0003583088260962,-0.0308546090386697,G7,G7,,-0.0401512330430531,-0.0003583088260962,-0.0308546090386697,-0.038380955385781394,-0.023328262691558004
-0.0404045834388192,-0.0433450417343257,-0.0477835636360478,G7,G7,,-0.0404045834388192,-0.0433450417343257,-0.0477835636360478,-0.055309909983159496,-0.0402572172889361
-0.042166964950875,-0.0401597817725721,-0.0484761213352273,G7,G7,,-0.042166964950875,-0.0401597817725721,-0.0484761213352273,-0.056002467682339,-0.040949774988115605
-0.0407518220402963,-0.0437223660734721,-0.0491414600178374,G7,G7,,-0.0407518220402963,-0.0437223660734721,-0.0491414600178374,-0.0566678063649491,-0.041615113670725706
-0.0350870840568103,0.0045083548984708,-0.021497687866719,G7,G7,,-0.0350870840568103,0.0045083548984708,-0.021497687866719,-0.029024034213830697,-0.013971341519607303
-0.0343400973674749,-0.0039244274612775,-0.0241661276460647,G7,G7,,-0.0343400973674749,-0.0039244274612775,-0.0241661276460647,-0.031692473993176394,-0.016639781298953004
-0.041765776640156,-0.0334552397908662,-0.0434518078072536,G7,G7,,-0.041765776640156,-0.0334552397908662,-0.0434518078072536,-0.050978154154365296,-0.0359254614601419
-0.0353452462151068,-0.0413582860799749,-0.0404474942381076,G7,G7,,-0.0353452462151068,-0.0413582860799749,-0.0404474942381076,-0.04797384058521929,-0.0329211478909959
-0.034237792506544,-0.0457472402587985,-0.0337990952710688,G7,G7,,-0.034237792506544,-0.0457472402587985,-0.0337990952710688,-0.0413254416181805,-0.026272748923957104
-0.0377912795084075,-0.0683410944465433,-0.0554204927590683,G7,G7,,-0.0377912795084075,-0.0683410944465433,-0.0554204927590683,-0.06294683910618,-0.047894146411956606
-0.037699069558229,-0.0537117224198863,-0.0490679586943797,G7,G7,,-0.037699069558229,-0.0537117224198863,-0.0490679586943797,-0.0565943050414914,-0.041541612347268005
-0.0399285357353395,-0.0594244996211466,-0.0547419955552237,G7,G7,,-0.0399285357353395,-0.0594244996211466,-0.0547419955552237,-0.0622683419023354,-0.047215649208112005
-0.0269740889957167,-0.0199224305152029,-0.015547257888423,G7,G7,,-0.0269740889957167,-0.0199224305152029,-0.015547257888423,-0.023073604235534697,-0.008020911541311303
-0.0361009103641311,-0.0569947439945387,-0.049675487428053,G7,G7,,-0.0361009103641311,-0.0569947439945387,-0.049675487428053,-0.0572018337751647,-0.0421491410809413
-0.0342760206400594,-0.0416496747370172,-0.0350846907658739,G7,G7,,-0.0342760206400594,-0.0416496747370172,-0.0350846907658739,-0.0426110371129856,-0.027558344418762204
-0.038688403443194,-0.0688594093287446,-0.0561482404872999,G7,G7,,-0.038688403443194,-0.0688594093287446,-0.0561482404872999,-0.06367458683441159,-0.0486218941401882
-0.0303482639564238,-0.025796742431682,-0.0240622685186786,G7,G7,,-0.0303482639564238,-0.025796742431682,-0.0240622685186786,-0.031588614865790295,-0.016535922171566905
-0.0354953021935253,-0.0491841587710848,-0.041697860654748,G7,G7,,-0.0354953021935253,-0.0491841587710848,-0.041697860654748,-0.0492242070018597,-0.034171514307636305
-0.0342334513594776,-0.0538330391985847,-0.0430858942867205,G7,G7,,-0.0342334513594776,-0.0538330391985847,-0.0430858942867205,-0.0506122406338322,-0.035559547939608804
-0.0357978497775419,-0.0636709656869791,-0.0501576424131809,G7,G7,,-0.0357978497775419,-0.0636709656869791,-0.0501576424131809,-0.0576839887602926,-0.042631296066069205
-0.0385972082835455,-0.0671900381412837,-0.0539207992130796,G7,G7,,-0.0385972082835455,-0.0671900381412837,-0.0539207992130796,-0.0614471455601913,-0.046394452865967904
-0.039473036558311,-0.0648318396351126,-0.0552939069492083,G7,G7,,-0.039473036558311,-0.0648318396351126,-0.0552939069492083,-0.06282025329631999,-0.0477675606020966
-0.038665791100274,-0.0721528772002253,-0.0557458182399915,G7,G7,,-0.038665791100274,-0.0721528772002253,-0.0557458182399915,-0.06327216458710319,-0.048219471892879805
-0.0369090689640421,-0.0697096311180274,-0.0543683571436547,G7,G7,,-0.0369090689640421,-0.0697096311180274,-0.0543683571436547,-0.061894703490766395,-0.046842010796543
-0.0405933542554268,-0.0673763477540847,-0.0560341159304586,G7,G7,,-0.0405933542554268,-0.0673763477540847,-0.0560341159304586,-0.0635604622775703,-0.048507769583346905
-0.03924004985314,-0.0473164801582404,-0.044741542119812,G7,G7,,-0.03924004985314,-0.0473164801582404,-0.044741542119812,-0.0522678884669237,-0.037215195772700306
-0.0369558664320861,-0.0684555090517651,-0.052608968853964,G7,G7,,-0.0369558664320861,-0.0684555090517651,-0.052608968853964,-0.0601353152010757,-0.045082622506852306
-0.0386626538628529,-0.072129544033284,-0.0555413367614203,G7,G7,,-0.0386626538628529,-0.072129544033284,-0.0555413367614203,-0.06306768310853199,-0.0480149904143086
-0.038155961261231,-0.077749767309858,-0.0527096519634995,G7,G7,,-0.038155961261231,-0.077749767309858,-0.0527096519634995,-0.060235998310611195,-0.0451833056163878
-0.035902787993725,-0.0784282915596765,-0.0484784768865407,G7,G7,,-0.035902787993725,-0.0784282915596765,-0.0484784768865407,-0.0560048232336524,-0.040952130539429005
-0.0409045675023737,-0.0666160634436835,-0.056875615847657,G7,G7,,-0.0409045675023737,-0.0666160634436835,-0.056875615847657,-0.0644019621947687,-0.0493492695005453
-0.0384542918680308,-0.0687318244901776,-0.0565238849711668,G7,G7,,-0.0384542918680308,-0.0687318244901776,-0.0565238849711668,-0.0640502313182785,-0.048997538624055106
-0.0376511186507586,-0.0512508765660525,-0.0444083218047443,G7,G7,,-0.0376511186507586,-0.0512508765660525,-0.0444083218047443,-0.051934668151855996,-0.0368819754576326
-0.0368853682237386,-0.0674696421094935,-0.0519186478425628,G7,G7,,-0.0368853682237386,-0.0674696421094935,-0.0519186478425628,-0.0594449941896745,-0.044392301495451106
-0.0353211903505632,-0.0671421463702589,-0.0485785267763026,G7,G7,,-0.0353211903505632,-0.0671421463702589,-0.0485785267763026,-0.0561048731234143,-0.041052180429190906
-0.0371590974861521,-0.0679934253864646,-0.0519235755819845,G7,G7,,-0.0371590974861521,-0.0679934253864646,-0.0519235755819845,-0.0594499219290962,-0.044397229234872805
-0.0380150228946577,-0.0677596932852136,-0.0516763018855556,G7,G7,,-0.0380150228946577,-0.0677596932852136,-0.0516763018855556,-0.0592026482326673,-0.044149955538443905
-0.0397772451802551,-0.0622137845532203,-0.0557893082400401,G7,G7,,-0.0397772451802551,-0.0622137845532203,-0.0557893082400401,-0.0633156545871518,-0.048262961892928405
-0.0372664999232593,-0.0593068505486942,-0.0523386975532058,G7,G7,,-0.0372664999232593,-0.0593068505486942,-0.0523386975532058,-0.059865043900317494,-0.0448123512060941
-0.0362687776911425,-0.0637758992988849,-0.0519156976359542,G7,G7,,-0.0362687776911425,-0.0637758992988849,-0.0519156976359542,-0.0594420439830659,-0.044389351288842506
-0.0376925836259711,-0.0658986952326015,-0.0538914990340283,G7,G7,,-0.0376925836259711,-0.0658986952326015,-0.0538914990340283,-0.06141784538114,-0.04636515268691661
-0.0392650407067208,-0.0687598253361725,-0.0558286852322248,G7,G7,,-0.0392650407067208,-0.0687598253361725,-0.0558286852322248,-0.06335503157933649,-0.0483023388851131
-0.0397392295109678,-0.0644216379686799,-0.0556853908021073,G7,G7,,-0.0397392295109678,-0.0644216379686799,-0.0556853908021073,-0.06321173714921899,-0.0481590444549956
-0.0390823000060859,-0.0536712996821392,-0.0518461906833956,G7,G7,,-0.0390823000060859,-0.0536712996821392,-0.0518461906833956,-0.059372537030507294,-0.0443198443362839
-0.0392654007817052,-0.0494287393904929,-0.0503008015285092,G7,G7,,-0.0392654007817052,-0.0494287393904929,-0.0503008015285092,-0.0578271478756209,-0.042774455181397504
-0.0410130450551242,-0.0473404424150246,-0.0488528231911997,G7,G7,,-0.0410130450551242,-0.0473404424150246,-0.0488528231911997,-0.056379169538311395,-0.041326476844088
-0.0355465282748672,-0.0132361775761987,-0.0265947415942428,G7,G7,,-0.0355465282748672,-0.0132361775761987,-0.0265947415942428,-0.034121087941354496,-0.019068395247131102
-0.0372549796793338,-0.0451428101466177,-0.0460501876920997,G7,G7,,-0.0372549796793338,-0.0451428101466177,-0.0460501876920997,-0.0535765340392114,-0.03852384134498801
-0.0080185300537538,-0.0301747575845371,0.004339195006369,G8,G8,,-0.0080185300537538,-0.0301747575845371,0.004339195006369,-0.0031871513407426963,0.011865541353480696
-0.0204024583620258,-0.0689464316438256,-0.0009569642991936,G8,G8,,-0.0204024583620258,-0.0689464316438256,-0.0009569642991936,-0.008483310646305297,0.006569382047918096
-0.0195701067920035,-0.0647426785308699,0.0012382255202191,G8,G8,,-0.0195701067920035,-0.0647426785308699,0.0012382255202191,-0.0062881208268925955,0.008764571867330796
-0.0179936653572728,-0.0569109533205762,-0.0015678302785164,G8,G8,,-0.0179936653572728,-0.0569109533205762,-0.0015678302785164,-0.009094176625628095,0.005958516068595296
-0.0193779373502703,-0.0621936130361208,-0.0021198426244233,G8,G8,,-0.0193779373502703,-0.0621936130361208,-0.0021198426244233,-0.009646188971534997,0.005406503722688395
-0.0215840822960536,-0.0753806695522122,0.0002311134629489,G8,G8,,-0.0215840822960536,-0.0753806695522122,0.0002311134629489,-0.0072952328841627955,0.007757459810060596
-0.021746840859974,-0.0759575796250737,0.0003794759698489,G8,G8,,-0.021746840859974,-0.0759575796250737,0.0003794759698489,-0.007146870377262796,0.007905822316960597
-0.0196623408098684,-0.0726289994195395,0.0018578164035261,G8,G8,,-0.0196623408098684,-0.0726289994195395,0.0018578164035261,-0.005668529943585595,0.009384162750637796
-0.0226264746827857,-0.0749715754539215,-0.0025418658848009,G8,G8,,-0.0226264746827857,-0.0749715754539215,-0.0025418658848009,-0.010068212231912597,0.004984480462310796
-0.0206944797281317,-0.0739702619345422,-0.0020140472168551,G8,G8,,-0.0206944797281317,-0.0739702619345422,-0.0020140472168551,-0.009540393563966796,0.0055122991302565955
-0.0175018905136076,-0.0690793810692874,0.0077821317270512,G8,G8,,-0.0175018905136076,-0.0690793810692874,0.0077821317270512,0.00025578537993950403,0.015308478074162895
-0.020811410176582,-0.0741084852230505,0.0009305135972911,G8,G8,,-0.020811410176582,-0.0741084852230505,0.0009305135972911,-0.006595832749820596,0.008456859944402796
-0.0129104813358743,-0.0687090681367953,0.0286291071343235,G8,G8,,-0.0129104813358743,-0.0687090681367953,0.0286291071343235,0.021102760787211804,0.036155453481435194
-0.0150950761270185,-0.0508495742115087,0.0058920503115424,G8,G8,,-0.0150950761270185,-0.0508495742115087,0.0058920503115424,-0.0016342960355692961,0.013418396658654096
-0.0196690929992152,-0.0697824616991495,0.0018288501769502,G8,G8,,-0.0196690929992152,-0.0697824616991495,0.0018288501769502,-0.005697496170161496,0.009355196524061896
-0.0214916881535881,-0.0734975261398925,-0.0006004031249507,G8,G8,,-0.0214916881535881,-0.0734975261398925,-0.0006004031249507,-0.008126749472062395,0.006925943222160996
-0.0222866206868133,-0.077194592993278,-0.0033686823194333,G8,G8,,-0.0222866206868133,-0.077194592993278,-0.0033686823194333,-0.010895028666544996,0.004157664027678396
-0.0137381959884844,-0.0577058106890826,0.0087697649595368,G8,G8,,-0.0137381959884844,-0.0577058106890826,0.0087697649595368,0.0012434186124251042,0.016296111306648497
-0.0248122660842985,-0.0687099402224849,-0.0090106409751651,G8,G8,,-0.0248122660842985,-0.0687099402224849,-0.0090106409751651,-0.016536987322276795,-0.0014842946280534041
-0.0239691254515111,-0.0669035991004978,-0.0065780804291741,G8,G8,,-0.0239691254515111,-0.0669035991004978,-0.0065780804291741,-0.014104426776285796,0.0009482659179375959
-0.0215933241671614,-0.066292169395195,-0.0049879092064913,G8,G8,,-0.0215933241671614,-0.066292169395195,-0.0049879092064913,-0.012514255553602995,0.0025384371406203957
-0.0241849766865694,-0.0684702597925385,-0.00476434385509,G8,G8,,-0.0241849766865694,-0.0684702597925385,-0.00476434385509,-0.012290690202201696,0.0027620024920216955
-0.0237438100592841,-0.0657706705202749,-0.0053400657248423,G8,G8,,-0.0237438100592841,-0.0657706705202749,-0.0053400657248423,-0.012866412071953996,0.0021862806222693962
-0.0263567050057534,-0.0631694779356074,-0.009769524808269,G8,G8,,-0.0263567050057534,-0.0631694779356074,-0.009769524808269,-0.017295871155380695,-0.0022431784611573044
-0.0253030871666797,-0.0606164065297844,-0.0085352323140185,G8,G8,,-0.0253030871666797,-0.0606164065297844,-0.0085352323140185,-0.016061578661130196,-0.0010088859669068048
-0.0218791965390502,-0.0617145677485356,-0.0022086922780185,G8,G8,,-0.0218791965390502,-0.0617145677485356,-0.0022086922780185,-0.009735038625130196,0.005317654069093196
-0.0243148904416091,-0.0633654505051976,-0.0036674994121615,G8,G8,,-0.0243148904416091,-0.0633654505051976,-0.0036674994121615,-0.011193845759273196,0.003858846934950196
-0.0207773808431042,-0.0631471323118126,-0.0077334348762119,G8,G8,,-0.0207773808431042,-0.0631471323118126,-0.0077334348762119,-0.015259781223323596,-0.000207088529100204
-0.0236148771814562,-0.073655063984798,-0.0063870520589216,G8,G8,,-0.0236148771814562,-0.073655063984798,-0.0063870520589216,-0.013913398406033296,0.0011392942881900958
-0.0222556468016607,-0.0687416899567982,-0.0093401811081516,G8,G8,,-0.0222556468016607,-0.0687416899567982,-0.0093401811081516,-0.016866527455263295,-0.0018138347610399041
-0.0229562659423729,-0.0696391447259734,-0.0050905768125687,G8,G8,,-0.0229562659423729,-0.0696391447259734,-0.0050905768125687,-0.012616923159680396,0.0024357695345429958
-0.0232578137132584,-0.0734377322406209,-0.005467323506872,G8,G8,,-0.0232578137132584,-0.0734377322406209,-0.005467323506872,-0.012993669853983696,0.002059022840239696
-0.0235866533636558,-0.0730835438536632,-0.0061118793473614,G8,G8,,-0.0235866533636558,-0.0730835438536632,-0.0061118793473614,-0.013638225694473096,0.001414466999750296
0.0322006579802887,-0.0210090377933251,0.0166708008332811,G8,G8,,0.0322006579802887,-0.0210090377933251,0.0166708008332811,0.009144454486169403,0.024197147180392797
-0.0170185778924819,-0.0675473352227412,-0.006274004100669,G8,G8,,-0.0170185778924819,-0.0675473352227412,-0.006274004100669,-0.013800350447780696,0.0012523422464426961
-0.0144977387373639,-0.0628315704219663,-0.0021578762387374,G8,G8,,-0.0144977387373639,-0.0628315704219663,-0.0021578762387374,-0.009684222585849096,0.005368470108374296
0.0147289704095934,-0.0447930881950403,0.119472451632904,G9,G9,,0.0147289704095934,-0.0447930881950403,0.119472451632904,0.11194610528579231,0.1269987979800157
0.017113130913283,-0.0381530774766622,0.1053871531366,G9,G9,,0.017113130913283,-0.0381530774766622,0.1053871531366,0.09786080678948832,0.1129134994837117
0.0175769058265392,-0.0440632262314945,0.128227234468519,G9,G9,,0.0175769058265392,-0.0440632262314945,0.128227234468519,0.12070088812140731,0.1357535808156307
0.0123500831510366,-0.0355281543939404,0.101011879224447,G9,G9,,0.0123500831510366,-0.0355281543939404,0.101011879224447,0.09348553287733531,0.10853822557155869
0.0083325354601136,-0.0270808052212553,0.0808325698663776,G9,G9,,0.0083325354601136,-0.0270808052212553,0.0808325698663776,0.07330622351926591,0.08835891621348929
0.0121162592070097,-0.0375648999024998,0.104489364452583,G9,G9,,0.0121162592070097,-0.0375648999024998,0.104489364452583,0.09696301810547131,0.11201571079969469
0.0155083120462673,-0.0425478779977444,0.121260326972323,G9,G9,,0.0155083120462673,-0.0425478779977444,0.121260326972323,0.11373398062521131,0.1287866733194347
0.0160670017071821,-0.042948826180081,0.123682962791304,G9,G9,,0.0160670017071821,-0.042948826180081,0.123682962791304,0.11615661644419231,0.1312093091384157
0.0158563816579751,-0.0410108730789968,0.106242754150168,G9,G9,,0.0158563816579751,-0.0410108730789968,0.106242754150168,0.09871640780305631,0.11376910049727969
0.0108820343869802,-0.0440637773235642,0.0976770147345536,G9,G9,,0.0108820343869802,-0.0440637773235642,0.0976770147345536,0.09015066838744192,0.1052033610816653
0.0130291195941993,-0.0421398990507602,0.109924429720373,G9,G9,,0.0130291195941993,-0.0421398990507602,0.109924429720373,0.10239808337326131,0.11745077606748469
0.0121543133302148,-0.0417640976008752,0.106741279365888,G9,G9,,0.0121543133302148,-0.0417640976008752,0.106741279365888,0.0992149330187763,0.11426762571299968
0.0117020353241981,-0.0286729181591318,0.0851455252311044,G9,G9,,0.0117020353241981,-0.0286729181591318,0.0851455252311044,0.07761917888399271,0.09267187157821609
0.0070951491889523,-0.0209511081408053,0.0723197648604744,G9,G9,,0.0070951491889523,-0.0209511081408053,0.0723197648604744,0.0647934185133627,0.07984611120758608
0.0116970213362741,-0.0356559094444658,0.101062396819567,G9,G9,,0.0116970213362741,-0.0356559094444658,0.101062396819567,0.0935360504724553,0.10858874316667869
0.0287798678869817,-0.0163671379301485,0.0493704723424998,G9,G9,,0.0287798678869817,-0.0163671379301485,0.0493704723424998,0.0418441259953881,0.056896818689611495
0.0195602798706064,-0.0212813271855137,0.048961629036599,G9,G9,,0.0195602798706064,-0.0212813271855137,0.048961629036599,0.041435282689487304,0.0564879753837107
0.0105270749854605,-0.039810808446473,0.0864582064129453,G9,G9,,0.0105270749854605,-0.039810808446473,0.0864582064129453,0.07893186006583361,0.09398455276005699
0.006672529490442,-0.0255358006329344,0.0265735794549593,G9,G9,,0.006672529490442,-0.0255358006329344,0.0265735794549593,0.019047233107847603,0.034099925802070996
0.0180568429724929,-0.0439047056457129,0.129896396903722,G9,G9,,0.0180568429724929,-0.0439047056457129,0.129896396903722,0.12237005055661032,0.1374227432508337
0.0180397813080629,-0.0427896455739757,0.128801619986863,G9,G9,,0.0180397813080629,-0.0427896455739757,0.128801619986863,0.1212752736397513,0.13632796633397468
0.0179774354128693,-0.042258454436255,0.127879296644043,G9,G9,,0.0179774354128693,-0.042258454436255,0.127879296644043,0.1203529502969313,0.13540564299115468
0.0219078801794718,-0.0399688344118734,0.124492330403773,G9,G9,,0.0219078801794718,-0.0399688344118734,0.124492330403773,0.11696598405666131,0.1320186767508847
0.0166388180957493,-0.0310194795848016,0.104164177040964,G9,G9,,0.0166388180957493,-0.0310194795848016,0.104164177040964,0.09663783069385232,0.1116905233880757
0.0146765142611982,-0.0399305111037441,0.112180432666213,G9,G9,,0.0146765142611982,-0.0399305111037441,0.112180432666213,0.10465408631910131,0.11970677901332469
0.0175202326432592,-0.0405795595135207,0.123382151764838,G9,G9,,0.0175202326432592,-0.0405795595135207,0.123382151764838,0.1158558054177263,0.13090849811194968
0.0174051127986906,-0.0439296066390892,0.127356907489679,G9,G9,,0.0174051127986906,-0.0439296066390892,0.127356907489679,0.11983056114256732,0.1348832538367907
0.0202206806558503,-0.0408300040582794,0.121658314065639,G9,G9,,0.0202206806558503,-0.0408300040582794,0.121658314065639,0.11413196771852731,0.1291846604127507
0.0200485202019789,-0.0411340112460662,0.12667631918631,G9,G9,,0.0200485202019789,-0.0411340112460662,0.12667631918631,0.11914997283919831,0.1342026655334217
0.0085060316750895,0.0015312528354925,0.0276542705542913,G10,G10,,0.0085060316750895,0.0015312528354925,0.0276542705542913,0.020127924207179602,0.03518061690140299
0.0008041186469188,0.0105948389277365,0.0205625663339975,G10,G10,,0.0008041186469188,0.0105948389277365,0.0205625663339975,0.013036219986885804,0.028088912681109197
0.017748836576792,-0.0058737696698697,0.0296319691552828,G10,G10,,0.017748836576792,-0.0058737696698697,0.0296319691552828,0.022105622808171105,0.0371583155023945
0.0025001928851859,-0.0148560892453088,0.024485687607689,G10,G10,,0.0025001928851859,-0.0148560892453088,0.024485687607689,0.016959341260577302,0.03201203395480069
0.0091423702104803,-0.0179646169869955,0.0632324609596221,G10,G10,,0.0091423702104803,-0.0179646169869955,0.0632324609596221,0.0557061146125104,0.07075880730673378
0.0096708123957684,0.0039438578121852,0.0273267016676193,G10,G10,,0.0096708123957684,0.0039438578121852,0.0273267016676193,0.019800355320507602,0.03485304801473099
0.0131421158422819,-0.0148590062034534,0.0446453555441364,G10,G10,,0.0131421158422819,-0.0148590062034534,0.0446453555441364,0.037119009197024704,0.0521717018912481
0.0076390849893063,-0.0032592744158784,0.0264824724364143,G10,G10,,0.0076390849893063,-0.0032592744158784,0.0264824724364143,0.018956126089302604,0.034008818783526
-0.0046629936952073,0.0031221283278797,0.0155861824986113,G10,G10,,-0.0046629936952073,0.0031221283278797,0.0155861824986113,0.008059836151499605,0.023112528845722995
0.0008278176887562,0.0045882745313676,0.0169621578019923,G10,G10,,0.0008278176887562,0.0045882745313676,0.0169621578019923,0.009435811454880604,0.024488504149103998
0.0028915133283941,0.0113085687088321,0.0181875571281875,G10,G10,,0.0028915133283941,0.0113085687088321,0.0181875571281875,0.010661210781075802,0.025713903475299196
-0.0135613682198742,0.023331915225623,0.014157962094419,G10,G10,,-0.0135613682198742,0.023331915225623,0.014157962094419,0.006631615747307304,0.021684308441530697
0.0380790597702573,-0.004209194996905,0.0296084160309169,G10,G10,,0.0380790597702573,-0.004209194996905,0.0296084160309169,0.022082069683805203,0.037134762378028596
0.0390127693917217,-0.0119705438269325,0.0504536334789558,G10,G10,,0.0390127693917217,-0.0119705438269325,0.0504536334789558,0.04292728713184411,0.0579799798260675
0.0397106166591337,-0.0152834973932398,0.0615363539260333,G10,G10,,0.0397106166591337,-0.0152834973932398,0.0615363539260333,0.054010007578921604,0.069062700273145
0.0234091983915573,-0.0041335371364946,0.0350160578270891,G10,G10,,0.0234091983915573,-0.0041335371364946,0.0350160578270891,0.027489711479977405,0.0425424041742008
0.0198869673252849,-0.0009146607055124,0.0302838466728052,G10,G10,,0.0198869673252849,-0.0009146607055124,0.0302838466728052,0.022757500325693503,0.03781019301991689
0.0324361696120951,-0.0058492395962982,0.0368356876542648,G10,G10,,0.0324361696120951,-0.0058492395962982,0.0368356876542648,0.029309341307153104,0.0443620340013765
0.0200299567733139,-0.000456150285631,0.0357751738426761,G10,G10,,0.0200299567733139,-0.000456150285631,0.0357751738426761,0.028248827495564406,0.0433015201897878
-0.007523656385929,-0.0056439897560557,0.006826429904032,G10,G10,,-0.007523656385929,-0.0056439897560557,0.006826429904032,-0.0006999164430796963,0.014352776251143695
-0.0107581502582826,-0.0015964091026031,0.0065772502903621,G10,G10,,-0.0107581502582826,-0.0015964091026031,0.0065772502903621,-0.0009490960567495963,0.014103596637473795
0.011017249466797,-0.011772790016576,0.0185645155604722,G10,G10,,0.011017249466797,-0.011772790016576,0.0185645155604722,0.011038169213360503,0.026090861907583897
0.0180094752472313,-0.0098352941557776,0.0222841173104335,G10,G10,,0.0180094752472313,-0.0098352941557776,0.0222841173104335,0.014757770963321804,0.029810463657545198
0.0401891286338349,-0.0080257919296178,0.0405908205987563,G10,G10,,0.0401891286338349,-0.0080257919296178,0.0405908205987563,0.033064474251644604,0.048117166945868
0.0124900260012251,0.0007208228413302,0.0256468815689733,G10,G10,,0.0124900260012251,0.0007208228413302,0.0256468815689733,0.018120535221861602,0.03317322791608499
0.0331777856173381,-0.0102997042446476,0.0354102657471214,G10,G10,,0.0331777856173381,-0.0102997042446476,0.0354102657471214,0.027883919400009706,0.0429366120942331
0.0164216064552779,-0.006855048879808,0.0448391341039739,G10,G10,,0.0164216064552779,-0.006855048879808,0.0448391341039739,0.037312787756862205,0.0523654804510856
0.009294216600328,-0.0059467421421626,0.0459719941631865,G10,G10,,0.009294216600328,-0.0059467421421626,0.0459719941631865,0.038445647816074804,0.0534983405102982
0.0142198215411367,-0.008370477814883,0.0482752223045341,G10,G10,,0.0142198215411367,-0.008370477814883,0.0482752223045341,0.0407488759574224,0.055801568651645796
0.0091234439855104,-0.0050012632899988,0.0463142732079747,G10,G10,,0.0091234439855104,-0.0050012632899988,0.0463142732079747,0.038787926860863006,0.0538406195550864
0.006448614430757,-0.0009517191508741,0.0410671915459332,G10,G10,,0.006448614430757,-0.0009517191508741,0.0410671915459332,0.0335408451988215,0.048593537893044894
-0.0018225005538459,-0.0035630984140222,0.035004586213109,G10,G10,,-0.0018225005538459,-0.0035630984140222,0.035004586213109,0.027478239865997303,0.0425309325602207
0.0145420840413386,-0.0010561938100531,0.0383166993807457,G10,G10,,0.0145420840413386,-0.0010561938100531,0.0383166993807457,0.030790353033634005,0.0458430457278574
0.0312929275032713,-0.0018424444000944,0.0294386943775775,G10,G10,,0.0312929275032713,-0.0018424444000944,0.0294386943775775,0.0219123480304658,0.036965040724689195
0.0471335511532341,0.0016937324621604,0.0041460063116658,G10,G10,,0.0471335511532341,0.0016937324621604,0.0041460063116658,-0.003380340035445896,0.011672352658777495
0.0410083475452213,-0.0023495330669333,0.0251893764281574,G10,G10,,0.0410083475452213,-0.0023495330669333,0.0251893764281574,0.017663030081045705,0.032715722775269095
0.0334503619264372,-0.0025181316134203,0.029465997766634,G10,G10,,0.0334503619264372,-0.0025181316134203,0.029465997766634,0.021939651419522303,0.0369923441137457
0.0475383181334935,-0.0007978160752695,0.0153452204272719,G10,G10,,0.0475383181334935,-0.0007978160752695,0.0153452204272719,0.007818874080160205,0.022871566774383595
0.0422296861221329,-0.004880918598686,0.029677390827722,G10,G10,,0.0422296861221329,-0.004880918598686,0.029677390827722,0.022151044480610303,0.0372037371748337
0.0195133519608142,0.0033753692011254,0.0329535932705874,G10,G10,,0.0195133519608142,0.0033753692011254,0.0329535932705874,0.025427246923475706,0.0404799396176991
0.0467989040378983,-0.0058196361543696,0.0355658320872646,G10,G10,,0.0467989040378983,-0.0058196361543696,0.0355658320872646,0.0280394857401529,0.043092178434376294
0.0432171102233378,-0.0066421213447326,0.0370264552603113,G10,G10,,0.0432171102233378,-0.0066421213447326,0.0370264552603113,0.029500108913199603,0.044552801607423
0.0345261584975394,-0.003751172057049,0.0287696204793282,G10,G10,,0.0345261584975394,-0.003751172057049,0.0287696204793282,0.021243274132216505,0.036295966826439895
0.0401476180130615,-0.0026077200683172,0.0270897682157124,G10,G10,,0.0401476180130615,-0.0026077200683172,0.0270897682157124,0.019563421868600703,0.034616114562824096
0.0472730857256995,-0.0065083767260298,0.0283800661807846,G10,G10,,0.0472730857256995,-0.0065083767260298,0.0283800661807846,0.020853719833672905,0.035906412527896295
0.0383194421147982,-0.0034323281420999,0.0262170717375773,G10,G10,,0.0383194421147982,-0.0034323281420999,0.0262170717375773,0.018690725390465603,0.033743418084688996
0.034845750455598,-0.0019032191489263,0.0230689282389357,G10,G10,,0.034845750455598,-0.0019032191489263,0.0230689282389357,0.015542581891824003,0.030595274586047397
0.0397598440209963,-0.0027584014629478,0.0233797232653393,G10,G10,,0.0397598440209963,-0.0027584014629478,0.0233797232653393,0.015853376918227604,0.030906069612450997
0.0336352825123166,-0.0051799781431374,0.02974219088909,G10,G10,,0.0336352825123166,-0.0051799781431374,0.02974219088909,0.022215844541978304,0.037268537236201695
0.0277891938233235,-0.0022945216811713,0.02565285835016,G10,G10,,0.0277891938233235,-0.0022945216811713,0.02565285835016,0.018126512003048302,0.033179204697271696
0.0392601836913197,-0.0033294809129271,0.0272847271391485,G10,G10,,0.0392601836913197,-0.0033294809129271,0.0272847271391485,0.019758380792036803,0.0348110734862602
0.0316379495229678,-0.0057817709244731,0.0283479435517536,G10,G10,,0.0316379495229678,-0.0057817709244731,0.0283479435517536,0.020821597204641905,0.0358742898988653
0.0446010795214143,-0.0038301713823711,0.0185905324296232,G10,G10,,0.0446010795214143,-0.0038301713823711,0.0185905324296232,0.011064186082511505,0.026116878776734898
0.0397752233901632,-0.0071012331889568,0.0246722989696705,G10,G10,,0.0397752233901632,-0.0071012331889568,0.0246722989696705,0.017145952622558802,0.032198645316782196
0.0283704004868927,-0.0019080102592137,0.0224932550757469,G10,G10,,0.0283704004868927,-0.0019080102592137,0.0224932550757469,0.014966908728635202,0.030019601422858595
0.0458381712702891,-0.0021295088421923,0.0193823304911227,G10,G10,,0.0458381712702891,-0.0021295088421923,0.0193823304911227,0.011855984144011004,0.026908676838234398
0.0417490709818105,-0.005828343024712,0.0236355273630451,G10,G10,,0.0417490709818105,-0.005828343024712,0.0236355273630451,0.016109181015933404,0.031161873710156798
0.045516734600133,-0.001653048641333,0.0163415330429848,G10,G10,,0.045516734600133,-0.001653048641333,0.0163415330429848,0.008815186695873105,0.0238678793900965
0.0329147026831157,-0.0032372836363834,0.0326666884824399,G10,G10,,0.0329147026831157,-0.0032372836363834,0.0326666884824399,0.025140342135328203,0.0401930348295516
0.043271217193056,-0.0048261670683973,0.0324540617678554,G10,G10,,0.043271217193056,-0.0048261670683973,0.0324540617678554,0.0249277154207437,0.03998040811496709
0.0460127621061399,-0.0043584810298697,0.0300359989772002,G10,G10,,0.0460127621061399,-0.0043584810298697,0.0300359989772002,0.022509652630088504,0.037562345324311894
0.0451313414574264,-0.0040005663539572,0.028568612832437,G10,G10,,0.0451313414574264,-0.0040005663539572,0.028568612832437,0.021042266485325305,0.0360949591795487
0.040129696805184,-0.0034006585486529,0.0276030658796664,G10,G10,,0.040129696805184,-0.0034006585486529,0.0276030658796664,0.0200767195325547,0.035129412226778095
0.0459200014452214,-0.0030670412288518,0.0252520759453503,G10,G10,,0.0459200014452214,-0.0030670412288518,0.0252520759453503,0.017725729598238604,0.032778422292461994
0.0396690071901952,-0.0012124769662847,0.0197078357857642,G10,G10,,0.0396690071901952,-0.0012124769662847,0.0197078357857642,0.012181489438652503,0.027234182132875897
0.0318752976277409,-0.0020751490226226,0.0252625749824192,G10,G10,,0.0318752976277409,-0.0020751490226226,0.0252625749824192,0.017736228635307504,0.032788921329530894
0.0431070891723874,-0.0040557296728871,0.0261164900926017,G10,G10,,0.0431070891723874,-0.0040557296728871,0.0261164900926017,0.018590143745490003,0.03364283643971339
0.0429803408388085,-0.0034369862003133,0.0275873732555401,G10,G10,,0.0429803408388085,-0.0034369862003133,0.0275873732555401,0.020061026908428405,0.0351137196026518
0.0415365524474249,-0.0063735445143903,0.03575547836113,G10,G10,,0.0415365524474249,-0.0063735445143903,0.03575547836113,0.028229132014018304,0.0432818247082417
0.0424931505622811,-0.0054936393001868,0.0348440987798102,G10,G10,,0.0424931505622811,-0.0054936393001868,0.0348440987798102,0.027317752432698503,0.042370445126921896
0.0477675856528628,-0.0042799805053835,0.0237361421944495,G10,G10,,0.0477675856528628,-0.0042799805053835,0.0237361421944495,0.016209795847337803,0.0312624885415612
0.0446349699134358,-0.0045950187097293,0.0305081489425845,G10,G10,,0.0446349699134358,-0.0045950187097293,0.0305081489425845,0.022981802595472802,0.03803449528969619
0.0454317172893393,-0.0063473325250334,0.0361803810860998,G10,G10,,0.0454317172893393,-0.0063473325250334,0.0361803810860998,0.0286540347389881,0.043706727433211495
0.0446678134081769,-0.0046212557939105,0.0279675106240952,G10,G10,,0.0446678134081769,-0.0046212557939105,0.0279675106240952,0.020441164276983503,0.0354938569712069
0.0397020335664256,-0.0033978230534418,0.0296927827761778,G10,G10,,0.0397020335664256,-0.0033978230534418,0.0296927827761778,0.022166436429066103,0.03721912912328949
0.0392941010492682,-0.0058732756420725,0.0328748096652059,G10,G10,,0.0392941010492682,-0.0058732756420725,0.0328748096652059,0.025348463318094205,0.0404011560123176
0.0472371270378182,-0.0060623265839961,0.0302745897794021,G10,G10,,0.0472371270378182,-0.0060623265839961,0.0302745897794021,0.022748243432290403,0.03780093612651379
0.0466176419365052,-0.0056211139747659,0.0288130837264435,G10,G10,,0.0466176419365052,-0.0056211139747659,0.0288130837264435,0.021286737379331802,0.036339430073555196
0.0474869238313714,-0.0044042367859209,0.0258644051623013,G10,G10,,0.0474869238313714,-0.0044042367859209,0.0258644051623013,0.018338058815189604,0.033390751509412994
0.0435119848582274,-0.0080601025129343,0.0340004736119251,G10,G10,,0.0435119848582274,-0.0080601025129343,0.0340004736119251,0.0264741272648134,0.041526819959036794
0.0352840513687335,-0.0025741472482853,0.0282584819720082,G10,G10,,0.0352840513687335,-0.0025741472482853,0.0282584819720082,0.020732135624896505,0.035784828319119895
0.0394110996603424,-0.0030684763272941,0.0249597582363552,G10,G10,,0.0394110996603424,-0.0030684763272941,0.0249597582363552,0.017433411889243505,0.032486104583466895
0.0542554828325588,0.0026047241511784,-0.0013852676846638,G10,G10,,0.0542554828325588,0.0026047241511784,-0.0013852676846638,-0.008911614031775495,0.006141078662447896
0.0566187396632806,0.0053022874830149,-0.0168009702872419,G10,G10,,0.0566187396632806,0.0053022874830149,-0.0168009702872419,-0.024327316634353596,-0.009274623940130202
0.0514487971361584,-0.0012738938928768,0.0157310533902259,G10,G10,,0.0514487971361584,-0.0012738938928768,0.0157310533902259,0.008204707043114202,0.023257399737337595
0.034390988141857,-0.0040336312975184,0.0262812401318321,G10,G10,,0.034390988141857,-0.0040336312975184,0.0262812401318321,0.018754893784720405,0.033807586478943795
0.045147137628989,0.0013518956038045,0.0117470070492474,G10,G10,,0.045147137628989,0.0013518956038045,0.0117470070492474,0.004220660702135704,0.019273353396359095
0.0390272663158488,0.0006563401721201,0.0153205592724226,G10,G10,,0.0390272663158488,0.0006563401721201,0.0153205592724226,0.0077942129253109034,0.022846905619534296
0.0440277484305394,-0.0018787717206241,0.0242522332758056,G10,G10,,0.0440277484305394,-0.0018787717206241,0.0242522332758056,0.016725886928693902,0.031778579622917295
0.0482086462379494,-0.0009502801513275,0.0157374374017301,G10,G10,,0.0482086462379494,-0.0009502801513275,0.0157374374017301,0.008211091054618404,0.023263783748841797
0.0436686846762304,-0.0054909188719053,0.0244735002876794,G10,G10,,0.0436686846762304,-0.0054909188719053,0.0244735002876794,0.016947153940567703,0.03199984663479109
0.0498332919024504,-0.0033469164875775,0.0271122291699556,G10,G10,,0.0498332919024504,-0.0033469164875775,0.0271122291699556,0.019585882822843903,0.0346385755170673
0.0439551095782484,-0.0028551578698952,0.0270881862216096,G10,G10,,0.0439551095782484,-0.0028551578698952,0.0270881862216096,0.019561839874497902,0.034614532568721296
0.0462960582658372,-0.0037373015916535,0.0303029886653544,G10,G10,,0.0462960582658372,-0.0037373015916535,0.0303029886653544,0.022776642318242703,0.037829335012466096
0.0431053411352591,-0.0070437664539784,0.0298483641754004,G10,G10,,0.0431053411352591,-0.0070437664539784,0.0298483641754004,0.022322017828288705,0.037374710522512095
0.04425761629543,-0.0054209065791977,0.0308456869212884,G10,G10,,0.04425761629543,-0.0054209065791977,0.0308456869212884,0.023319340574176704,0.038372033268400094
0.040768676319117,-0.0035293866185354,0.0295927421999551,G10,G10,,0.040768676319117,-0.0035293866185354,0.0295927421999551,0.022066395852843403,0.037119088547066796
0.0543065410295673,-0.0004197935292986,0.0086859384867433,G10,G10,,0.0543065410295673,-0.0004197935292986,0.0086859384867433,0.001159592139631605,0.016212284833854996
0.0488665012401392,-0.0009109491318459,0.0176202037780169,G10,G10,,0.0488665012401392,-0.0009109491318459,0.0176202037780169,0.010093857430905202,0.025146550125128595
0.0559820216196468,0.0007539115897495,0.0050650157965565,G10,G10,,0.0559820216196468,0.0007539115897495,0.0050650157965565,-0.0024613305505551955,0.012591362143668197
0.0476959876386168,0.000450533904046,0.0088348524380603,G10,G10,,0.0476959876386168,0.000450533904046,0.0088348524380603,0.0013085060909486046,0.016361198785171997
0.0467682587921625,-0.0030457890254994,0.0234308212312778,G10,G10,,0.0467682587921625,-0.0030457890254994,0.0234308212312778,0.015904474884166103,0.030957167578389497
0.0452600549669085,-0.0082692799071259,0.0221819138563101,G10,G10,,0.0452600549669085,-0.0082692799071259,0.0221819138563101,0.014655567509198403,0.029708260203421797
0.051613973772795,-0.0035048855731655,0.0208309546729443,G10,G10,,0.051613973772795,-0.0035048855731655,0.0208309546729443,0.013304608325832603,0.028357301020055996
0.0558167228238616,-5.91281847110803e-05,0.0049221675355732,G10,G10,,0.0558167228238616,-5.91281847110803e-05,0.0049221675355732,-0.0026041788115384957,0.012448513882684895
0.0528012579666549,-0.0019067171647318,0.0197370434813012,G10,G10,,0.0528012579666549,-0.0019067171647318,0.0197370434813012,0.012210697134189503,0.027263389828412896
0.0520171445438553,-0.00382717475276,0.0223992477022836,G10,G10,,0.0520171445438553,-0.00382717475276,0.0223992477022836,0.014872901355171903,0.029925594049395297
0.0529167385830972,-0.0022044418508457,0.0152027814496239,G10,G10,,0.0529167385830972,-0.0022044418508457,0.0152027814496239,0.007676435102512203,0.022729127796735596
0.0478855092322095,-0.0045816263477711,0.0250248085757245,G10,G10,,0.0478855092322095,-0.0045816263477711,0.0250248085757245,0.0174984622286128,0.032551154922836195
0.0480452234966963,-0.0043698874058929,0.0238449113532348,G10,G10,,0.0480452234966963,-0.0043698874058929,0.0238449113532348,0.016318565006123102,0.031371257700346496
0.0481261571527338,-0.0040049183976222,0.0253274605996461,G10,G10,,0.0481261571527338,-0.0040049183976222,0.0253274605996461,0.017801114252534403,0.032853806946757796
0.0486140509591273,-0.0030656679481029,0.0213811012129675,G10,G10,,0.0486140509591273,-0.0030656679481029,0.0213811012129675,0.013854754865855804,0.028907447560079198
0.0422185840488654,-0.0058413331118351,0.0344927595004794,G10,G10,,0.0422185840488654,-0.0058413331118351,0.0344927595004794,0.026966413153367702,0.042019105847591096
0.0364928916753333,-0.00435303342804,0.029932785163258,G10,G10,,0.0364928916753333,-0.00435303342804,0.029932785163258,0.022406438816146304,0.0374591315103697
0.0393737801184056,-0.0035083421543397,0.028747709566158,G10,G10,,0.0393737801184056,-0.0035083421543397,0.028747709566158,0.021221363219046302,0.036274055913269695
0.0394755498248435,-0.0056649162190189,0.0317341329350821,G10,G10,,0.0394755498248435,-0.0056649162190189,0.0317341329350821,0.024207786587970404,0.0392604792821938
0.0403787529468871,-0.0026547247278485,0.0241133073291023,G10,G10,,0.0403787529468871,-0.0026547247278485,0.0241133073291023,0.016586960981990605,0.031639653676214
0.0356393313337296,-0.0065896065512414,0.0321682204220184,G10,G10,,0.0356393313337296,-0.0065896065512414,0.0321682204220184,0.0246418740749067,0.039694566769130094
0.0279873285378904,-0.004277976382525,0.0262611976635577,G10,G10,,0.0279873285378904,-0.004277976382525,0.0262611976635577,0.018734851316446,0.03378754401066939
0.0361093225778819,-0.0038975964667409,0.0292083159346868,G10,G10,,0.0361093225778819,-0.0038975964667409,0.0292083159346868,0.021681969587575102,0.036734662281798496
0.0334790626677704,-0.0048233785438363,0.0263016852303809,G10,G10,,0.0334790626677704,-0.0048233785438363,0.0263016852303809,0.018775338883269203,0.0338280315774926
0.0301080392962743,-0.0018263874468857,0.0270262401022396,G10,G10,,0.0301080392962743,-0.0018263874468857,0.0270262401022396,0.019499893755127902,0.034552586449351295
0.0282439995401985,-0.0006401252194284,0.0269371448403059,G10,G10,,0.0282439995401985,-0.0006401252194284,0.0269371448403059,0.019410798493194204,0.034463491187417594
0.0356731126181423,-0.0002333276394531,0.0227726807444939,G10,G10,,0.0356731126181423,-0.0002333276394531,0.0227726807444939,0.015246334397382204,0.030299027091605597
0.0358810091967894,-0.0021897159651562,0.0271659589569512,G10,G10,,0.0358810091967894,-0.0021897159651562,0.0271659589569512,0.019639612609839503,0.03469230530406289
0.0401008453421115,-0.0044385813185951,0.0300923857818128,G10,G10,,0.0401008453421115,-0.0044385813185951,0.0300923857818128,0.022566039434701105,0.0376187321289245
0.0395890821446174,-0.0044230311397737,0.0313677097609788,G10,G10,,0.0395890821446174,-0.0044230311397737,0.0313677097609788,0.023841363413867105,0.0388940561080905
0.0375129216532124,-0.0022982483513998,0.0266465721184051,G10,G10,,0.0375129216532124,-0.0022982483513998,0.0266465721184051,0.019120225771293402,0.034172918465516795
0.0304472778358446,-0.003522281688925,0.0310917405492925,G10,G10,,0.0304472778358446,-0.003522281688925,0.0310917405492925,0.023565394202180803,0.0386180868964042
0.0430294613326344,-0.0043669444789468,0.0296915951491987,G10,G10,,0.0430294613326344,-0.0043669444789468,0.0296915951491987,0.022165248802087003,0.03721794149631039
0.0388723836594322,-0.0032240111882519,0.0282804496210143,G10,G10,,0.0388723836594322,-0.0032240111882519,0.0282804496210143,0.020754103273902605,0.035806795968126
0.0325955430674249,-0.0016544262069419,0.0270449917423115,G10,G10,,0.0325955430674249,-0.0016544262069419,0.0270449917423115,0.019518645395199805,0.0345713380894232
0.0305123179619395,-0.0014056231879041,0.0277752744396931,G10,G10,,0.0305123179619395,-0.0014056231879041,0.0277752744396931,0.020248928092581404,0.035301620786804794
0.0385753950477708,-0.0025679036779672,0.0261912976178426,G10,G10,,0.0385753950477708,-0.0025679036779672,0.0261912976178426,0.018664951270730902,0.033717643964954296
0.0341947379783687,-0.003861381376165,0.0269452860102334,G10,G10,,0.0341947379783687,-0.003861381376165,0.0269452860102334,0.019418939663121703,0.03447163235734509
0.0405706869572389,-0.0026341786865141,0.0284245066957399,G10,G10,,0.0405706869572389,-0.0026341786865141,0.0284245066957399,0.0208981603486282,0.035950853042851595
0.0419863486491748,-0.004879976550739,0.0329851119266871,G10,G10,,0.0419863486491748,-0.004879976550739,0.0329851119266871,0.025458765579575403,0.040511458273798796
0.0414666766227655,-0.0022615814828838,0.0259819708568377,G10,G10,,0.0414666766227655,-0.0022615814828838,0.0259819708568377,0.018455624509726005,0.033508317203949395
0.0392109025585345,-0.0020489176082258,0.0282252094673727,G10,G10,,0.0392109025585345,-0.0020489176082258,0.0282252094673727,0.020698863120261004,0.035751555814484394
0.0337684712853859,-0.0025937281937134,0.0318068749186443,G10,G10,,0.0337684712853859,-0.0025937281937134,0.0318068749186443,0.0242805285715326,0.039333221265755995
0.0416580198566834,-0.0026306489382209,0.0290971618692591,G10,G10,,0.0416580198566834,-0.0026306489382209,0.0290971618692591,0.021570815522147402,0.036623508216370795
0.0447152955251775,-0.0025427444877123,0.0270443582343539,G10,G10,,0.0447152955251775,-0.0025427444877123,0.0270443582343539,0.0195180118872422,0.03457070458146559
0.0302390426691609,-0.0006847851576492,0.0304559775884711,G10,G10,,0.0302390426691609,-0.0006847851576492,0.0304559775884711,0.022929631241359404,0.0379823239355828
0.0318272254833074,-0.0014610963391742,0.0293950200988154,G10,G10,,0.0318272254833074,-0.0014610963391742,0.0293950200988154,0.021868673751703704,0.0369213664459271
0.0411100788370376,-0.002359433927346,0.029798549467247,G10,G10,,0.0411100788370376,-0.002359433927346,0.029798549467247,0.022272203120135302,0.037324895814358695
0.0393115902223235,-0.0020438547049881,0.027118573959651,G10,G10,,0.0393115902223235,-0.0020438547049881,0.027118573959651,0.019592227612539304,0.034644920306762694
0.0386265975261236,-0.0029555632753281,0.0287631419258081,G10,G10,,0.0386265975261236,-0.0029555632753281,0.0287631419258081,0.021236795578696403,0.03628948827291979
0.043662796587695,-0.0034088678834534,0.0282503841313499,G10,G10,,0.043662796587695,-0.0034088678834534,0.0282503841313499,0.020724037784238203,0.035776730478461596
0.0418108067940311,-0.0011458874444749,0.0232007358566779,G10,G10,,0.0418108067940311,-0.0011458874444749,0.0232007358566779,0.015674389509566202,0.030727082203789596
0.0437430397111629,-0.0024227266150209,0.0235317208775876,G10,G10,,0.0437430397111629,-0.0024227266150209,0.0235317208775876,0.016005374530475902,0.031058067224699296
0.0389057456647502,-0.0057020914696788,0.0338573745522064,G10,G10,,0.0389057456647502,-0.0057020914696788,0.0338573745522064,0.026331028205094704,0.0413837208993181
0.0194016903552217,-0.0016542605163744,0.0231808995409738,G10,G10,,0.0194016903552217,-0.0016542605163744,0.0231808995409738,0.0156545531938621,0.030707245888085495
0.0091200239657394,0.0065989911851298,0.0191090728429577,G10,G10,,0.0091200239657394,0.0065989911851298,0.0191090728429577,0.011582726495846005,0.026635419190069398
0.0088909300185684,0.0066398990410742,0.0194930914920001,G10,G10,,0.0088909300185684,0.0066398990410742,0.0194930914920001,0.011966745144888404,0.027019437839111798
0.0045214836549836,0.0082082016198032,0.0179951466032787,G10,G10,,0.0045214836549836,0.0082082016198032,0.0179951466032787,0.010468800256167005,0.025521492950390398
0.0098827849392158,0.0063956287990674,0.0175772042154449,G10,G10,,0.0098827849392158,0.0063956287990674,0.0175772042154449,0.010050857868333204,0.025103550562556597
0.02952051043035,0.0012841193801261,0.0185913789333443,G10,G10,,0.02952051043035,0.0012841193801261,0.0185913789333443,0.011065032586232603,0.026117725280455997
0.0297143715684438,1.37678422898069e-05,0.0207052704431809,G10,G10,,0.0297143715684438,1.37678422898069e-05,0.0207052704431809,0.013178924096069203,0.028231616790292596
0.0415141106676457,0.0009941611453769,0.014055739451587,G10,G10,,0.0415141106676457,0.0009941611453769,0.014055739451587,0.006529393104475304,0.021582085798698695
0.0435853499231035,0.0024953401367287,0.0046973461131768,G10,G10,,0.0435853499231035,0.0024953401367287,0.0046973461131768,-0.0028290002339348957,0.012223692460288496
0.0381477810904563,-0.0026935920398695,0.0215715385009967,G10,G10,,0.0381477810904563,-0.0026935920398695,0.0215715385009967,0.014045192153885003,0.029097884848108397
0.0281046370457005,0.0001194409216525,0.017767342150798,G10,G10,,0.0281046370457005,0.0001194409216525,0.017767342150798,0.010240995803686304,0.025293688497909698
0.047864942386259,0.0072298381590366,-0.0170872229833318,G10,G10,,0.047864942386259,0.0072298381590366,-0.0170872229833318,-0.024613569330443497,-0.009560876636220104
0.0535121513074549,0.0046240172171032,-0.0109717230461038,G10,G10,,0.0535121513074549,0.0046240172171032,-0.0109717230461038,-0.018498069393215497,-0.0034453766989921046
0.0523962079491066,0.0089478741160253,-0.0271514904825425,G10,G10,,0.0523962079491066,0.0089478741160253,-0.0271514904825425,-0.034677836829654196,-0.019625144135430803
0.0508320861031447,0.0053536951942263,-0.0124928781506638,G10,G10,,0.0508320861031447,0.0053536951942263,-0.0124928781506638,-0.020019224497775497,-0.004966531803552104
0.0579908068925093,0.0106064834361721,-0.043884716505014,G10,G10,,0.0579908068925093,0.0106064834361721,-0.043884716505014,-0.0514110628521257,-0.0363583701579023
0.0532785826337023,0.0026945703797491,-0.0133427310582947,G10,G10,,0.0532785826337023,0.0026945703797491,-0.0133427310582947,-0.020869077405406396,-0.005816384711183005
0.0424639758228593,0.0033271683513347,0.0032604289177152,G10,G10,,0.0424639758228593,0.0033271683513347,0.0032604289177152,-0.004265917429396496,0.010786775264826895
0.030392330700947,0.0026819656927591,0.0178430503376264,G10,G10,,0.030392330700947,0.0026819656927591,0.0178430503376264,0.010316703990514705,0.0253693966847381
0.0440044016133746,-0.0004405249990806,0.0144477937686843,G10,G10,,0.0440044016133746,-0.0004405249990806,0.0144477937686843,0.006921447421572605,0.021974140115795997
0.0395823667819956,-0.0022051881299316,0.0192266234913576,G10,G10,,0.0395823667819956,-0.0022051881299316,0.0192266234913576,0.011700277144245902,0.026752969838469295
0.032645298115734,0.0047758312591998,7.25601699579884e-05,G10,G10,,0.032645298115734,0.0047758312591998,7.25601699579884e-05,-0.007453786177153707,0.007598906517069685
0.0483282592555778,-0.0011702737234789,0.0154935859128527,G10,G10,,0.0483282592555778,-0.0011702737234789,0.0154935859128527,0.007967239565741004,0.023019932259964397
0.0375919505003833,-0.0027976811165227,0.0209841715556234,G10,G10,,0.0375919505003833,-0.0027976811165227,0.0209841715556234,0.013457825208511704,0.028510517902735098
0.0502260643085765,0.0046140278495947,-0.0097098804157359,G10,G10,,0.0502260643085765,0.0046140278495947,-0.0097098804157359,-0.017236226762847594,-0.0021835340686242035
0.0566553589644702,0.0047157383409477,-0.010753717929278,G10,G10,,0.0566553589644702,0.0047157383409477,-0.010753717929278,-0.018280064276389694,-0.0032273715821663036
0.0542059985746093,0.0093713151335271,-0.0347469644380747,G10,G10,,0.0542059985746093,0.0093713151335271,-0.0347469644380747,-0.042273310785186397,-0.027220618090963003
0.0542198062185856,0.0087149037251775,-0.0278299818713363,G10,G10,,0.0542198062185856,0.0087149037251775,-0.0278299818713363,-0.035356328218447995,-0.0203036355242246
0.0536920315103373,0.0045453722974449,-0.0089279706982634,G10,G10,,0.0536920315103373,0.0045453722974449,-0.0089279706982634,-0.016454317045375096,-0.0014016243511517047
0.0294014795429388,0.0071182369489499,0.0051556217542911,G10,G10,,0.0294014795429388,0.0071182369489499,0.0051556217542911,-0.002370724592820596,0.012681968101402796
0.0551065598754082,0.007714662339054,-0.0277002535924058,G10,G10,,0.0551065598754082,0.007714662339054,-0.0277002535924058,-0.035226599939517496,-0.020173907245294102
0.0466652785471123,0.0016281902317721,-0.0024743312762553,G10,G10,,0.0466652785471123,0.0016281902317721,-0.0024743312762553,-0.010000677623366996,0.005052015070856395
0.0468449441229301,-0.000362124113019,0.0120198719637828,G10,G10,,0.0468449441229301,-0.000362124113019,0.0120198719637828,0.004493525616671104,0.019546218310894495
0.052270763435207,0.003480705085475,-0.0059256609777101,G10,G10,,0.052270763435207,0.003480705085475,-0.0059256609777101,-0.013452007324821796,0.0016006853694015962
0.0264990304234393,0.0003581024999452,0.026285745321933,G10,G10,,0.0264990304234393,0.0003581024999452,0.026285745321933,0.018759398974821304,0.0338120916690447
0.0578277585162533,0.0069129625789428,-0.025131310880432,G10,G10,,0.0578277585162533,0.0069129625789428,-0.025131310880432,-0.03265765722754369,-0.017604964533320302
0.0586194307413031,0.0080904675040674,-0.0295906211234727,G10,G10,,0.0586194307413031,0.0080904675040674,-0.0295906211234727,-0.03711696747058439,-0.022064274776361
0.0397887047745327,0.0004854400001227,0.009867748689435,G10,G10,,0.0397887047745327,0.0004854400001227,0.009867748689435,0.0023414023423233036,0.017394095036546695
0.0571969936290061,0.0104912984843384,-0.0396927185883361,G10,G10,,0.0571969936290061,0.0104912984843384,-0.0396927185883361,-0.047219064935447794,-0.0321663722412244
0.0429936273893219,0.0037297126507033,0.0019303727899358,G10,G10,,0.0429936273893219,0.0037297126507033,0.0019303727899358,-0.005595973557175896,0.009456719137047495
0.052261475155457,0.0084217686431127,-0.0224090838284229,G10,G10,,0.052261475155457,0.0084217686431127,-0.0224090838284229,-0.029935430175534596,-0.014882737481311203
0.0477603779666394,0.0092348072347409,-0.0229618205126203,G10,G10,,0.0477603779666394,0.0092348072347409,-0.0229618205126203,-0.030488166859731998,-0.015435474165508604
0.0556930765976464,0.0090338044625068,-0.0273276594101294,G10,G10,,0.0556930765976464,0.0090338044625068,-0.0273276594101294,-0.0348540057572411,-0.019801313063017703
0.0588269247687189,0.0128563843941925,-0.056748961053477,G10,G10,,0.0588269247687189,0.0128563843941925,-0.056748961053477,-0.06427530740058869,-0.049222614706365304
0.0618427505424381,0.0094616227545479,-0.0400555294080145,G10,G10,,0.0618427505424381,0.0094616227545479,-0.0400555294080145,-0.04758187575512619,-0.0325291830609028
0.0561588091925484,0.0082397466736979,-0.0258137446689381,G10,G10,,0.0561588091925484,0.0082397466736979,-0.0258137446689381,-0.033340091016049796,-0.018287398321826402
0.0253005352078732,0.0090160249261287,0.0030545318606102,G10,G10,,0.0253005352078732,0.0090160249261287,0.0030545318606102,-0.004471814486501496,0.010580878207721895
0.0602948224537128,0.0065604759676069,-0.0231079798089301,G10,G10,,0.0602948224537128,0.0065604759676069,-0.0231079798089301,-0.030634326156041797,-0.015581633461818404
0.0582140467653404,0.0080545291504835,-0.0270770289148448,G10,G10,,0.0582140467653404,0.0080545291504835,-0.0270770289148448,-0.0346033752619565,-0.019550682567733103
0.0640422963642908,0.0118321202535451,-0.0487818344431233,G10,G10,,0.0640422963642908,0.0118321202535451,-0.0487818344431233,-0.056308180790234995,-0.0412554880960116
0.0636626989313003,0.0114775371460925,-0.0480599799962834,G10,G10,,0.0636626989313003,0.0114775371460925,-0.0480599799962834,-0.055586326343395095,-0.0405336336491717
0.061987658549733,0.0098990099903764,-0.0425557073507509,G10,G10,,0.061987658549733,0.0098990099903764,-0.0425557073507509,-0.050082053697862595,-0.0350293610036392
0.0588208521217286,0.011432284520691,-0.0495763559153708,G10,G10,,0.0588208521217286,0.011432284520691,-0.0495763559153708,-0.0571027022624825,-0.042050009568259106
0.0641322192258812,0.0115019410126245,-0.0479967084917945,G10,G10,,0.0641322192258812,0.0115019410126245,-0.0479967084917945,-0.0555230548389062,-0.0404703621446828
0.0605204552004749,0.0078615094291288,-0.0282248625898711,G10,G10,,0.0605204552004749,0.0078615094291288,-0.0282248625898711,-0.035751208936982797,-0.020698516242759403
0.0562939965694223,0.0105759876478345,-0.0473677212977177,G10,G10,,0.0562939965694223,0.0105759876478345,-0.0473677212977177,-0.054894067644829396,-0.039841374950606
0.0625093710056273,0.0112104865977708,-0.0431016293397914,G10,G10,,0.0625093710056273,0.0112104865977708,-0.0431016293397914,-0.050627975686903096,-0.0355752829926797
0.0572766349041069,0.01233447529515,-0.0487980122728446,G10,G10,,0.0572766349041069,0.01233447529515,-0.0487980122728446,-0.0563243586199563,-0.041271665925732906
0.0553784481456654,0.0107532899358742,-0.0333163102629355,G10,G10,,0.0553784481456654,0.0107532899358742,-0.0333163102629355,-0.0408426566100472,-0.025789963915823805
0.0673095167570712,0.0166932781448639,-0.073630117448314,G10,G10,,0.0673095167570712,0.0166932781448639,-0.073630117448314,-0.0811564637954257,-0.06610377110120232
0.0588520958009673,0.0132720683341097,-0.0586684771661999,G10,G10,,0.0588520958009673,0.0132720683341097,-0.0586684771661999,-0.06619482351331159,-0.0511421308190882
0.0593987883420863,0.0103057511876272,-0.0391818098449887,G10,G10,,0.0593987883420863,0.0103057511876272,-0.0391818098449887,-0.0467081561921004,-0.031655463497877005
0.0494879033891622,0.0015847283113622,0.0055653434252198,G10,G10,,0.0494879033891622,0.0015847283113622,0.0055653434252198,-0.001961002921891896,0.013091689772331496
0.0562069447501465,0.0063799473716295,-0.02258116396939,G10,G10,,0.0562069447501465,0.0063799473716295,-0.02258116396939,-0.030107510316501697,-0.015054817622278303
0.0583012145520162,0.0099013184368688,-0.0392942405616142,G10,G10,,0.0583012145520162,0.0099013184368688,-0.0392942405616142,-0.0468205869087259,-0.031767894214502504
0.058888935207051,0.0108544560869197,-0.0415773563995136,G10,G10,,0.058888935207051,0.0108544560869197,-0.0415773563995136,-0.049103702746625295,-0.0340510100524019
0.051409309466731,0.0096916783035219,-0.0303072635993043,G10,G10,,0.051409309466731,0.0096916783035219,-0.0303072635993043,-0.037833609946416,-0.022780917252192605
0.0666431073255656,0.0137323387760302,-0.0593037558337516,G10,G10,,0.0666431073255656,0.0137323387760302,-0.0593037558337516,-0.0668301021808633,-0.051777409486639905
0.0578012075127082,0.0114656765714222,-0.0432629110943423,G10,G10,,0.0578012075127082,0.0114656765714222,-0.0432629110943423,-0.050789257441453996,-0.0357365647472306
0.0655770580736679,0.0134464108189968,-0.0584513455445015,G10,G10,,0.0655770580736679,0.0134464108189968,-0.0584513455445015,-0.06597769189161319,-0.050924999197389804
0.0573436199647132,0.0111730362874463,-0.0476918373491123,G10,G10,,0.0573436199647132,0.0111730362874463,-0.0476918373491123,-0.055218183696224,-0.040165491002000606
0.0635183494348891,0.0129434439003371,-0.055849823279214,G10,G10,,0.0635183494348891,0.0129434439003371,-0.055849823279214,-0.0633761696263257,-0.0483234769321023
0.0649774722532947,0.013418180746672,-0.0586470151937153,G10,G10,,0.0649774722532947,0.013418180746672,-0.0586470151937153,-0.066173361540827,-0.0511206688466036
0.0700219622485085,0.0170716632971182,-0.07663954115273,G10,G10,,0.0700219622485085,0.0170716632971182,-0.07663954115273,-0.08416588749984169,-0.06911319480561831
0.062518934751634,0.0136699972401459,-0.0604083835564132,G10,G10,,0.062518934751634,0.0136699972401459,-0.0604083835564132,-0.06793472990352489,-0.052882037209301506
0.0608917312801885,0.0125482336447684,-0.0554697312690647,G10,G10,,0.0608917312801885,0.0125482336447684,-0.0554697312690647,-0.0629960776161764,-0.047943384921953006
0.066514701442563,0.0156495476325306,-0.070138431232299,G10,G10,,0.066514701442563,0.0156495476325306,-0.070138431232299,-0.07766477757941069,-0.06261208488518731
0.0489714204507224,0.0036735594366212,-0.0066203714432257,G10,G10,,0.0489714204507224,0.0036735594366212,-0.0066203714432257,-0.014146717790337396,0.0009059749038859959
0.0590173768568679,0.0107104111045893,-0.0500742782623818,G10,G10,,0.0590173768568679,0.0107104111045893,-0.0500742782623818,-0.05760062460949349,-0.0425479319152701
0.0658496865013126,0.0123517425135298,-0.0536134379897628,G10,G10,,0.0658496865013126,0.0123517425135298,-0.0536134379897628,-0.061139784336874496,-0.0460870916426511
0.061270500240026,0.0121913145324149,-0.0534614796854225,G10,G10,,0.061270500240026,0.0121913145324149,-0.0534614796854225,-0.0609878260325342,-0.045935133338310806
0.0591013165797399,0.0093485308060796,-0.0395353791335873,G10,G10,,0.0591013165797399,0.0093485308060796,-0.0395353791335873,-0.047061725480699,-0.03200903278647561
0.0670237569800321,0.0166463508191788,-0.0733554835979066,G10,G10,,0.0670237569800321,0.0166463508191788,-0.0733554835979066,-0.08088182994501829,-0.06582913725079491
0.0643363302595796,0.0133558985176611,-0.0581585707312611,G10,G10,,0.0643363302595796,0.0133558985176611,-0.0581585707312611,-0.06568491707837279,-0.0506322243841494
-0.005841125945322,0.0165683688795534,0.0139098591574757,G10,G10,,-0.005841125945322,0.0165683688795534,0.0139098591574757,0.006383512810364003,0.021436205504587396
0.0561851972274474,0.0131924367163752,-0.0534681700590707,G10,G10,,0.0561851972274474,0.0131924367163752,-0.0534681700590707,-0.0609945164061824,-0.045941823711959005
0.0428813917378953,0.008422665913254,-0.0144864264220628,G10,G10,,0.0428813917378953,0.008422665913254,-0.0144864264220628,-0.022012772769174495,-0.006960080074951104
0.041651061279329,0.007734672300302,-0.0125220945321589,G10,G10,,0.041651061279329,0.007734672300302,-0.0125220945321589,-0.020048440879270595,-0.004995748185047204
0.0574986113984145,0.012484959131292,-0.0418388039322161,G10,G10,,0.0574986113984145,0.012484959131292,-0.0418388039322161,-0.049365150279327794,-0.0343124575851044
0.0508567819937738,0.0135950541475276,-0.0337198230342172,G10,G10,,0.0508567819937738,0.0135950541475276,-0.0337198230342172,-0.0412461693813289,-0.026193476687105505
0.0578971337981629,0.0120795409989916,-0.0415871059446104,G10,G10,,0.0578971337981629,0.0120795409989916,-0.0415871059446104,-0.0491134522917221,-0.034060759597498706
0.0558274825630416,0.0107569445324441,-0.0330116256402051,G10,G10,,0.0558274825630416,0.0107569445324441,-0.0330116256402051,-0.0405379719873168,-0.025485279293093403
0.0618708298543815,0.0186671464713641,-0.073839036672101,G10,G10,,0.0618708298543815,0.0186671464713641,-0.073839036672101,-0.08136538301921269,-0.0663126903249893
0.0575788874415187,0.0161211661308561,-0.0581043413616955,G10,G10,,0.0575788874415187,0.0161211661308561,-0.0581043413616955,-0.06563068770880719,-0.0505779950145838
0.0240505061243398,0.0257516391930003,-0.0455730435718439,G10,G10,,0.0240505061243398,0.0257516391930003,-0.0455730435718439,-0.053099389918955596,-0.0380466972247322
0.0676349957364846,0.0188360274986145,-0.0853792926160157,G10,G10,,0.0676349957364846,0.0188360274986145,-0.0853792926160157,-0.0929056389631274,-0.07785294626890402
0.070303951120707,0.018136725888708,-0.0827297186389883,G10,G10,,0.070303951120707,0.018136725888708,-0.0827297186389883,-0.09025606498609999,-0.07520337229187661
0.0711773419774944,0.0183367672493542,-0.0833786528855051,G10,G10,,0.0711773419774944,0.0183367672493542,-0.0833786528855051,-0.09090499923261679,-0.07585230653839341
0.0681928408385713,0.0182614443263716,-0.0824812529877791,G10,G10,,0.0681928408385713,0.0182614443263716,-0.0824812529877791,-0.09000759933489079,-0.07495490664066741
0.0710448179297104,0.0187637888664605,-0.0842113094290833,G10,G10,,0.0710448179297104,0.0187637888664605,-0.0842113094290833,-0.09173765577619498,-0.0766849630819716
0.067507240325728,0.0175025040491884,-0.079447862932046,G10,G10,,0.067507240325728,0.0175025040491884,-0.079447862932046,-0.0869742092791577,-0.07192151658493431
0.0634701343594935,0.0155386154945885,-0.0676185494038404,G10,G10,,0.0634701343594935,0.0155386154945885,-0.0676185494038404,-0.0751448957509521,-0.06009220305672871
0.0668880230345464,0.0166113636100415,-0.0749913212321893,G10,G10,,0.0668880230345464,0.0166113636100415,-0.0749913212321893,-0.08251766757930099,-0.0674649748850776
0.0693416858802515,0.0161005967396032,-0.0731787139801819,G10,G10,,0.0693416858802515,0.0161005967396032,-0.0731787139801819,-0.08070506032729359,-0.06565236763307021
0.0643543183787349,0.0154268035639931,-0.0699429710957135,G10,G10,,0.0643543183787349,0.0154268035639931,-0.0699429710957135,-0.07746931744282519,-0.0624166247486018
0.0700913982751885,0.0189061076747186,-0.0863292572213165,G10,G10,,0.0700913982751885,0.0189061076747186,-0.0863292572213165,-0.09385560356842819,-0.07880291087420481
0.0700790592715122,0.0194167009727138,-0.0877662328102,G10,G10,,0.0700790592715122,0.0194167009727138,-0.0877662328102,-0.0952925791573117,-0.08023988646308831
0.0677035715463662,0.0203172280137683,-0.0860030391002615,G10,G10,,0.0677035715463662,0.0203172280137683,-0.0860030391002615,-0.09352938544737319,-0.07847669275314981
0.0697164069077562,0.0183361647375893,-0.0818910318174299,G10,G10,,0.0697164069077562,0.0183361647375893,-0.0818910318174299,-0.0894173781645416,-0.07436468547031821
0.0626774221157606,0.0151421353930434,-0.0664015568632345,G10,G10,,0.0626774221157606,0.0151421353930434,-0.0664015568632345,-0.07392790321034619,-0.0588752105161228
0.0635033179272217,0.0144345130024847,-0.0648812564257678,G10,G10,,0.0635033179272217,0.0144345130024847,-0.0648812564257678,-0.07240760277287948,-0.0573549100786561
0.0699910938935253,0.0191168487531163,-0.0857887485802634,G10,G10,,0.0699910938935253,0.0191168487531163,-0.0857887485802634,-0.0933150949273751,-0.07826240223315171
0.0656269959784206,0.0175928412486108,-0.0783656257860388,G10,G10,,0.0656269959784206,0.0175928412486108,-0.0783656257860388,-0.08589197213315049,-0.07083927943892711
0.0676175524586494,0.0206217606823674,-0.0859120276603,G10,G10,,0.0676175524586494,0.0206217606823674,-0.0859120276603,-0.09343837400741169,-0.07838568131318831
0.0682720787514057,0.0183585696145541,-0.0834587475034757,G10,G10,,0.0682720787514057,0.0183585696145541,-0.0834587475034757,-0.0909850938505874,-0.07593240115636402
0.0677103917911078,0.0186806306329767,-0.0847695066688727,G10,G10,,0.0677103917911078,0.0186806306329767,-0.0847695066688727,-0.09229585301598439,-0.07724316032176101
0.0677924146691852,0.0171000281406689,-0.0778860952397664,G10,G10,,0.0677924146691852,0.0171000281406689,-0.0778860952397664,-0.0854124415868781,-0.07035974889265471
0.0590542521999692,0.0171596944276789,-0.0703314595401732,G10,G10,,0.0590542521999692,0.0171596944276789,-0.0703314595401732,-0.07785780588728489,-0.06280511319306151
0.0660967629534855,0.0184397033958528,-0.0826934783480067,G10,G10,,0.0660967629534855,0.0184397033958528,-0.0826934783480067,-0.09021982469511838,-0.075167132000895
0.0661202429411742,0.0172365934119679,-0.0764193595702933,G10,G10,,0.0661202429411742,0.0172365934119679,-0.0764193595702933,-0.083945705917405,-0.06889301322318162
0.0689501661824614,0.0176956471002647,-0.0800302970625609,G10,G10,,0.0689501661824614,0.0176956471002647,-0.0800302970625609,-0.08755664340967259,-0.07250395071544921
0.0685786288894046,0.0194617691793501,-0.0868119667459815,G10,G10,,0.0685786288894046,0.0194617691793501,-0.0868119667459815,-0.09433831309309319,-0.07928562039886981
0.0624121553915795,0.017616392578793,-0.0702020365820675,G10,G10,,0.0624121553915795,0.017616392578793,-0.0702020365820675,-0.07772838292917919,-0.06267569023495581
0.0673620908023577,0.0183452852125298,-0.0796451545464236,G10,G10,,0.0673620908023577,0.0183452852125298,-0.0796451545464236,-0.08717150089353529,-0.0721188081993119
0.0651740888712052,0.0183407845780216,-0.0798110422367486,G10,G10,,0.0651740888712052,0.0183407845780216,-0.0798110422367486,-0.0873373885838603,-0.07228469588963692
0.0648096090093926,0.0178437268046578,-0.0789497720057145,G10,G10,,0.0648096090093926,0.0178437268046578,-0.0789497720057145,-0.08647611835282619,-0.07142342565860281
0.054476495039644,0.014359477667223,-0.0626823366502174,G10,G10,,0.054476495039644,0.014359477667223,-0.0626823366502174,-0.07020868299732909,-0.0551559903031057
