x,y,value,group,label,facet,source,target,weight,lower,upper
139.6,130.7,130.7,,item_1,,139.6,130.7,130.7,50.09692919483331,211.30307080516667
148.8,180.4,180.4,,item_2,,148.8,180.4,180.4,99.79692919483333,261.00307080516666
6.8,3.7,3.7,,item_3,,6.8,3.7,3.7,-76.90307080516668,84.30307080516668
16.6,1.8,1.8,,item_4,,16.6,1.8,1.8,-78.80307080516668,82.40307080516668
31.3,25.3,25.3,,item_5,,31.3,25.3,25.3,-55.30307080516668,105.90307080516668
37.8,41.8,41.8,,item_6,,37.8,41.8,41.8,-38.80307080516668,122.40307080516668
63.3,38.5,38.5,,item_7,,63.3,38.5,38.5,-42.10307080516668,119.10307080516668
12.4,6.3,6.3,,item_8,,12.4,6.3,6.3,-74.30307080516668,86.90307080516668
11.9,13.1,13.1,,item_9,,11.9,13.1,13.1,-67.50307080516669,93.70307080516667
0.3,0.2,0.2,,item_10,,0.3,0.2,0.2,-80.40307080516668,80.80307080516668
8.4,2.0,2.0,,item_11,,8.4,2.0,2.0,-78.60307080516668,82.60307080516668
1.2,0.1,0.1,,item_12,,1.2,0.1,0.1,-80.50307080516669,80.70307080516667
20.6,20.9,20.9,,item_13,,20.6,20.9,20.9,-59.70307080516668,101.50307080516669
20.1,26.5,26.5,,item_14,,20.1,26.5,26.5,-54.10307080516668,107.10307080516668
1.0,0.2,0.2,,item_15,,1.0,0.2,0.2,-80.40307080516668,80.80307080516668
9.1,47.2,47.2,,item_16,,9.1,47.2,47.2,-33.40307080516668,127.80307080516668
11.1,6.5,6.5,,item_17,,11.1,6.5,6.5,-74.10307080516668,87.10307080516668
20.0,18.0,18.0,,item_18,,20.0,18.0,18.0,-62.60307080516668,98.60307080516668
182.3,157.6,157.6,,item_19,,182.3,157.6,157.6,76.99692919483331,238.20307080516667
8.6,17.3,17.3,,item_20,,8.6,17.3,17.3,-63.30307080516668,97.90307080516668
29.1,6.3,6.3,,item_21,,29.1,6.3,6.3,-74.30307080516668,86.90307080516668
12.5,11.3,11.3,,item_22,,12.5,11.3,11.3,-69.30307080516668,91.90307080516668
0.4,0.6,0.6,,item_23,,0.4,0.6,0.6,-80.00307080516669,81.20307080516667
0.0,0.0,0.0,,item_24,,0.0,0.0,0.0,-80.60307080516668,80.60307080516668
0.2,0.0,0.0,,item_25,,0.2,0.0,0.0,-80.60307080516668,80.60307080516668
50.7,45.8,45.8,,item_26,,50.7,45.8,45.8,-34.80307080516668,126.40307080516668
1745.8,836.5,836.5,,item_27,,1745.8,836.5,836.5,755.8969291948333,917.1030708051667
101.3,157.7,157.7,,item_28,,101.3,157.7,157.7,77.09692919483331,238.30307080516667
22.8,11.8,11.8,,item_29,,22.8,11.8,11.8,-68.80307080516668,92.40307080516668
24.8,18.0,18.0,,item_30,,24.8,18.0,18.0,-62.60307080516668,98.60307080516668
81.7,71.3,71.3,,item_31,,81.7,71.3,71.3,-9.303070805166683,151.9030708051667
9.4,4.0,4.0,,item_32,,9.4,4.0,4.0,-76.60307080516668,84.60307080516668
2.3,0.2,0.2,,item_33,,2.3,0.2,0.2,-80.40307080516668,80.80307080516668
17.8,15.9,15.9,,item_34,,17.8,15.9,15.9,-64.70307080516667,96.50307080516669
2.1,0.2,0.2,,item_35,,2.1,0.2,0.2,-80.40307080516668,80.80307080516668
67.4,59.2,59.2,,item_36,,67.4,59.2,59.2,-21.403070805166678,139.80307080516667
172.7,115.1,115.1,,item_37,,172.7,115.1,115.1,34.496929194833314,195.70307080516667
53.5,148.3,148.3,,item_38,,53.5,148.3,148.3,67.69692919483333,228.9030708051667
160.0,97.0,97.0,,item_39,,160.0,97.0,97.0,16.39692919483332,177.60307080516668
44.9,112.0,112.0,,item_40,,44.9,112.0,112.0,31.39692919483332,192.60307080516668
30.0,41.7,41.7,,item_41,,30.0,41.7,41.7,-38.90307080516668,122.30307080516668
76.6,73.2,73.2,,item_42,,76.6,73.2,73.2,-7.403070805166678,153.80307080516667
15.6,14.9,14.9,,item_43,,15.6,14.9,14.9,-65.70307080516667,95.50307080516669
34.3,13.3,13.3,,item_44,,34.3,13.3,13.3,-67.30307080516668,93.90307080516668
200.7,190.7,190.7,,item_45,,200.7,190.7,190.7,110.09692919483331,271.30307080516667
27.6,28.2,28.2,,item_46,,27.6,28.2,28.2,-52.40307080516668,108.80307080516668
85.9,120.1,120.1,,item_47,,85.9,120.1,120.1,39.496929194833314,200.70307080516667
0.6,0.6,0.6,,item_48,,0.6,0.6,0.6,-80.00307080516669,81.20307080516667
9.0,3.0,3.0,,item_49,,9.0,3.0,3.0,-77.60307080516668,83.60307080516668
113.7,151.3,151.3,,item_50,,113.7,151.3,151.3,70.69692919483333,231.9030708051667
165.9,160.7,160.7,,item_51,,165.9,160.7,160.7,80.09692919483331,241.30307080516667
56.8,35.0,35.0,,item_52,,56.8,35.0,35.0,-45.60307080516668,115.60307080516668
27.1,18.0,18.0,,item_53,,27.1,18.0,18.0,-62.60307080516668,98.60307080516668
15.0,15.7,15.7,,item_54,,15.0,15.7,15.7,-64.90307080516668,96.30307080516668
7.3,7.5,7.5,,item_55,,7.3,7.5,7.5,-73.10307080516668,88.10307080516668
121.9,180.1,180.1,,item_56,,121.9,180.1,180.1,99.49692919483331,260.7030708051667
2.9,0.7,0.7,,item_57,,2.9,0.7,0.7,-79.90307080516668,81.30307080516668
0.0,0.0,0.0,,item_58,,0.0,0.0,0.0,-80.60307080516668,80.60307080516668
28.2,20.0,20.0,,item_59,,28.2,20.0,20.0,-60.60307080516668,100.60307080516668
4.4,10.0,10.0,,item_60,,4.4,10.0,10.0,-70.60307080516668,90.60307080516668
158.9,65.5,65.5,,item_61,,158.9,65.5,65.5,-15.10307080516668,146.10307080516668
0.8,1.7,1.7,,item_62,,0.8,1.7,1.7,-78.90307080516668,82.30307080516668
0.2,0.0,0.0,,item_63,,0.2,0.0,0.0,-80.60307080516668,80.60307080516668
0.1,0.0,0.0,,item_64,,0.1,0.0,0.0,-80.60307080516668,80.60307080516668
84.0,50.6,50.6,,item_65,,84.0,50.6,50.6,-30.00307080516668,131.20307080516667
10.8,3.8,3.8,,item_66,,10.8,3.8,3.8,-76.80307080516668,84.40307080516668
0.0,0.1,0.1,,item_67,,0.0,0.1,0.1,-80.50307080516669,80.70307080516667
3.8,4.4,4.4,,item_68,,3.8,4.4,4.4,-76.20307080516667,85.00307080516669
0.0,0.0,0.0,,item_69,,0.0,0.0,0.0,-80.60307080516668,80.60307080516668
0.4,0.3,0.3,,item_70,,0.4,0.3,0.3,-80.30307080516668,80.90307080516668
39.7,101.6,101.6,,item_71,,39.7,101.6,101.6,20.996929194833314,182.20307080516667
6.2,33.0,33.0,,item_72,,6.2,33.0,33.0,-47.60307080516668,113.60307080516668
115.9,196.5,196.5,,item_73,,115.9,196.5,196.5,115.89692919483332,277.1030708051667
22.4,38.0,38.0,,item_74,,22.4,38.0,38.0,-42.60307080516668,118.60307080516668
57.3,70.3,70.3,,item_75,,57.3,70.3,70.3,-10.303070805166683,150.9030708051667
1.4,0.3,0.3,,item_76,,1.4,0.3,0.3,-80.30307080516668,80.90307080516668
2.9,0.4,0.4,,item_77,,2.9,0.4,0.4,-80.20307080516667,81.00307080516669
55.1,48.5,48.5,,item_78,,55.1,48.5,48.5,-32.10307080516668,129.10307080516668
308.5,300.3,300.3,,item_79,,308.5,300.3,300.3,219.69692919483333,380.9030708051667
6.7,4.3,4.3,,item_80,,6.7,4.3,4.3,-76.30307080516668,84.90307080516668
2.9,1.9,1.9,,item_81,,2.9,1.9,1.9,-78.70307080516667,82.50307080516669
2.4,1.6,1.6,,item_82,,2.4,1.6,1.6,-79.00307080516669,82.20307080516667
62.3,44.2,44.2,,item_83,,62.3,44.2,44.2,-36.40307080516668,124.80307080516668
1.9,2.7,2.7,,item_84,,1.9,2.7,2.7,-77.90307080516668,83.30307080516668
25.8,18.9,18.9,,item_85,,25.8,18.9,18.9,-61.70307080516668,99.50307080516669
86.7,169.3,169.3,,item_86,,86.7,169.3,169.3,88.69692919483333,249.9030708051667
17.8,21.1,21.1,,item_87,,17.8,21.1,21.1,-59.50307080516668,101.70307080516667
8.5,2.6,2.6,,item_88,,8.5,2.6,2.6,-78.00307080516669,83.20307080516667
63.6,72.8,72.8,,item_89,,63.6,72.8,72.8,-7.8030708051666835,153.4030708051667
1.0,0.5,0.5,,item_90,,1.0,0.5,0.5,-80.10307080516668,81.10307080516668
20.9,19.6,19.6,,item_91,,20.9,19.6,19.6,-61.00307080516668,100.20307080516667
19.8,7.7,7.7,,item_92,,19.8,7.7,7.7,-72.90307080516668,88.30307080516668
45.6,47.5,47.5,,item_93,,45.6,47.5,47.5,-33.10307080516668,128.10307080516668
330.0,129.8,129.8,,item_94,,330.0,129.8,129.8,49.19692919483333,210.4030708051667
0.1,0.0,0.0,,item_95,,0.1,0.0,0.0,-80.60307080516668,80.60307080516668
104.9,40.7,40.7,,item_96,,104.9,40.7,40.7,-39.90307080516668,121.30307080516668
46.7,40.4,40.4,,item_97,,46.7,40.4,40.4,-40.20307080516668,121.00307080516669
9.2,11.0,11.0,,item_98,,9.2,11.0,11.0,-69.60307080516668,91.60307080516668
521.3,884.8,884.8,,item_99,,521.3,884.8,884.8,804.1969291948333,965.4030708051666
8.2,2.1,2.1,,item_100,,8.2,2.1,2.1,-78.50307080516669,82.70307080516667
42.5,50.8,50.8,,item_101,,42.5,50.8,50.8,-29.803070805166683,131.4030708051667
0.1,0.0,0.0,,item_102,,0.1,0.0,0.0,-80.60307080516668,80.60307080516668
38.6,21.6,21.6,,item_103,,38.6,21.6,21.6,-59.00307080516668,102.20307080516667
9.7,13.6,13.6,,item_104,,9.7,13.6,13.6,-67.00307080516669,94.20307080516667
4.6,1.1,1.1,,item_105,,4.6,1.1,1.1,-79.50307080516669,81.70307080516667
169.3,162.7,162.7,,item_106,,169.3,162.7,162.7,82.09692919483331,243.30307080516667
10.2,8.1,8.1,,item_107,,10.2,8.1,8.1,-72.50307080516669,88.70307080516667
2.7,1.1,1.1,,item_108,,2.7,1.1,1.1,-79.50307080516669,81.70307080516667
4.6,10.7,10.7,,item_109,,4.6,10.7,10.7,-69.90307080516668,91.30307080516668
26.0,15.6,15.6,,item_110,,26.0,15.6,15.6,-65.00307080516669,96.20307080516667
14.7,6.1,6.1,,item_111,,14.7,6.1,6.1,-74.50307080516669,86.70307080516667
22.6,16.5,16.5,,item_112,,22.6,16.5,16.5,-64.10307080516668,97.10307080516668
11.4,8.7,8.7,,item_113,,11.4,8.7,8.7,-71.90307080516668,89.30307080516668
46.3,44.9,44.9,,item_114,,46.3,44.9,44.9,-35.70307080516668,125.50307080516669
26.3,49.4,49.4,,item_115,,26.3,49.4,49.4,-31.203070805166682,130.0030708051667
47.9,6.4,6.4,,item_116,,47.9,6.4,6.4,-74.20307080516667,87.00307080516669
0.9,1.1,1.1,,item_117,,0.9,1.1,1.1,-79.50307080516669,81.70307080516667
12.3,7.5,7.5,,item_118,,12.3,7.5,7.5,-73.10307080516668,88.10307080516668
15.4,17.6,17.6,,item_119,,15.4,17.6,17.6,-63.00307080516668,98.20307080516667
8.2,1.9,1.9,,item_120,,8.2,1.9,1.9,-78.70307080516667,82.50307080516669
2.1,1.2,1.2,,item_121,,2.1,1.2,1.2,-79.40307080516668,81.80307080516668
67.8,38.5,38.5,,item_122,,67.8,38.5,38.5,-42.10307080516668,119.10307080516668
7.5,0.9,0.9,,item_123,,7.5,0.9,0.9,-79.70307080516667,81.50307080516669
150.4,233.2,233.2,,item_124,,150.4,233.2,233.2,152.5969291948333,313.80307080516667
2.0,0.4,0.4,,item_125,,2.0,0.4,0.4,-80.20307080516667,81.00307080516669
37.3,16.2,16.2,,item_126,,37.3,16.2,16.2,-64.40307080516668,96.80307080516668
17.6,19.3,19.3,,item_127,,17.6,19.3,19.3,-61.30307080516668,99.90307080516668
45.0,28.5,28.5,,item_128,,45.0,28.5,28.5,-52.10307080516668,109.10307080516668
2.0,0.4,0.4,,item_129,,2.0,0.4,0.4,-80.20307080516667,81.00307080516669
44.3,37.2,37.2,,item_130,,44.3,37.2,37.2,-43.40307080516668,117.80307080516668
16.0,13.7,13.7,,item_131,,16.0,13.7,13.7,-66.90307080516668,94.30307080516668
23.9,10.7,10.7,,item_132,,23.9,10.7,10.7,-69.90307080516668,91.30307080516668
57.6,34.2,34.2,,item_133,,57.6,34.2,34.2,-46.40307080516668,114.80307080516668
345.0,15.9,15.9,,item_134,,345.0,15.9,15.9,-64.70307080516667,96.50307080516669
40.0,23.2,23.2,,item_135,,40.0,23.2,23.2,-57.40307080516668,103.80307080516668
2.0,1.1,1.1,,item_136,,2.0,1.1,1.1,-79.50307080516669,81.70307080516667
38.8,0.2,0.2,,item_137,,38.8,0.2,0.2,-80.40307080516668,80.80307080516668
43.6,41.3,41.3,,item_138,,43.6,41.3,41.3,-39.30307080516668,121.90307080516668
280.1,8.2,8.2,,item_139,,280.1,8.2,8.2,-72.40307080516668,88.80307080516668
0.1,0.7,0.7,,item_140,,0.1,0.7,0.7,-79.90307080516668,81.30307080516668
52.1,46.8,46.8,,item_141,,52.1,46.8,46.8,-33.80307080516668,127.40307080516668
26.5,32.1,32.1,,item_142,,26.5,32.1,32.1,-48.50307080516668,112.70307080516667
17.0,9.1,9.1,,item_143,,17.0,9.1,9.1,-71.50307080516669,89.70307080516667
0.9,0.0,0.0,,item_144,,0.9,0.0,0.0,-80.60307080516668,80.60307080516668
1.4,1.0,1.0,,item_145,,1.4,1.0,1.0,-79.60307080516668,81.60307080516668
13.7,6.0,6.0,,item_146,,13.7,6.0,6.0,-74.60307080516668,86.60307080516668
16.3,13.4,13.4,,item_147,,16.3,13.4,13.4,-67.20307080516667,94.00307080516669
12.0,1.9,1.9,,item_148,,12.0,1.9,1.9,-78.70307080516667,82.50307080516669
21.7,11.6,11.6,,item_149,,21.7,11.6,11.6,-69.00307080516669,92.20307080516667
0.0,0.0,0.0,,item_150,,0.0,0.0,0.0,-80.60307080516668,80.60307080516668
19.5,13.7,13.7,,item_151,,19.5,13.7,13.7,-66.90307080516668,94.30307080516668
12.8,6.3,6.3,,item_152,,12.8,6.3,6.3,-74.30307080516668,86.90307080516668
11.8,1.8,1.8,,item_153,,11.8,1.8,1.8,-78.80307080516668,82.40307080516668
252.5,136.8,136.8,,item_154,,252.5,136.8,136.8,56.19692919483333,217.4030708051667
0.7,0.2,0.2,,item_155,,0.7,0.2,0.2,-80.40307080516668,80.80307080516668
2.5,0.1,0.1,,item_156,,2.5,0.1,0.1,-80.50307080516669,80.70307080516667
0.0,0.0,0.0,,item_157,,0.0,0.0,0.0,-80.60307080516668,80.60307080516668
27.0,3.3,3.3,,item_158,,27.0,3.3,3.3,-77.30307080516668,83.90307080516668
119.1,119.5,119.5,,item_159,,119.1,119.5,119.5,38.89692919483332,200.10307080516668
0.0,0.0,0.0,,item_160,,0.0,0.0,0.0,-80.60307080516668,80.60307080516668
14.7,19.1,19.1,,item_161,,14.7,19.1,19.1,-61.50307080516668,99.70307080516667
113.7,109.7,109.7,,item_162,,113.7,109.7,109.7,29.096929194833322,190.30307080516667
10.9,3.0,3.0,,item_163,,10.9,3.0,3.0,-77.60307080516668,83.60307080516668
0.9,0.3,0.3,,item_164,,0.9,0.3,0.3,-80.30307080516668,80.90307080516668
78.6,104.0,104.0,,item_165,,78.6,104.0,104.0,23.39692919483332,184.60307080516668
66.8,107.7,107.7,,item_166,,66.8,107.7,107.7,27.096929194833322,188.30307080516667
85.7,111.8,111.8,,item_167,,85.7,111.8,111.8,31.196929194833317,192.4030708051667
16.4,27.2,27.2,,item_168,,16.4,27.2,27.2,-53.40307080516668,107.80307080516668
8.8,4.2,4.2,,item_169,,8.8,4.2,4.2,-76.40307080516668,84.80307080516668
55.3,44.0,44.0,,item_170,,55.3,44.0,44.0,-36.60307080516668,124.60307080516668
343.1,112.0,112.0,,item_171,,343.1,112.0,112.0,31.39692919483332,192.60307080516668
22.8,27.2,27.2,,item_172,,22.8,27.2,27.2,-53.40307080516668,107.80307080516668
40.3,13.4,13.4,,item_173,,40.3,13.4,13.4,-67.20307080516667,94.00307080516669
5.2,1.9,1.9,,item_174,,5.2,1.9,1.9,-78.70307080516667,82.50307080516669
3.1,13.7,13.7,,item_175,,3.1,13.7,13.7,-66.90307080516668,94.30307080516668
31.5,28.6,28.6,,item_176,,31.5,28.6,28.6,-52.00307080516668,109.20307080516667
8.1,0.6,0.6,,item_177,,8.1,0.6,0.6,-80.00307080516669,81.20307080516667
27.3,31.0,31.0,,item_178,,27.3,31.0,31.0,-49.60307080516668,111.60307080516668
43.4,38.7,38.7,,item_179,,43.4,38.7,38.7,-41.90307080516668,119.30307080516668
179.3,180.4,180.4,,item_180,,179.3,180.4,180.4,99.79692919483333,261.00307080516666
46.3,43.6,43.6,,item_181,,46.3,43.6,43.6,-37.00307080516668,124.20307080516667
37.4,18.3,18.3,,item_182,,37.4,18.3,18.3,-62.30307080516668,98.90307080516668
196.8,54.0,54.0,,item_183,,196.8,54.0,54.0,-26.60307080516668,134.60307080516668
2.5,4.8,4.8,,item_184,,2.5,4.8,4.8,-75.80307080516668,85.40307080516668
9.6,15.4,15.4,,item_185,,9.6,15.4,15.4,-65.20307080516667,96.00307080516669
37.0,106.4,106.4,,item_186,,37.0,106.4,106.4,25.796929194833325,187.0030708051667
159.5,103.7,103.7,,item_187,,159.5,103.7,103.7,23.096929194833322,184.30307080516667
3.9,12.2,12.2,,item_188,,3.9,12.2,12.2,-68.40307080516668,92.80307080516668
11.4,3.8,3.8,,item_189,,11.4,3.8,3.8,-76.80307080516668,84.40307080516668
25.4,31.7,31.7,,item_190,,25.4,31.7,31.7,-48.90307080516668,112.30307080516668
36.8,48.0,48.0,,item_191,,36.8,48.0,48.0,-32.60307080516668,128.60307080516668
2.8,0.9,0.9,,item_192,,2.8,0.9,0.9,-79.70307080516667,81.50307080516669
19.1,12.0,12.0,,item_193,,19.1,12.0,12.0,-68.60307080516668,92.60307080516668
10.3,4.6,4.6,,item_194,,10.3,4.6,4.6,-76.00307080516669,85.20307080516667
23.1,25.6,25.6,,item_195,,23.1,25.6,25.6,-55.00307080516668,106.20307080516667
462.3,875.5,875.5,,item_196,,462.3,875.5,875.5,794.8969291948333,956.1030708051667
15.7,10.1,10.1,,item_197,,15.7,10.1,10.1,-70.50307080516669,90.70307080516667
41.7,43.9,43.9,,item_198,,41.7,43.9,43.9,-36.70307080516668,124.50307080516669
10.9,7.8,7.8,,item_199,,10.9,7.8,7.8,-72.80307080516668,88.40307080516668
11.0,16.7,16.7,,item_200,,11.0,16.7,16.7,-63.90307080516668,97.30307080516668
89.4,47.8,47.8,,item_201,,89.4,47.8,47.8,-32.80307080516668,128.4030708051667
0.3,0.1,0.1,,item_202,,0.3,0.1,0.1,-80.50307080516669,80.70307080516667
19.6,8.9,8.9,,item_203,,19.6,8.9,8.9,-71.70307080516667,89.50307080516669
22.0,20.0,20.0,,item_204,,22.0,20.0,20.0,-60.60307080516668,100.60307080516668
36.9,40.5,40.5,,item_205,,36.9,40.5,40.5,-40.10307080516668,121.10307080516668
2.3,0.5,0.5,,item_206,,2.3,0.5,0.5,-80.10307080516668,81.10307080516668
86.8,179.0,179.0,,item_207,,86.8,179.0,179.0,98.39692919483332,259.6030708051667
8.6,19.9,19.9,,item_208,,8.6,19.9,19.9,-60.70307080516668,100.50307080516669
40.1,37.4,37.4,,item_209,,40.1,37.4,37.4,-43.20307080516668,118.00307080516669
19.4,17.8,17.8,,item_210,,19.4,17.8,17.8,-62.80307080516668,98.40307080516668
58.1,103.0,103.0,,item_211,,58.1,103.0,103.0,22.39692919483332,183.60307080516668
0.3,0.0,0.0,,item_212,,0.3,0.0,0.0,-80.60307080516668,80.60307080516668
95.3,78.9,78.9,,item_213,,95.3,78.9,78.9,-1.703070805166675,159.5030708051667
180.0,41.9,41.9,,item_214,,180.0,41.9,41.9,-38.70307080516668,122.50307080516669
26.9,19.2,19.2,,item_215,,26.9,19.2,19.2,-61.40307080516668,99.80307080516668
2.2,0.7,0.7,,item_216,,2.2,0.7,0.7,-79.90307080516668,81.30307080516668
20.4,8.6,8.6,,item_217,,20.4,8.6,8.6,-72.00307080516669,89.20307080516667
3.1,0.2,0.2,,item_218,,3.1,0.2,0.2,-80.40307080516668,80.80307080516668
0.9,1.9,1.9,,item_219,,0.9,1.9,1.9,-78.70307080516667,82.50307080516669
12.2,6.1,6.1,,item_220,,12.2,6.1,6.1,-74.50307080516669,86.70307080516667
11.0,3.7,3.7,,item_221,,11.0,3.7,3.7,-76.90307080516668,84.30307080516668
30.1,43.2,43.2,,item_222,,30.1,43.2,43.2,-37.40307080516668,123.80307080516668
44.1,39.6,39.6,,item_223,,44.1,39.6,39.6,-41.00307080516668,120.20307080516667
31.2,17.0,17.0,,item_224,,31.2,17.0,17.0,-63.60307080516668,97.60307080516668
17.4,5.1,5.1,,item_225,,17.4,5.1,5.1,-75.50307080516669,85.70307080516667
65.8,55.9,55.9,,item_226,,65.8,55.9,55.9,-24.703070805166682,136.5030708051667
5.8,1.8,1.8,,item_227,,5.8,1.8,1.8,-78.80307080516668,82.40307080516668
49.0,31.4,31.4,,item_228,,49.0,31.4,31.4,-49.20307080516668,112.00307080516669
6.9,5.6,5.6,,item_229,,6.9,5.6,5.6,-75.00307080516669,86.20307080516667
9.2,4.8,4.8,,item_230,,9.2,4.8,4.8,-75.80307080516668,85.40307080516668
23.8,23.6,23.6,,item_231,,23.8,23.6,23.6,-57.00307080516668,104.20307080516667
6.0,8.7,8.7,,item_232,,6.0,8.7,8.7,-71.90307080516668,89.30307080516668
0.0,0.0,0.0,,item_233,,0.0,0.0,0.0,-80.60307080516668,80.60307080516668
10.0,5.8,5.8,,item_234,,10.0,5.8,5.8,-74.80307080516668,86.40307080516668
35.8,2.1,2.1,,item_235,,35.8,2.1,2.1,-78.50307080516669,82.70307080516667
2.8,0.7,0.7,,item_236,,2.8,0.7,0.7,-79.90307080516668,81.30307080516668
27.1,36.1,36.1,,item_237,,27.1,36.1,36.1,-44.50307080516668,116.70307080516667
6.4,3.2,3.2,,item_238,,6.4,3.2,3.2,-77.40307080516668,83.80307080516668
221.4,554.7,554.7,,item_239,,221.4,554.7,554.7,474.09692919483336,635.3030708051667
156.3,193.0,193.0,,item_240,,156.3,193.0,193.0,112.39692919483332,273.6030708051667
0.1,0.0,0.0,,item_241,,0.1,0.0,0.0,-80.60307080516668,80.60307080516668
0.0,0.0,0.0,,item_242,,0.0,0.0,0.0,-80.60307080516668,80.60307080516668
9.3,0.9,0.9,,item_243,,9.3,0.9,0.9,-79.70307080516667,81.50307080516669
11.6,12.0,12.0,,item_244,,11.6,12.0,12.0,-68.60307080516668,92.60307080516668
0.0,0.1,0.1,,item_245,,0.0,0.1,0.1,-80.50307080516669,80.70307080516667
0.0,2.6,2.6,,item_246,,0.0,2.6,2.6,-78.00307080516669,83.20307080516667
26.0,14.4,14.4,,item_247,,26.0,14.4,14.4,-66.20307080516667,95.00307080516669
41.7,40.1,40.1,,item_248,,41.7,40.1,40.1,-40.50307080516668,120.70307080516667
1.4,0.2,0.2,,item_249,,1.4,0.2,0.2,-80.40307080516668,80.80307080516668
2.1,27.2,27.2,,item_250,,2.1,27.2,27.2,-53.40307080516668,107.80307080516668
41.3,40.8,40.8,,item_251,,41.3,40.8,40.8,-39.80307080516668,121.40307080516668
13.7,2.7,2.7,,item_252,,13.7,2.7,2.7,-77.90307080516668,83.30307080516668
11.6,13.0,13.0,,item_253,,11.6,13.0,13.0,-67.60307080516668,93.60307080516668
0.4,0.1,0.1,,item_254,,0.4,0.1,0.1,-80.50307080516669,80.70307080516667
68.4,65.0,65.0,,item_255,,68.4,65.0,65.0,-15.60307080516668,145.60307080516668
40.1,36.0,36.0,,item_256,,40.1,36.0,36.0,-44.60307080516668,116.60307080516668
1.5,0.4,0.4,,item_257,,1.5,0.4,0.4,-80.20307080516667,81.00307080516669
57.1,53.4,53.4,,item_258,,57.1,53.4,53.4,-27.203070805166682,134.0030708051667
69.1,60.8,60.8,,item_259,,69.1,60.8,60.8,-19.803070805166683,141.4030708051667
4.2,0.9,0.9,,item_260,,4.2,0.9,0.9,-79.70307080516667,81.50307080516669
31.7,19.7,19.7,,item_261,,31.7,19.7,19.7,-60.90307080516668,100.30307080516668
1.6,0.0,0.0,,item_262,,1.6,0.0,0.0,-80.60307080516668,80.60307080516668
60.7,51.1,51.1,,item_263,,60.7,51.1,51.1,-29.50307080516668,131.70307080516667
25.6,5.9,5.9,,item_264,,25.6,5.9,5.9,-74.70307080516667,86.50307080516669
20.1,13.2,13.2,,item_265,,20.1,13.2,13.2,-67.40307080516668,93.80307080516668
22.2,16.6,16.6,,item_266,,22.2,16.6,16.6,-64.00307080516669,97.20307080516667
12.3,7.3,7.3,,item_267,,12.3,7.3,7.3,-73.30307080516668,87.90307080516668
7.1,5.1,5.1,,item_268,,7.1,5.1,5.1,-75.50307080516669,85.70307080516667
0.6,0.2,0.2,,item_269,,0.6,0.2,0.2,-80.40307080516668,80.80307080516668
41.6,10.7,10.7,,item_270,,41.6,10.7,10.7,-69.90307080516668,91.30307080516668
138.1,65.3,65.3,,item_271,,138.1,65.3,65.3,-15.303070805166683,145.9030708051667
66.1,36.9,36.9,,item_272,,66.1,36.9,36.9,-43.70307080516668,117.50307080516669
8.5,6.7,6.7,,item_273,,8.5,6.7,6.7,-73.90307080516668,87.30307080516668
8.7,17.0,17.0,,item_274,,8.7,17.0,17.0,-63.60307080516668,97.60307080516668
12.9,2.9,2.9,,item_275,,12.9,2.9,2.9,-77.70307080516667,83.50307080516669
153.2,130.5,130.5,,item_276,,153.2,130.5,130.5,49.89692919483332,211.10307080516668
0.1,0.0,0.0,,item_277,,0.1,0.0,0.0,-80.60307080516668,80.60307080516668
42.7,7.3,7.3,,item_278,,42.7,7.3,7.3,-73.30307080516668,87.90307080516668
131.3,138.2,138.2,,item_279,,131.3,138.2,138.2,57.59692919483331,218.80307080516667
92.0,83.2,83.2,,item_280,,92.0,83.2,83.2,2.596929194833322,163.80307080516667
7.0,2.1,2.1,,item_281,,7.0,2.1,2.1,-78.50307080516669,82.70307080516667
2.6,0.4,0.4,,item_282,,2.6,0.4,0.4,-80.20307080516667,81.00307080516669
26.5,23.4,23.4,,item_283,,26.5,23.4,23.4,-57.20307080516668,104.00307080516669
62.1,101.8,101.8,,item_284,,62.1,101.8,101.8,21.196929194833317,182.4030708051667
17.6,17.2,17.2,,item_285,,17.6,17.2,17.2,-63.40307080516668,97.80307080516668
3.6,3.7,3.7,,item_286,,3.6,3.7,3.7,-76.90307080516668,84.30307080516668
13.3,16.1,16.1,,item_287,,13.3,16.1,16.1,-64.50307080516669,96.70307080516667
25.8,55.4,55.4,,item_288,,25.8,55.4,55.4,-25.203070805166682,136.0030708051667
21.1,12.9,12.9,,item_289,,21.1,12.9,12.9,-67.70307080516667,93.50307080516669
41.9,34.8,34.8,,item_290,,41.9,34.8,34.8,-45.80307080516668,115.40307080516668
12.6,18.7,18.7,,item_291,,12.6,18.7,18.7,-61.90307080516668,99.30307080516668
0.0,0.0,0.0,,item_292,,0.0,0.0,0.0,-80.60307080516668,80.60307080516668
3.2,0.0,0.0,,item_293,,3.2,0.0,0.0,-80.60307080516668,80.60307080516668
74.2,55.6,55.6,,item_294,,74.2,55.6,55.6,-25.00307080516668,136.20307080516667
0.2,0.1,0.1,,item_295,,0.2,0.1,0.1,-80.50307080516669,80.70307080516667
12.2,7.8,7.8,,item_296,,12.2,7.8,7.8,-72.80307080516668,88.40307080516668
21.7,14.0,14.0,,item_297,,21.7,14.0,14.0,-66.60307080516668,94.60307080516668
81.7,127.6,127.6,,item_298,,81.7,127.6,127.6,46.996929194833314,208.20307080516667
50.7,45.3,45.3,,item_299,,50.7,45.3,45.3,-35.30307080516668,125.90307080516668
127.9,182.9,182.9,,item_300,,127.9,182.9,182.9,102.29692919483333,263.50307080516666
30.2,192.9,192.9,,item_301,,30.2,192.9,192.9,112.29692919483333,273.50307080516666
19.7,31.7,31.7,,item_302,,19.7,31.7,31.7,-48.90307080516668,112.30307080516668
14.6,11.3,11.3,,item_303,,14.6,11.3,11.3,-69.30307080516668,91.90307080516668
5.9,5.3,5.3,,item_304,,5.9,5.3,5.3,-75.30307080516668,85.90307080516668
3.4,0.9,0.9,,item_305,,3.4,0.9,0.9,-79.70307080516667,81.50307080516669
32.2,19.0,19.0,,item_306,,32.2,19.0,19.0,-61.60307080516668,99.60307080516668
0.0,0.0,0.0,,item_307,,0.0,0.0,0.0,-80.60307080516668,80.60307080516668
0.2,0.0,0.0,,item_308,,0.2,0.0,0.0,-80.60307080516668,80.60307080516668
55.2,1.0,1.0,,item_309,,55.2,1.0,1.0,-79.60307080516668,81.60307080516668
22.5,15.2,15.2,,item_310,,22.5,15.2,15.2,-65.40307080516668,95.80307080516668
4.3,2.2,2.2,,item_311,,4.3,2.2,2.2,-78.40307080516668,82.80307080516668
21.2,8.0,8.0,,item_312,,21.2,8.0,8.0,-72.60307080516668,88.60307080516668
150.4,117.3,117.3,,item_313,,150.4,117.3,117.3,36.69692919483332,197.9030708051667
34.4,8.0,8.0,,item_314,,34.4,8.0,8.0,-72.60307080516668,88.60307080516668
116.4,63.4,63.4,,item_315,,116.4,63.4,63.4,-17.203070805166682,144.0030708051667
9.6,6.2,6.2,,item_316,,9.6,6.2,6.2,-74.40307080516668,86.80307080516668
32.7,19.4,19.4,,item_317,,32.7,19.4,19.4,-61.20307080516668,100.00307080516669
42.3,37.6,37.6,,item_318,,42.3,37.6,37.6,-43.00307080516668,118.20307080516667
30.3,22.7,22.7,,item_319,,30.3,22.7,22.7,-57.90307080516668,103.30307080516668
51.7,68.2,68.2,,item_320,,51.7,68.2,68.2,-12.403070805166678,148.80307080516667
34.1,16.8,16.8,,item_321,,34.1,16.8,16.8,-63.80307080516668,97.40307080516668
0.4,0.0,0.0,,item_322,,0.4,0.0,0.0,-80.60307080516668,80.60307080516668
0.3,0.0,0.0,,item_323,,0.3,0.0,0.0,-80.60307080516668,80.60307080516668
35.6,16.5,16.5,,item_324,,35.6,16.5,16.5,-64.10307080516668,97.10307080516668
4.1,7.7,7.7,,item_325,,4.1,7.7,7.7,-72.90307080516668,88.30307080516668
0.0,0.0,0.0,,item_326,,0.0,0.0,0.0,-80.60307080516668,80.60307080516668
63.9,49.9,49.9,,item_327,,63.9,49.9,49.9,-30.703070805166682,130.5030708051667
311.0,252.8,252.8,,item_328,,311.0,252.8,252.8,172.19692919483333,333.4030708051667
15.9,18.9,18.9,,item_329,,15.9,18.9,18.9,-61.70307080516668,99.50307080516669
6.3,0.1,0.1,,item_330,,6.3,0.1,0.1,-80.50307080516669,80.70307080516667
0.2,0.1,0.1,,item_331,,0.2,0.1,0.1,-80.50307080516669,80.70307080516667
22.4,26.3,26.3,,item_332,,22.4,26.3,26.3,-54.30307080516668,106.90307080516668
21.1,14.2,14.2,,item_333,,21.1,14.2,14.2,-66.40307080516668,94.80307080516668
14.9,26.9,26.9,,item_334,,14.9,26.9,26.9,-53.70307080516668,107.50307080516669
32.3,26.4,26.4,,item_335,,32.3,26.4,26.4,-54.20307080516668,107.00307080516669
162.1,190.8,190.8,,item_336,,162.1,190.8,190.8,110.19692919483333,271.4030708051667
29.4,34.5,34.5,,item_337,,29.4,34.5,34.5,-46.10307080516668,115.10307080516668
4.8,4.0,4.0,,item_338,,4.8,4.0,4.0,-76.60307080516668,84.60307080516668
19.5,13.6,13.6,,item_339,,19.5,13.6,13.6,-67.00307080516669,94.20307080516667
15.9,15.7,15.7,,item_340,,15.9,15.7,15.7,-64.90307080516668,96.30307080516668
17.9,16.6,16.6,,item_341,,17.9,16.6,16.6,-64.00307080516669,97.20307080516667
10.2,13.2,13.2,,item_342,,10.2,13.2,13.2,-67.40307080516668,93.80307080516668
17.0,0.2,0.2,,item_343,,17.0,0.2,0.2,-80.40307080516668,80.80307080516668
12.2,7.4,7.4,,item_344,,12.2,7.4,7.4,-73.20307080516667,88.00307080516669
56.7,139.8,139.8,,item_345,,56.7,139.8,139.8,59.19692919483333,220.4030708051667
21.3,49.0,49.0,,item_346,,21.3,49.0,49.0,-31.60307080516668,129.60307080516668
0.8,0.3,0.3,,item_347,,0.8,0.3,0.3,-80.30307080516668,80.90307080516668
245.2,187.4,187.4,,item_348,,245.2,187.4,187.4,106.79692919483333,268.00307080516666
23.4,31.2,31.2,,item_349,,23.4,31.2,31.2,-49.40307080516668,111.80307080516668
70.9,107.4,107.4,,item_350,,70.9,107.4,107.4,26.796929194833325,188.0030708051667
6.2,6.6,6.6,,item_351,,6.2,6.6,6.6,-74.00307080516669,87.20307080516667
122.3,103.3,103.3,,item_352,,122.3,103.3,103.3,22.696929194833317,183.9030708051667
14.2,16.5,16.5,,item_353,,14.2,16.5,16.5,-64.10307080516668,97.10307080516668
13.7,15.9,15.9,,item_354,,13.7,15.9,15.9,-64.70307080516667,96.50307080516669
1177.5,1129.3,1129.3,,item_355,,1177.5,1129.3,1129.3,1048.6969291948333,1209.9030708051666
9.2,4.7,4.7,,item_356,,9.2,4.7,4.7,-75.90307080516668,85.30307080516668
54.7,74.9,74.9,,item_357,,54.7,74.9,74.9,-5.703070805166675,155.5030708051667
0.6,1.2,1.2,,item_358,,0.6,1.2,1.2,-79.40307080516668,81.80307080516668
21.2,12.6,12.6,,item_359,,21.2,12.6,12.6,-68.00307080516669,93.20307080516667
28.7,23.1,23.1,,item_360,,28.7,23.1,23.1,-57.50307080516668,103.70307080516667
71.2,22.6,22.6,,item_361,,71.2,22.6,22.6,-58.00307080516668,103.20307080516667
4.8,4.2,4.2,,item_362,,4.8,4.2,4.2,-76.40307080516668,84.80307080516668
0.1,0.0,0.0,,item_363,,0.1,0.0,0.0,-80.60307080516668,80.60307080516668
99.2,50.9,50.9,,item_364,,99.2,50.9,50.9,-29.703070805166682,131.5030708051667
1.4,2.2,2.2,,item_365,,1.4,2.2,2.2,-78.40307080516668,82.80307080516668
55.0,60.8,60.8,,item_366,,55.0,60.8,60.8,-19.803070805166683,141.4030708051667
37.2,59.8,59.8,,item_367,,37.2,59.8,59.8,-20.803070805166683,140.4030708051667
39.4,26.4,26.4,,item_368,,39.4,26.4,26.4,-54.20307080516668,107.00307080516669
393.0,123.8,123.8,,item_369,,393.0,123.8,123.8,43.19692919483332,204.4030708051667
6.2,12.1,12.1,,item_370,,6.2,12.1,12.1,-68.50307080516669,92.70307080516667
9.2,0.6,0.6,,item_371,,9.2,0.6,0.6,-80.00307080516669,81.20307080516667
14.8,1.6,1.6,,item_372,,14.8,1.6,1.6,-79.00307080516669,82.20307080516667
82.1,25.5,25.5,,item_373,,82.1,25.5,25.5,-55.10307080516668,106.10307080516668
39.3,27.0,27.0,,item_374,,39.3,27.0,27.0,-53.60307080516668,107.60307080516668
49.0,33.9,33.9,,item_375,,49.0,33.9,33.9,-46.70307080516668,114.50307080516669
14.7,8.6,8.6,,item_376,,14.7,8.6,8.6,-72.00307080516669,89.20307080516667
56.7,54.9,54.9,,item_377,,56.7,54.9,54.9,-25.703070805166682,135.5030708051667
7.0,2.1,2.1,,item_378,,7.0,2.1,2.1,-78.50307080516669,82.70307080516667
39.6,29.6,29.6,,item_379,,39.6,29.6,29.6,-51.00307080516668,110.20307080516667
22.3,21.1,21.1,,item_380,,22.3,21.1,21.1,-59.50307080516668,101.70307080516667
63.3,85.6,85.6,,item_381,,63.3,85.6,85.6,4.996929194833314,166.20307080516667
60.4,80.1,80.1,,item_382,,60.4,80.1,80.1,-0.5030708051666863,160.70307080516667
29.7,17.2,17.2,,item_383,,29.7,17.2,17.2,-63.40307080516668,97.80307080516668
0.4,0.1,0.1,,item_384,,0.4,0.1,0.1,-80.50307080516669,80.70307080516667
184.3,320.0,320.0,,item_385,,184.3,320.0,320.0,239.39692919483332,400.6030708051667
167.5,177.4,177.4,,item_386,,167.5,177.4,177.4,96.79692919483333,258.00307080516666
19.2,15.3,15.3,,item_387,,19.2,15.3,15.3,-65.30307080516668,95.90307080516668
32.4,32.0,32.0,,item_388,,32.4,32.0,32.0,-48.60307080516668,112.60307080516668
30.4,15.2,15.2,,item_389,,30.4,15.2,15.2,-65.40307080516668,95.80307080516668
21.9,3.4,3.4,,item_390,,21.9,3.4,3.4,-77.20307080516667,84.00307080516669
138.7,113.2,113.2,,item_391,,138.7,113.2,113.2,32.59692919483332,193.80307080516667
14.2,10.3,10.3,,item_392,,14.2,10.3,10.3,-70.30307080516668,90.90307080516668
10.1,8.9,8.9,,item_393,,10.1,8.9,8.9,-71.70307080516667,89.50307080516669
114.0,163.7,163.7,,item_394,,114.0,163.7,163.7,83.09692919483331,244.30307080516667
38.5,35.9,35.9,,item_395,,38.5,35.9,35.9,-44.70307080516668,116.50307080516669
62.3,24.1,24.1,,item_396,,62.3,24.1,24.1,-56.50307080516668,104.70307080516667
5.1,0.7,0.7,,item_397,,5.1,0.7,0.7,-79.90307080516668,81.30307080516668
11.8,0.0,0.0,,item_398,,11.8,0.0,0.0,-80.60307080516668,80.60307080516668
78.2,58.9,58.9,,item_399,,78.2,58.9,58.9,-21.703070805166682,139.5030708051667
45.3,18.8,18.8,,item_400,,45.3,18.8,18.8,-61.80307080516668,99.40307080516668
29.4,19.7,19.7,,item_401,,29.4,19.7,19.7,-60.90307080516668,100.30307080516668
19.4,419.3,419.3,,item_402,,19.4,419.3,419.3,338.69692919483333,499.9030708051667
124.0,133.7,133.7,,item_403,,124.0,133.7,133.7,53.09692919483331,214.30307080516667
0.5,0.1,0.1,,item_404,,0.5,0.1,0.1,-80.50307080516669,80.70307080516667
3.2,2.9,2.9,,item_405,,3.2,2.9,2.9,-77.70307080516667,83.50307080516669
14.2,5.9,5.9,,item_406,,14.2,5.9,5.9,-74.70307080516667,86.50307080516669
4.2,0.4,0.4,,item_407,,4.2,0.4,0.4,-80.20307080516667,81.00307080516669
31.3,27.0,27.0,,item_408,,31.3,27.0,27.0,-53.60307080516668,107.60307080516668
11.7,5.9,5.9,,item_409,,11.7,5.9,5.9,-74.70307080516667,86.50307080516669
38.7,23.5,23.5,,item_410,,38.7,23.5,23.5,-57.10307080516668,104.10307080516668
3.7,2.4,2.4,,item_411,,3.7,2.4,2.4,-78.20307080516667,83.00307080516669
5.5,2.8,2.8,,item_412,,5.5,2.8,2.8,-77.80307080516668,83.40307080516668
79.7,79.2,79.2,,item_413,,79.7,79.2,79.2,-1.4030708051666778,159.80307080516667
55.5,58.2,58.2,,item_414,,55.5,58.2,58.2,-22.403070805166678,138.80307080516667
17.5,6.7,6.7,,item_415,,17.5,6.7,6.7,-73.90307080516668,87.30307080516668
4.6,7.0,7.0,,item_416,,4.6,7.0,7.0,-73.60307080516668,87.60307080516668
11.0,4.8,4.8,,item_417,,11.0,4.8,4.8,-75.80307080516668,85.40307080516668
527.7,244.6,244.6,,item_418,,527.7,244.6,244.6,163.9969291948333,325.2030708051667
6.3,7.1,7.1,,item_419,,6.3,7.1,7.1,-73.50307080516669,87.70307080516667
4.2,0.5,0.5,,item_420,,4.2,0.5,0.5,-80.10307080516668,81.10307080516668
634.1,688.5,688.5,,item_421,,634.1,688.5,688.5,607.8969291948333,769.1030708051667
14.1,8.6,8.6,,item_422,,14.1,8.6,8.6,-72.00307080516669,89.20307080516667
0.0,0.0,0.0,,item_423,,0.0,0.0,0.0,-80.60307080516668,80.60307080516668
89.1,92.0,92.0,,item_424,,89.1,92.0,92.0,11.39692919483332,172.60307080516668
15.6,12.9,12.9,,item_425,,15.6,12.9,12.9,-67.70307080516667,93.50307080516669
21.3,10.6,10.6,,item_426,,21.3,10.6,10.6,-70.00307080516669,91.20307080516667
42.0,17.8,17.8,,item_427,,42.0,17.8,17.8,-62.80307080516668,98.40307080516668
23.7,26.5,26.5,,item_428,,23.7,26.5,26.5,-54.10307080516668,107.10307080516668
54.6,38.9,38.9,,item_429,,54.6,38.9,38.9,-41.70307080516668,119.50307080516669
25.6,18.5,18.5,,item_430,,25.6,18.5,18.5,-62.10307080516668,99.10307080516668
60.9,92.9,92.9,,item_431,,60.9,92.9,92.9,12.296929194833325,173.5030708051667
0.0,0.0,0.0,,item_432,,0.0,0.0,0.0,-80.60307080516668,80.60307080516668
21.2,8.3,8.3,,item_433,,21.2,8.3,8.3,-72.30307080516668,88.90307080516668
5.5,1.9,1.9,,item_434,,5.5,1.9,1.9,-78.70307080516667,82.50307080516669
26.6,33.9,33.9,,item_435,,26.6,33.9,33.9,-46.70307080516668,114.50307080516669
127.3,93.2,93.2,,item_436,,127.3,93.2,93.2,12.596929194833322,173.80307080516667
24.0,66.1,66.1,,item_437,,24.0,66.1,66.1,-14.503070805166686,146.70307080516667
1.9,0.6,0.6,,item_438,,1.9,0.6,0.6,-80.00307080516669,81.20307080516667
0.0,0.0,0.0,,item_439,,0.0,0.0,0.0,-80.60307080516668,80.60307080516668
84.5,55.8,55.8,,item_440,,84.5,55.8,55.8,-24.803070805166683,136.4030708051667
0.0,0.0,0.0,,item_441,,0.0,0.0,0.0,-80.60307080516668,80.60307080516668
4.5,4.0,4.0,,item_442,,4.5,4.0,4.0,-76.60307080516668,84.60307080516668
67.3,31.7,31.7,,item_443,,67.3,31.7,31.7,-48.90307080516668,112.30307080516668
12.1,0.5,0.5,,item_444,,12.1,0.5,0.5,-80.10307080516668,81.10307080516668
3.9,42.7,42.7,,item_445,,3.9,42.7,42.7,-37.90307080516668,123.30307080516668
11.0,2.2,2.2,,item_446,,11.0,2.2,2.2,-78.40307080516668,82.80307080516668
12.7,5.5,5.5,,item_447,,12.7,5.5,5.5,-75.10307080516668,86.10307080516668
45.5,29.6,29.6,,item_448,,45.5,29.6,29.6,-51.00307080516668,110.20307080516667
6.2,12.2,12.2,,item_449,,6.2,12.2,12.2,-68.40307080516668,92.80307080516668
54.6,55.2,55.2,,item_450,,54.6,55.2,55.2,-25.403070805166678,135.80307080516667
37.1,28.1,28.1,,item_451,,37.1,28.1,28.1,-52.50307080516668,108.70307080516667
19.5,8.7,8.7,,item_452,,19.5,8.7,8.7,-71.90307080516668,89.30307080516668
14.5,6.1,6.1,,item_453,,14.5,6.1,6.1,-74.50307080516669,86.70307080516667
5.4,1.2,1.2,,item_454,,5.4,1.2,1.2,-79.40307080516668,81.80307080516668
0.0,0.7,0.7,,item_455,,0.0,0.7,0.7,-79.90307080516668,81.30307080516668
19.2,20.8,20.8,,item_456,,19.2,20.8,20.8,-59.80307080516668,101.40307080516668
17.2,41.5,41.5,,item_457,,17.2,41.5,41.5,-39.10307080516668,122.10307080516668
19.6,8.4,8.4,,item_458,,19.6,8.4,8.4,-72.20307080516667,89.00307080516669
148.7,110.3,110.3,,item_459,,148.7,110.3,110.3,29.696929194833317,190.9030708051667
7.7,0.2,0.2,,item_460,,7.7,0.2,0.2,-80.40307080516668,80.80307080516668
70.5,106.6,106.6,,item_461,,70.5,106.6,106.6,25.996929194833314,187.20307080516667
74.8,25.0,25.0,,item_462,,74.8,25.0,25.0,-55.60307080516668,105.60307080516668
14.6,6.0,6.0,,item_463,,14.6,6.0,6.0,-74.60307080516668,86.60307080516668
2.3,35.1,35.1,,item_464,,2.3,35.1,35.1,-45.50307080516668,115.70307080516667
0.0,0.0,0.0,,item_465,,0.0,0.0,0.0,-80.60307080516668,80.60307080516668
5.6,4.3,4.3,,item_466,,5.6,4.3,4.3,-76.30307080516668,84.90307080516668
39.0,48.7,48.7,,item_467,,39.0,48.7,48.7,-31.903070805166678,129.30307080516667
12.5,7.5,7.5,,item_468,,12.5,7.5,7.5,-73.10307080516668,88.10307080516668
194.8,121.3,121.3,,item_469,,194.8,121.3,121.3,40.69692919483332,201.9030708051667
0.0,0.0,0.0,,item_470,,0.0,0.0,0.0,-80.60307080516668,80.60307080516668
0.1,0.1,0.1,,item_471,,0.1,0.1,0.1,-80.50307080516669,80.70307080516667
1.2,5.4,5.4,,item_472,,1.2,5.4,5.4,-75.20307080516667,86.00307080516669
121.4,105.2,105.2,,item_473,,121.4,105.2,105.2,24.596929194833322,185.80307080516667
22.0,16.7,16.7,,item_474,,22.0,16.7,16.7,-63.90307080516668,97.30307080516668
847.2,639.8,639.8,,item_475,,847.2,639.8,639.8,559.1969291948333,720.4030708051666
254.5,108.8,108.8,,item_476,,254.5,108.8,108.8,28.196929194833317,189.4030708051667
11.6,12.2,12.2,,item_477,,11.6,12.2,12.2,-68.40307080516668,92.80307080516668
14.9,3.6,3.6,,item_478,,14.9,3.6,3.6,-77.00307080516669,84.20307080516667
78.4,67.9,67.9,,item_479,,78.4,67.9,67.9,-12.703070805166675,148.5030708051667
91.6,52.9,52.9,,item_480,,91.6,52.9,52.9,-27.703070805166682,133.5030708051667
18.0,19.0,19.0,,item_481,,18.0,19.0,19.0,-61.60307080516668,99.60307080516668
178.8,168.6,168.6,,item_482,,178.8,168.6,168.6,87.99692919483331,249.20307080516667
86.5,83.5,83.5,,item_483,,86.5,83.5,83.5,2.8969291948333193,164.10307080516668
0.4,0.0,0.0,,item_484,,0.4,0.0,0.0,-80.60307080516668,80.60307080516668
48.9,48.9,48.9,,item_485,,48.9,48.9,48.9,-31.703070805166682,129.5030708051667
0.2,0.0,0.0,,item_486,,0.2,0.0,0.0,-80.60307080516668,80.60307080516668
32.5,40.0,40.0,,item_487,,32.5,40.0,40.0,-40.60307080516668,120.60307080516668
0.2,0.2,0.2,,item_488,,0.2,0.2,0.2,-80.40307080516668,80.80307080516668
120.1,43.9,43.9,,item_489,,120.1,43.9,43.9,-36.70307080516668,124.50307080516669
14.0,50.7,50.7,,item_490,,14.0,50.7,50.7,-29.903070805166678,131.30307080516667
61.3,92.1,92.1,,item_491,,61.3,92.1,92.1,11.496929194833314,172.70307080516667
10.9,2.9,2.9,,item_492,,10.9,2.9,2.9,-77.70307080516667,83.50307080516669
0.1,0.0,0.0,,item_493,,0.1,0.0,0.0,-80.60307080516668,80.60307080516668
3.5,0.6,0.6,,item_494,,3.5,0.6,0.6,-80.00307080516669,81.20307080516667
20.8,6.2,6.2,,item_495,,20.8,6.2,6.2,-74.40307080516668,86.80307080516668
47.3,20.9,20.9,,item_496,,47.3,20.9,20.9,-59.70307080516668,101.50307080516669
26.4,26.7,26.7,,item_497,,26.4,26.7,26.7,-53.90307080516668,107.30307080516668
306.8,335.7,335.7,,item_498,,306.8,335.7,335.7,255.0969291948333,416.30307080516667
19.5,10.2,10.2,,item_499,,19.5,10.2,10.2,-70.40307080516668,90.80307080516668
8.6,8.1,8.1,,item_500,,8.6,8.1,8.1,-72.50307080516669,88.70307080516667
4.9,1.3,1.3,,item_501,,4.9,1.3,1.3,-79.30307080516668,81.90307080516668
14.6,17.0,17.0,,item_502,,14.6,17.0,17.0,-63.60307080516668,97.60307080516668
5.7,4.2,4.2,,item_503,,5.7,4.2,4.2,-76.40307080516668,84.80307080516668
22.4,30.5,30.5,,item_504,,22.4,30.5,30.5,-50.10307080516668,111.10307080516668
2.9,12.4,12.4,,item_505,,2.9,12.4,12.4,-68.20307080516667,93.00307080516669
86.0,66.9,66.9,,item_506,,86.0,66.9,66.9,-13.703070805166675,147.5030708051667
48.8,31.1,31.1,,item_507,,48.8,31.1,31.1,-49.50307080516668,111.70307080516667
0.3,0.0,0.0,,item_508,,0.3,0.0,0.0,-80.60307080516668,80.60307080516668
26.6,16.6,16.6,,item_509,,26.6,16.6,16.6,-64.00307080516669,97.20307080516667
72.3,64.6,64.6,,item_510,,72.3,64.6,64.6,-16.003070805166686,145.20307080516667
28.2,20.9,20.9,,item_511,,28.2,20.9,20.9,-59.70307080516668,101.50307080516669
19.4,14.5,14.5,,item_512,,19.4,14.5,14.5,-66.10307080516668,95.10307080516668
10.6,1.6,1.6,,item_513,,10.6,1.6,1.6,-79.00307080516669,82.20307080516667
0.1,0.1,0.1,,item_514,,0.1,0.1,0.1,-80.50307080516669,80.70307080516667
10.2,16.1,16.1,,item_515,,10.2,16.1,16.1,-64.50307080516669,96.70307080516667
49.7,69.0,69.0,,item_516,,49.7,69.0,69.0,-11.60307080516668,149.60307080516668
2.0,1.0,1.0,,item_517,,2.0,1.0,1.0,-79.60307080516668,81.60307080516668
80.7,78.1,78.1,,item_518,,80.7,78.1,78.1,-2.5030708051666863,158.70307080516667
11.1,13.5,13.5,,item_519,,11.1,13.5,13.5,-67.10307080516668,94.10307080516668
59.8,33.8,33.8,,item_520,,59.8,33.8,33.8,-46.80307080516668,114.40307080516668
0.0,0.1,0.1,,item_521,,0.0,0.1,0.1,-80.50307080516669,80.70307080516667
65.3,96.1,96.1,,item_522,,65.3,96.1,96.1,15.496929194833314,176.70307080516667
101.4,38.5,38.5,,item_523,,101.4,38.5,38.5,-42.10307080516668,119.10307080516668
67.8,293.6,293.6,,item_524,,67.8,293.6,293.6,212.99692919483334,374.2030708051667
36.2,96.8,96.8,,item_525,,36.2,96.8,96.8,16.196929194833317,177.4030708051667
16.0,6.4,6.4,,item_526,,16.0,6.4,6.4,-74.20307080516667,87.00307080516669
9.7,1.4,1.4,,item_527,,9.7,1.4,1.4,-79.20307080516667,82.00307080516669
88.6,21.7,21.7,,item_528,,88.6,21.7,21.7,-58.90307080516668,102.30307080516668
1.4,0.8,0.8,,item_529,,1.4,0.8,0.8,-79.80307080516668,81.40307080516668
0.0,0.0,0.0,,item_530,,0.0,0.0,0.0,-80.60307080516668,80.60307080516668
195.1,265.3,265.3,,item_531,,195.1,265.3,265.3,184.69692919483333,345.9030708051667
9.8,4.8,4.8,,item_532,,9.8,4.8,4.8,-75.80307080516668,85.40307080516668
2.4,0.6,0.6,,item_533,,2.4,0.6,0.6,-80.00307080516669,81.20307080516667
0.0,0.0,0.0,,item_534,,0.0,0.0,0.0,-80.60307080516668,80.60307080516668
2.1,1.0,1.0,,item_535,,2.1,1.0,1.0,-79.60307080516668,81.60307080516668
18.4,16.2,16.2,,item_536,,18.4,16.2,16.2,-64.40307080516668,96.80307080516668
10.7,3.7,3.7,,item_537,,10.7,3.7,3.7,-76.90307080516668,84.30307080516668
47.7,23.8,23.8,,item_538,,47.7,23.8,23.8,-56.80307080516668,104.40307080516668
14.0,6.2,6.2,,item_539,,14.0,6.2,6.2,-74.40307080516668,86.80307080516668
0.1,0.3,0.3,,item_540,,0.1,0.3,0.3,-80.30307080516668,80.90307080516668
7.5,6.8,6.8,,item_541,,7.5,6.8,6.8,-73.80307080516668,87.40307080516668
29.2,16.8,16.8,,item_542,,29.2,16.8,16.8,-63.80307080516668,97.40307080516668
35.8,24.5,24.5,,item_543,,35.8,24.5,24.5,-56.10307080516668,105.10307080516668
0.0,0.0,0.0,,item_544,,0.0,0.0,0.0,-80.60307080516668,80.60307080516668
34.8,19.5,19.5,,item_545,,34.8,19.5,19.5,-61.10307080516668,100.10307080516668
40.4,32.5,32.5,,item_546,,40.4,32.5,32.5,-48.10307080516668,113.10307080516668
22.8,24.2,24.2,,item_547,,22.8,24.2,24.2,-56.40307080516668,104.80307080516668
5.8,18.2,18.2,,item_548,,5.8,18.2,18.2,-62.40307080516668,98.80307080516668
2.5,1.0,1.0,,item_549,,2.5,1.0,1.0,-79.60307080516668,81.60307080516668
35.2,46.4,46.4,,item_550,,35.2,46.4,46.4,-34.20307080516668,127.00307080516669
47.3,70.2,70.2,,item_551,,47.3,70.2,70.2,-10.403070805166678,150.80307080516667
23.7,27.3,27.3,,item_552,,23.7,27.3,27.3,-53.30307080516668,107.90307080516668
67.1,42.4,42.4,,item_553,,67.1,42.4,42.4,-38.20307080516668,123.00307080516669
32.5,25.8,25.8,,item_554,,32.5,25.8,25.8,-54.80307080516668,106.40307080516668
1.2,44.8,44.8,,item_555,,1.2,44.8,44.8,-35.80307080516668,125.40307080516668
19.9,35.2,35.2,,item_556,,19.9,35.2,35.2,-45.40307080516668,115.80307080516668
21.7,18.7,18.7,,item_557,,21.7,18.7,18.7,-61.90307080516668,99.30307080516668
24.8,25.0,25.0,,item_558,,24.8,25.0,25.0,-55.60307080516668,105.60307080516668
40.4,12.5,12.5,,item_559,,40.4,12.5,12.5,-68.10307080516668,93.10307080516668
134.1,62.2,62.2,,item_560,,134.1,62.2,62.2,-18.403070805166678,142.80307080516667
66.6,67.3,67.3,,item_561,,66.6,67.3,67.3,-13.303070805166683,147.9030708051667
33.6,4.4,4.4,,item_562,,33.6,4.4,4.4,-76.20307080516667,85.00307080516669
0.1,0.0,0.0,,item_563,,0.1,0.0,0.0,-80.60307080516668,80.60307080516668
10.8,10.9,10.9,,item_564,,10.8,10.9,10.9,-69.70307080516667,91.50307080516669
33.8,28.8,28.8,,item_565,,33.8,28.8,28.8,-51.80307080516668,109.40307080516668
52.7,69.8,69.8,,item_566,,52.7,69.8,69.8,-10.803070805166683,150.4030708051667
27.9,17.4,17.4,,item_567,,27.9,17.4,17.4,-63.20307080516668,98.00307080516669
0.3,0.1,0.1,,item_568,,0.3,0.1,0.1,-80.50307080516669,80.70307080516667
134.7,181.8,181.8,,item_569,,134.7,181.8,181.8,101.19692919483333,262.4030708051667
96.4,110.8,110.8,,item_570,,96.4,110.8,110.8,30.196929194833317,191.4030708051667
83.7,53.5,53.5,,item_571,,83.7,53.5,53.5,-27.10307080516668,134.10307080516668
11.7,10.8,10.8,,item_572,,11.7,10.8,10.8,-69.80307080516668,91.40307080516668
0.3,0.0,0.0,,item_573,,0.3,0.0,0.0,-80.60307080516668,80.60307080516668
230.2,159.8,159.8,,item_574,,230.2,159.8,159.8,79.19692919483333,240.4030708051667
21.2,20.3,20.3,,item_575,,21.2,20.3,20.3,-60.30307080516668,100.90307080516668
0.0,0.0,0.0,,item_576,,0.0,0.0,0.0,-80.60307080516668,80.60307080516668
0.2,0.1,0.1,,item_577,,0.2,0.1,0.1,-80.50307080516669,80.70307080516667
111.0,9.9,9.9,,item_578,,111.0,9.9,9.9,-70.70307080516667,90.50307080516669
0.7,0.1,0.1,,item_579,,0.7,0.1,0.1,-80.50307080516669,80.70307080516667
24.1,23.7,23.7,,item_580,,24.1,23.7,23.7,-56.90307080516668,104.30307080516668
40.4,25.0,25.0,,item_581,,40.4,25.0,25.0,-55.60307080516668,105.60307080516668
11.5,8.0,8.0,,item_582,,11.5,8.0,8.0,-72.60307080516668,88.60307080516668
28.1,27.4,27.4,,item_583,,28.1,27.4,27.4,-53.20307080516668,108.00307080516669
14.8,29.2,29.2,,item_584,,14.8,29.2,29.2,-51.40307080516668,109.80307080516668
0.0,0.2,0.2,,item_585,,0.0,0.2,0.2,-80.40307080516668,80.80307080516668
73.5,173.8,173.8,,item_586,,73.5,173.8,173.8,93.19692919483333,254.4030708051667
15.6,62.7,62.7,,item_587,,15.6,62.7,62.7,-17.903070805166678,143.30307080516667
8.8,5.1,5.1,,item_588,,8.8,5.1,5.1,-75.50307080516669,85.70307080516667
3.0,0.9,0.9,,item_589,,3.0,0.9,0.9,-79.70307080516667,81.50307080516669
13.8,5.5,5.5,,item_590,,13.8,5.5,5.5,-75.10307080516668,86.10307080516668
69.3,37.1,37.1,,item_591,,69.3,37.1,37.1,-43.50307080516668,117.70307080516667
39.9,28.6,28.6,,item_592,,39.9,28.6,28.6,-52.00307080516668,109.20307080516667
2.6,0.9,0.9,,item_593,,2.6,0.9,0.9,-79.70307080516667,81.50307080516669
45.7,35.5,35.5,,item_594,,45.7,35.5,35.5,-45.10307080516668,116.10307080516668
67.9,21.3,21.3,,item_595,,67.9,21.3,21.3,-59.30307080516668,101.90307080516668
50.9,4.2,4.2,,item_596,,50.9,4.2,4.2,-76.40307080516668,84.80307080516668
0.0,0.0,0.0,,item_597,,0.0,0.0,0.0,-80.60307080516668,80.60307080516668
1.4,1.6,1.6,,item_598,,1.4,1.6,1.6,-79.00307080516669,82.20307080516667
21.1,20.2,20.2,,item_599,,21.1,20.2,20.2,-60.40307080516668,100.80307080516668
815.7,1045.4,1045.4,,item_600,,815.7,1045.4,1045.4,964.7969291948334,1126.0030708051668
12.8,0.1,0.1,,item_601,,12.8,0.1,0.1,-80.50307080516669,80.70307080516667
23.4,28.6,28.6,,item_602,,23.4,28.6,28.6,-52.00307080516668,109.20307080516667
40.7,22.8,22.8,,item_603,,40.7,22.8,22.8,-57.80307080516668,103.40307080516668
45.5,61.8,61.8,,item_604,,45.5,61.8,61.8,-18.803070805166683,142.4030708051667
4.8,2.9,2.9,,item_605,,4.8,2.9,2.9,-77.70307080516667,83.50307080516669
4.4,8.8,8.8,,item_606,,4.4,8.8,8.8,-71.80307080516668,89.40307080516668
0.0,0.1,0.1,,item_607,,0.0,0.1,0.1,-80.50307080516669,80.70307080516667
34.1,28.0,28.0,,item_608,,34.1,28.0,28.0,-52.60307080516668,108.60307080516668
7.0,10.2,10.2,,item_609,,7.0,10.2,10.2,-70.40307080516668,90.80307080516668
0.1,0.0,0.0,,item_610,,0.1,0.0,0.0,-80.60307080516668,80.60307080516668
48.5,44.9,44.9,,item_611,,48.5,44.9,44.9,-35.70307080516668,125.50307080516669
147.9,111.6,111.6,,item_612,,147.9,111.6,111.6,30.996929194833314,192.20307080516667
46.5,48.1,48.1,,item_613,,46.5,48.1,48.1,-32.50307080516668,128.70307080516667
5.6,2.6,2.6,,item_614,,5.6,2.6,2.6,-78.00307080516669,83.20307080516667
15.1,15.1,15.1,,item_615,,15.1,15.1,15.1,-65.50307080516669,95.70307080516667
16.1,15.2,15.2,,item_616,,16.1,15.2,15.2,-65.40307080516668,95.80307080516668
136.8,14.5,14.5,,item_617,,136.8,14.5,14.5,-66.10307080516668,95.10307080516668
7.7,11.2,11.2,,item_618,,7.7,11.2,11.2,-69.40307080516668,91.80307080516668
59.0,44.6,44.6,,item_619,,59.0,44.6,44.6,-36.00307080516668,125.20307080516667
17.2,10.4,10.4,,item_620,,17.2,10.4,10.4,-70.20307080516667,91.00307080516669
23.4,27.1,27.1,,item_621,,23.4,27.1,27.1,-53.50307080516668,107.70307080516667
67.7,57.0,57.0,,item_622,,67.7,57.0,57.0,-23.60307080516668,137.60307080516668
2.1,2.2,2.2,,item_623,,2.1,2.2,2.2,-78.40307080516668,82.80307080516668
0.7,0.5,0.5,,item_624,,0.7,0.5,0.5,-80.10307080516668,81.10307080516668
14.3,17.3,17.3,,item_625,,14.3,17.3,17.3,-63.30307080516668,97.90307080516668
0.5,0.0,0.0,,item_626,,0.5,0.0,0.0,-80.60307080516668,80.60307080516668
130.7,113.3,113.3,,item_627,,130.7,113.3,113.3,32.69692919483332,193.9030708051667
20.5,11.6,11.6,,item_628,,20.5,11.6,11.6,-69.00307080516669,92.20307080516667
13.9,2.9,2.9,,item_629,,13.9,2.9,2.9,-77.70307080516667,83.50307080516669
18.3,20.4,20.4,,item_630,,18.3,20.4,20.4,-60.20307080516668,101.00307080516669
9.2,6.4,6.4,,item_631,,9.2,6.4,6.4,-74.20307080516667,87.00307080516669
0.0,0.0,0.0,,item_632,,0.0,0.0,0.0,-80.60307080516668,80.60307080516668
10.0,12.8,12.8,,item_633,,10.0,12.8,12.8,-67.80307080516668,93.40307080516668
15.5,14.4,14.4,,item_634,,15.5,14.4,14.4,-66.20307080516667,95.00307080516669
70.0,54.8,54.8,,item_635,,70.0,54.8,54.8,-25.803070805166683,135.4030708051667
0.1,0.0,0.0,,item_636,,0.1,0.0,0.0,-80.60307080516668,80.60307080516668
26.0,5.7,5.7,,item_637,,26.0,5.7,5.7,-74.90307080516668,86.30307080516668
1.7,1.0,1.0,,item_638,,1.7,1.0,1.0,-79.60307080516668,81.60307080516668
0.3,1.3,1.3,,item_639,,0.3,1.3,1.3,-79.30307080516668,81.90307080516668
11.5,4.7,4.7,,item_640,,11.5,4.7,4.7,-75.90307080516668,85.30307080516668
81.6,96.1,96.1,,item_641,,81.6,96.1,96.1,15.496929194833314,176.70307080516667
0.1,0.0,0.0,,item_642,,0.1,0.0,0.0,-80.60307080516668,80.60307080516668
64.6,41.6,41.6,,item_643,,64.6,41.6,41.6,-39.00307080516668,122.20307080516667
22.0,17.7,17.7,,item_644,,22.0,17.7,17.7,-62.90307080516668,98.30307080516668
0.1,0.0,0.0,,item_645,,0.1,0.0,0.0,-80.60307080516668,80.60307080516668
0.4,0.1,0.1,,item_646,,0.4,0.1,0.1,-80.50307080516669,80.70307080516667
4.3,8.3,8.3,,item_647,,4.3,8.3,8.3,-72.30307080516668,88.90307080516668
15.4,9.1,9.1,,item_648,,15.4,9.1,9.1,-71.50307080516669,89.70307080516667
60.4,48.4,48.4,,item_649,,60.4,48.4,48.4,-32.20307080516668,129.0030708051667
0.0,0.0,0.0,,item_650,,0.0,0.0,0.0,-80.60307080516668,80.60307080516668
15.2,13.9,13.9,,item_651,,15.2,13.9,13.9,-66.70307080516667,94.50307080516669
13.7,12.8,12.8,,item_652,,13.7,12.8,12.8,-67.80307080516668,93.40307080516668
12.9,14.6,14.6,,item_653,,12.9,14.6,14.6,-66.00307080516669,95.20307080516667
33.3,29.0,29.0,,item_654,,33.3,29.0,29.0,-51.60307080516668,109.60307080516668
8.1,29.7,29.7,,item_655,,8.1,29.7,29.7,-50.90307080516668,110.30307080516668
51.1,24.5,24.5,,item_656,,51.1,24.5,24.5,-56.10307080516668,105.10307080516668
22.6,21.9,21.9,,item_657,,22.6,21.9,21.9,-58.70307080516668,102.50307080516669
3.9,2.0,2.0,,item_658,,3.9,2.0,2.0,-78.60307080516668,82.60307080516668
17.1,17.7,17.7,,item_659,,17.1,17.7,17.7,-62.90307080516668,98.30307080516668
33.8,3.7,3.7,,item_660,,33.8,3.7,3.7,-76.90307080516668,84.30307080516668
19.3,19.2,19.2,,item_661,,19.3,19.2,19.2,-61.40307080516668,99.80307080516668
7.1,8.4,8.4,,item_662,,7.1,8.4,8.4,-72.20307080516667,89.00307080516669
9.5,7.4,7.4,,item_663,,9.5,7.4,7.4,-73.20307080516667,88.00307080516669
218.2,321.0,321.0,,item_664,,218.2,321.0,321.0,240.39692919483332,401.6030708051667
0.3,0.0,0.0,,item_665,,0.3,0.0,0.0,-80.60307080516668,80.60307080516668
78.5,42.4,42.4,,item_666,,78.5,42.4,42.4,-38.20307080516668,123.00307080516669
19.9,21.7,21.7,,item_667,,19.9,21.7,21.7,-58.90307080516668,102.30307080516668
7.4,6.9,6.9,,item_668,,7.4,6.9,6.9,-73.70307080516667,87.50307080516669
309.0,266.8,266.8,,item_669,,309.0,266.8,266.8,186.19692919483333,347.4030708051667
147.0,227.5,227.5,,item_670,,147.0,227.5,227.5,146.89692919483332,308.1030708051667
42.2,64.0,64.0,,item_671,,42.2,64.0,64.0,-16.60307080516668,144.60307080516668
32.7,45.4,45.4,,item_672,,32.7,45.4,45.4,-35.20307080516668,126.00307080516669
1.6,0.1,0.1,,item_673,,1.6,0.1,0.1,-80.50307080516669,80.70307080516667
19.2,6.1,6.1,,item_674,,19.2,6.1,6.1,-74.50307080516669,86.70307080516667
9.9,34.2,34.2,,item_675,,9.9,34.2,34.2,-46.40307080516668,114.80307080516668
181.0,0.8,0.8,,item_676,,181.0,0.8,0.8,-79.80307080516668,81.40307080516668
13.6,6.5,6.5,,item_677,,13.6,6.5,6.5,-74.10307080516668,87.10307080516668
29.8,23.8,23.8,,item_678,,29.8,23.8,23.8,-56.80307080516668,104.40307080516668
72.9,60.4,60.4,,item_679,,72.9,60.4,60.4,-20.203070805166682,141.0030708051667
54.3,41.8,41.8,,item_680,,54.3,41.8,41.8,-38.80307080516668,122.40307080516668
27.2,24.2,24.2,,item_681,,27.2,24.2,24.2,-56.40307080516668,104.80307080516668
58.4,26.1,26.1,,item_682,,58.4,26.1,26.1,-54.50307080516668,106.70307080516667
53.9,31.4,31.4,,item_683,,53.9,31.4,31.4,-49.20307080516668,112.00307080516669
105.7,107.4,107.4,,item_684,,105.7,107.4,107.4,26.796929194833325,188.0030708051667
101.4,103.8,103.8,,item_685,,101.4,103.8,103.8,23.196929194833317,184.4030708051667
38.0,28.2,28.2,,item_686,,38.0,28.2,28.2,-52.40307080516668,108.80307080516668
47.7,41.4,41.4,,item_687,,47.7,41.4,41.4,-39.20307080516668,122.00307080516669
0.9,0.9,0.9,,item_688,,0.9,0.9,0.9,-79.70307080516667,81.50307080516669
0.3,0.2,0.2,,item_689,,0.3,0.2,0.2,-80.40307080516668,80.80307080516668
39.0,64.6,64.6,,item_690,,39.0,64.6,64.6,-16.003070805166686,145.20307080516667
0.4,0.2,0.2,,item_691,,0.4,0.2,0.2,-80.40307080516668,80.80307080516668
76.9,55.5,55.5,,item_692,,76.9,55.5,55.5,-25.10307080516668,136.10307080516668
338.4,326.9,326.9,,item_693,,338.4,326.9,326.9,246.2969291948333,407.50307080516666
3.7,2.3,2.3,,item_694,,3.7,2.3,2.3,-78.30307080516668,82.90307080516668
50.5,29.5,29.5,,item_695,,50.5,29.5,29.5,-51.10307080516668,110.10307080516668
2.6,3.5,3.5,,item_696,,2.6,3.5,3.5,-77.10307080516668,84.10307080516668
10.5,2.2,2.2,,item_697,,10.5,2.2,2.2,-78.40307080516668,82.80307080516668
31.9,24.7,24.7,,item_698,,31.9,24.7,24.7,-55.90307080516668,105.30307080516668
25.2,19.7,19.7,,item_699,,25.2,19.7,19.7,-60.90307080516668,100.30307080516668
89.2,184.7,184.7,,item_700,,89.2,184.7,184.7,104.09692919483331,265.30307080516667
7.9,4.4,4.4,,item_701,,7.9,4.4,4.4,-76.20307080516667,85.00307080516669
10299.7,14950.9,14950.9,,item_702,,10299.7,14950.9,14950.9,14870.296929194832,15031.503070805167
187.7,169.8,169.8,,item_703,,187.7,169.8,169.8,89.19692919483333,250.4030708051667
25.1,18.8,18.8,,item_704,,25.1,18.8,18.8,-61.80307080516668,99.40307080516668
3.2,1.7,1.7,,item_705,,3.2,1.7,1.7,-78.90307080516668,82.30307080516668
25.7,39.8,39.8,,item_706,,25.7,39.8,39.8,-40.80307080516668,120.40307080516668
138.8,190.4,190.4,,item_707,,138.8,190.4,190.4,109.79692919483333,271.00307080516666
1.2,1.4,1.4,,item_708,,1.2,1.4,1.4,-79.20307080516667,82.00307080516669
266.9,29.0,29.0,,item_709,,266.9,29.0,29.0,-51.60307080516668,109.60307080516668
0.4,0.5,0.5,,item_710,,0.4,0.5,0.5,-80.10307080516668,81.10307080516668
22.0,25.8,25.8,,item_711,,22.0,25.8,25.8,-54.80307080516668,106.40307080516668
131.2,35.9,35.9,,item_712,,131.2,35.9,35.9,-44.70307080516668,116.50307080516669
7.4,4.5,4.5,,item_713,,7.4,4.5,4.5,-76.10307080516668,85.10307080516668
57.1,37.6,37.6,,item_714,,57.1,37.6,37.6,-43.00307080516668,118.20307080516667
293.7,288.2,288.2,,item_715,,293.7,288.2,288.2,207.5969291948333,368.80307080516667
39.3,43.6,43.6,,item_716,,39.3,43.6,43.6,-37.00307080516668,124.20307080516667
1.4,0.1,0.1,,item_717,,1.4,0.1,0.1,-80.50307080516669,80.70307080516667
1.6,0.3,0.3,,item_718,,1.6,0.3,0.3,-80.30307080516668,80.90307080516668
32.8,21.8,21.8,,item_719,,32.8,21.8,21.8,-58.80307080516668,102.40307080516668
53.4,67.4,67.4,,item_720,,53.4,67.4,67.4,-13.203070805166675,148.0030708051667
225.7,127.7,127.7,,item_721,,225.7,127.7,127.7,47.09692919483332,208.30307080516667
8.8,17.2,17.2,,item_722,,8.8,17.2,17.2,-63.40307080516668,97.80307080516668
6.9,6.6,6.6,,item_723,,6.9,6.6,6.6,-74.00307080516669,87.20307080516667
95.5,62.9,62.9,,item_724,,95.5,62.9,62.9,-17.703070805166682,143.5030708051667
6.3,35.9,35.9,,item_725,,6.3,35.9,35.9,-44.70307080516668,116.50307080516669
58.9,63.9,63.9,,item_726,,58.9,63.9,63.9,-16.703070805166682,144.5030708051667
35.9,71.3,71.3,,item_727,,35.9,71.3,71.3,-9.303070805166683,151.9030708051667
15.9,19.8,19.8,,item_728,,15.9,19.8,19.8,-60.80307080516668,100.40307080516668
31.2,29.6,29.6,,item_729,,31.2,29.6,29.6,-51.00307080516668,110.20307080516667
4.3,10.6,10.6,,item_730,,4.3,10.6,10.6,-70.00307080516669,91.20307080516667
5.6,11.2,11.2,,item_731,,5.6,11.2,11.2,-69.40307080516668,91.80307080516668
0.8,0.2,0.2,,item_732,,0.8,0.2,0.2,-80.40307080516668,80.80307080516668
79.0,24.7,24.7,,item_733,,79.0,24.7,24.7,-55.90307080516668,105.30307080516668
2.1,0.7,0.7,,item_734,,2.1,0.7,0.7,-79.90307080516668,81.30307080516668
63.3,48.8,48.8,,item_735,,63.3,48.8,48.8,-31.803070805166683,129.4030708051667
4.3,16.8,16.8,,item_736,,4.3,16.8,16.8,-63.80307080516668,97.40307080516668
20.5,13.6,13.6,,item_737,,20.5,13.6,13.6,-67.00307080516669,94.20307080516667
22.5,9.6,9.6,,item_738,,22.5,9.6,9.6,-71.00307080516669,90.20307080516667
181.1,236.6,236.6,,item_739,,181.1,236.6,236.6,155.9969291948333,317.2030708051667
290.6,46.4,46.4,,item_740,,290.6,46.4,46.4,-34.20307080516668,127.00307080516669
19.7,14.9,14.9,,item_741,,19.7,14.9,14.9,-65.70307080516667,95.50307080516669
1.4,0.3,0.3,,item_742,,1.4,0.3,0.3,-80.30307080516668,80.90307080516668
31.2,36.2,36.2,,item_743,,31.2,36.2,36.2,-44.40307080516668,116.80307080516668
2.9,3.5,3.5,,item_744,,2.9,3.5,3.5,-77.10307080516668,84.10307080516668
104.0,69.7,69.7,,item_745,,104.0,69.7,69.7,-10.903070805166678,150.30307080516667
307.0,254.2,254.2,,item_746,,307.0,254.2,254.2,173.5969291948333,334.80307080516667
0.4,0.0,0.0,,item_747,,0.4,0.0,0.0,-80.60307080516668,80.60307080516668
17.3,21.7,21.7,,item_748,,17.3,21.7,21.7,-58.90307080516668,102.30307080516668
100.7,99.3,99.3,,item_749,,100.7,99.3,99.3,18.696929194833317,179.9030708051667
2.9,2.0,2.0,,item_750,,2.9,2.0,2.0,-78.60307080516668,82.60307080516668
49.7,42.4,42.4,,item_751,,49.7,42.4,42.4,-38.20307080516668,123.00307080516669
12.9,7.9,7.9,,item_752,,12.9,7.9,7.9,-72.70307080516667,88.50307080516669
3.1,2.2,2.2,,item_753,,3.1,2.2,2.2,-78.40307080516668,82.80307080516668
2.5,2.0,2.0,,item_754,,2.5,2.0,2.0,-78.60307080516668,82.60307080516668
1.2,2.6,2.6,,item_755,,1.2,2.6,2.6,-78.00307080516669,83.20307080516667
7.9,3.0,3.0,,item_756,,7.9,3.0,3.0,-77.60307080516668,83.60307080516668
55.2,242.1,242.1,,item_757,,55.2,242.1,242.1,161.4969291948333,322.7030708051667
64.4,223.6,223.6,,item_758,,64.4,223.6,223.6,142.9969291948333,304.2030708051667
91.0,96.6,96.6,,item_759,,91.0,96.6,96.6,15.996929194833314,177.20307080516667
18.6,22.3,22.3,,item_760,,18.6,22.3,22.3,-58.30307080516668,102.90307080516668
4.0,13.3,13.3,,item_761,,4.0,13.3,13.3,-67.30307080516668,93.90307080516668
587.0,517.6,517.6,,item_762,,587.0,517.6,517.6,436.99692919483334,598.2030708051667
2.8,0.8,0.8,,item_763,,2.8,0.8,0.8,-79.80307080516668,81.40307080516668
50.0,35.4,35.4,,item_764,,50.0,35.4,35.4,-45.20307080516668,116.00307080516669
37.1,61.0,61.0,,item_765,,37.1,61.0,61.0,-19.60307080516668,141.60307080516668
0.5,0.2,0.2,,item_766,,0.5,0.2,0.2,-80.40307080516668,80.80307080516668
6.0,0.8,0.8,,item_767,,6.0,0.8,0.8,-79.80307080516668,81.40307080516668
15.1,24.6,24.6,,item_768,,15.1,24.6,24.6,-56.00307080516668,105.20307080516667
181.6,248.7,248.7,,item_769,,181.6,248.7,248.7,168.0969291948333,329.30307080516667
20.0,15.6,15.6,,item_770,,20.0,15.6,15.6,-65.00307080516669,96.20307080516667
8.6,3.7,3.7,,item_771,,8.6,3.7,3.7,-76.90307080516668,84.30307080516668
52.9,32.4,32.4,,item_772,,52.9,32.4,32.4,-48.20307080516668,113.00307080516669
0.4,0.0,0.0,,item_773,,0.4,0.0,0.0,-80.60307080516668,80.60307080516668
4.8,512.7,512.7,,item_774,,4.8,512.7,512.7,432.09692919483336,593.3030708051667
2.9,1.9,1.9,,item_775,,2.9,1.9,1.9,-78.70307080516667,82.50307080516669
19.6,14.5,14.5,,item_776,,19.6,14.5,14.5,-66.10307080516668,95.10307080516668
3.6,6.6,6.6,,item_777,,3.6,6.6,6.6,-74.00307080516669,87.20307080516667
31.7,10.6,10.6,,item_778,,31.7,10.6,10.6,-70.00307080516669,91.20307080516667
155.6,134.1,134.1,,item_779,,155.6,134.1,134.1,53.496929194833314,214.70307080516667
67.8,40.0,40.0,,item_780,,67.8,40.0,40.0,-40.60307080516668,120.60307080516668
2.8,6.6,6.6,,item_781,,2.8,6.6,6.6,-74.00307080516669,87.20307080516667
6.3,10.7,10.7,,item_782,,6.3,10.7,10.7,-69.90307080516668,91.30307080516668
0.0,0.1,0.1,,item_783,,0.0,0.1,0.1,-80.50307080516669,80.70307080516667
19.3,1.0,1.0,,item_784,,19.3,1.0,1.0,-79.60307080516668,81.60307080516668
376.3,305.9,305.9,,item_785,,376.3,305.9,305.9,225.2969291948333,386.50307080516666
45.3,18.4,18.4,,item_786,,45.3,18.4,18.4,-62.20307080516668,99.00307080516669
0.0,0.1,0.1,,item_787,,0.0,0.1,0.1,-80.50307080516669,80.70307080516667
56.5,49.4,49.4,,item_788,,56.5,49.4,49.4,-31.203070805166682,130.0030708051667
44.8,17.6,17.6,,item_789,,44.8,17.6,17.6,-63.00307080516668,98.20307080516667
197.1,133.5,133.5,,item_790,,197.1,133.5,133.5,52.89692919483332,214.10307080516668
32.4,17.6,17.6,,item_791,,32.4,17.6,17.6,-63.00307080516668,98.20307080516667
11.7,6.0,6.0,,item_792,,11.7,6.0,6.0,-74.60307080516668,86.60307080516668
15.9,11.2,11.2,,item_793,,15.9,11.2,11.2,-69.40307080516668,91.80307080516668
21.2,36.5,36.5,,item_794,,21.2,36.5,36.5,-44.10307080516668,117.10307080516668
14.1,5.4,5.4,,item_795,,14.1,5.4,5.4,-75.20307080516667,86.00307080516669
4.0,0.7,0.7,,item_796,,4.0,0.7,0.7,-79.90307080516668,81.30307080516668
9.6,0.4,0.4,,item_797,,9.6,0.4,0.4,-80.20307080516667,81.00307080516669
6.6,6.1,6.1,,item_798,,6.6,6.1,6.1,-74.50307080516669,86.70307080516667
25.5,15.1,15.1,,item_799,,25.5,15.1,15.1,-65.50307080516669,95.70307080516667
39.7,42.1,42.1,,item_800,,39.7,42.1,42.1,-38.50307080516668,122.70307080516667
8.9,8.6,8.6,,item_801,,8.9,8.6,8.6,-72.00307080516669,89.20307080516667
26.2,25.7,25.7,,item_802,,26.2,25.7,25.7,-54.90307080516668,106.30307080516668
2.0,0.0,0.0,,item_803,,2.0,0.0,0.0,-80.60307080516668,80.60307080516668
27.3,24.9,24.9,,item_804,,27.3,24.9,24.9,-55.70307080516668,105.50307080516669
17.7,7.6,7.6,,item_805,,17.7,7.6,7.6,-73.00307080516669,88.20307080516667
77.5,96.8,96.8,,item_806,,77.5,96.8,96.8,16.196929194833317,177.4030708051667
58.3,75.1,75.1,,item_807,,58.3,75.1,75.1,-5.503070805166686,155.70307080516667
9.5,18.5,18.5,,item_808,,9.5,18.5,18.5,-62.10307080516668,99.10307080516668
164.1,133.6,133.6,,item_809,,164.1,133.6,133.6,52.996929194833314,214.20307080516667
22.2,27.3,27.3,,item_810,,22.2,27.3,27.3,-53.30307080516668,107.90307080516668
8.5,3.1,3.1,,item_811,,8.5,3.1,3.1,-77.50307080516669,83.70307080516667
37.3,24.4,24.4,,item_812,,37.3,24.4,24.4,-56.20307080516668,105.00307080516669
33.5,42.4,42.4,,item_813,,33.5,42.4,42.4,-38.20307080516668,123.00307080516669
11.4,6.5,6.5,,item_814,,11.4,6.5,6.5,-74.10307080516668,87.10307080516668
0.3,0.8,0.8,,item_815,,0.3,0.8,0.8,-79.80307080516668,81.40307080516668
19.7,24.1,24.1,,item_816,,19.7,24.1,24.1,-56.50307080516668,104.70307080516667
0.9,0.1,0.1,,item_817,,0.9,0.1,0.1,-80.50307080516669,80.70307080516667
0.2,0.2,0.2,,item_818,,0.2,0.2,0.2,-80.40307080516668,80.80307080516668
0.1,0.0,0.0,,item_819,,0.1,0.0,0.0,-80.60307080516668,80.60307080516668
94.3,13.5,13.5,,item_820,,94.3,13.5,13.5,-67.10307080516668,94.10307080516668
1.3,1.2,1.2,,item_821,,1.3,1.2,1.2,-79.40307080516668,81.80307080516668
7.0,4.5,4.5,,item_822,,7.0,4.5,4.5,-76.10307080516668,85.10307080516668
0.1,0.0,0.0,,item_823,,0.1,0.0,0.0,-80.60307080516668,80.60307080516668
42.2,37.6,37.6,,item_824,,42.2,37.6,37.6,-43.00307080516668,118.20307080516667
58.4,77.5,77.5,,item_825,,58.4,77.5,77.5,-3.1030708051666807,158.10307080516668
0.4,0.7,0.7,,item_826,,0.4,0.7,0.7,-79.90307080516668,81.30307080516668
2.1,2.1,2.1,,item_827,,2.1,2.1,2.1,-78.50307080516669,82.70307080516667
36.7,24.1,24.1,,item_828,,36.7,24.1,24.1,-56.50307080516668,104.70307080516667
14.6,12.0,12.0,,item_829,,14.6,12.0,12.0,-68.60307080516668,92.60307080516668
4.7,2.2,2.2,,item_830,,4.7,2.2,2.2,-78.40307080516668,82.80307080516668
26.2,23.3,23.3,,item_831,,26.2,23.3,23.3,-57.30307080516668,103.90307080516668
37.0,38.5,38.5,,item_832,,37.0,38.5,38.5,-42.10307080516668,119.10307080516668
12.7,1.8,1.8,,item_833,,12.7,1.8,1.8,-78.80307080516668,82.40307080516668
11.8,14.6,14.6,,item_834,,11.8,14.6,14.6,-66.00307080516669,95.20307080516667
121.1,42.7,42.7,,item_835,,121.1,42.7,42.7,-37.90307080516668,123.30307080516668
27.0,44.2,44.2,,item_836,,27.0,44.2,44.2,-36.40307080516668,124.80307080516668
16.2,39.9,39.9,,item_837,,16.2,39.9,39.9,-40.70307080516668,120.50307080516669
43.6,41.5,41.5,,item_838,,43.6,41.5,41.5,-39.10307080516668,122.10307080516668
150.9,190.7,190.7,,item_839,,150.9,190.7,190.7,110.09692919483331,271.30307080516667
32.7,68.7,68.7,,item_840,,32.7,68.7,68.7,-11.903070805166678,149.30307080516667
145.9,169.1,169.1,,item_841,,145.9,169.1,169.1,88.49692919483331,249.70307080516667
5.4,0.8,0.8,,item_842,,5.4,0.8,0.8,-79.80307080516668,81.40307080516668
156.3,87.7,87.7,,item_843,,156.3,87.7,87.7,7.096929194833322,168.30307080516667
162.9,94.6,94.6,,item_844,,162.9,94.6,94.6,13.996929194833314,175.20307080516667
471.8,418.0,418.0,,item_845,,471.8,418.0,418.0,337.3969291948333,498.6030708051667
77.4,104.7,104.7,,item_846,,77.4,104.7,104.7,24.096929194833322,185.30307080516667
89.4,64.7,64.7,,item_847,,89.4,64.7,64.7,-15.903070805166678,145.30307080516667
1.7,0.2,0.2,,item_848,,1.7,0.2,0.2,-80.40307080516668,80.80307080516668
91.9,373.4,373.4,,item_849,,91.9,373.4,373.4,292.7969291948333,454.00307080516666
21.9,28.9,28.9,,item_850,,21.9,28.9,28.9,-51.70307080516668,109.50307080516669
148.4,62.7,62.7,,item_851,,148.4,62.7,62.7,-17.903070805166678,143.30307080516667
40.2,12.4,12.4,,item_852,,40.2,12.4,12.4,-68.20307080516667,93.00307080516669
25.8,38.0,38.0,,item_853,,25.8,38.0,38.0,-42.60307080516668,118.60307080516668
39.6,30.6,30.6,,item_854,,39.6,30.6,30.6,-50.00307080516668,111.20307080516667
36.6,23.5,23.5,,item_855,,36.6,23.5,23.5,-57.10307080516668,104.10307080516668
150.1,62.7,62.7,,item_856,,150.1,62.7,62.7,-17.903070805166678,143.30307080516667
0.5,0.1,0.1,,item_857,,0.5,0.1,0.1,-80.50307080516669,80.70307080516667
38.3,6.1,6.1,,item_858,,38.3,6.1,6.1,-74.50307080516669,86.70307080516667
25.9,15.3,15.3,,item_859,,25.9,15.3,15.3,-65.30307080516668,95.90307080516668
37.0,43.6,43.6,,item_860,,37.0,43.6,43.6,-37.00307080516668,124.20307080516667
1.1,2.1,2.1,,item_861,,1.1,2.1,2.1,-78.50307080516669,82.70307080516667
95.6,34.8,34.8,,item_862,,95.6,34.8,34.8,-45.80307080516668,115.40307080516668
10.0,3.3,3.3,,item_863,,10.0,3.3,3.3,-77.30307080516668,83.90307080516668
16.7,7.6,7.6,,item_864,,16.7,7.6,7.6,-73.00307080516669,88.20307080516667
0.1,0.1,0.1,,item_865,,0.1,0.1,0.1,-80.50307080516669,80.70307080516667
2.5,0.8,0.8,,item_866,,2.5,0.8,0.8,-79.80307080516668,81.40307080516668
109.1,59.6,59.6,,item_867,,109.1,59.6,59.6,-21.00307080516668,140.20307080516667
0.5,0.7,0.7,,item_868,,0.5,0.7,0.7,-79.90307080516668,81.30307080516668
13.3,6.6,6.6,,item_869,,13.3,6.6,6.6,-74.00307080516669,87.20307080516667
7.2,13.2,13.2,,item_870,,7.2,13.2,13.2,-67.40307080516668,93.80307080516668
0.7,0.3,0.3,,item_871,,0.7,0.3,0.3,-80.30307080516668,80.90307080516668
12.3,8.8,8.8,,item_872,,12.3,8.8,8.8,-71.80307080516668,89.40307080516668
18.0,15.9,15.9,,item_873,,18.0,15.9,15.9,-64.70307080516667,96.50307080516669
373.2,104.3,104.3,,item_874,,373.2,104.3,104.3,23.696929194833317,184.9030708051667
63.8,13.9,13.9,,item_875,,63.8,13.9,13.9,-66.70307080516667,94.50307080516669
36.1,22.9,22.9,,item_876,,36.1,22.9,22.9,-57.70307080516668,103.50307080516669
0.1,0.0,0.0,,item_877,,0.1,0.0,0.0,-80.60307080516668,80.60307080516668
20.2,10.2,10.2,,item_878,,20.2,10.2,10.2,-70.40307080516668,90.80307080516668
0.0,0.0,0.0,,item_879,,0.0,0.0,0.0,-80.60307080516668,80.60307080516668
0.0,0.0,0.0,,item_880,,0.0,0.0,0.0,-80.60307080516668,80.60307080516668
39.9,30.9,30.9,,item_881,,39.9,30.9,30.9,-49.70307080516668,111.50307080516669
0.8,0.4,0.4,,item_882,,0.8,0.4,0.4,-80.20307080516667,81.00307080516669
106.7,91.7,91.7,,item_883,,106.7,91.7,91.7,11.096929194833322,172.30307080516667
0.6,0.2,0.2,,item_884,,0.6,0.2,0.2,-80.40307080516668,80.80307080516668
0.9,0.1,0.1,,item_885,,0.9,0.1,0.1,-80.50307080516669,80.70307080516667
34.0,18.4,18.4,,item_886,,34.0,18.4,18.4,-62.20307080516668,99.00307080516669
135.6,99.9,99.9,,item_887,,135.6,99.9,99.9,19.296929194833325,180.5030708051667
0.8,0.5,0.5,,item_888,,0.8,0.5,0.5,-80.10307080516668,81.10307080516668
130.8,60.3,60.3,,item_889,,130.8,60.3,60.3,-20.303070805166683,140.9030708051667
41.6,27.4,27.4,,item_890,,41.6,27.4,27.4,-53.20307080516668,108.00307080516669
2.9,0.3,0.3,,item_891,,2.9,0.3,0.3,-80.30307080516668,80.90307080516668
0.0,0.0,0.0,,item_892,,0.0,0.0,0.0,-80.60307080516668,80.60307080516668
17.9,9.0,9.0,,item_893,,17.9,9.0,9.0,-71.60307080516668,89.60307080516668
0.8,0.2,0.2,,item_894,,0.8,0.2,0.2,-80.40307080516668,80.80307080516668
100.1,42.6,42.6,,item_895,,100.1,42.6,42.6,-38.00307080516668,123.20307080516667
327.6,399.9,399.9,,item_896,,327.6,399.9,399.9,319.2969291948333,480.50307080516666
0.0,0.1,0.1,,item_897,,0.0,0.1,0.1,-80.50307080516669,80.70307080516667
12.3,6.6,6.6,,item_898,,12.3,6.6,6.6,-74.00307080516669,87.20307080516667
29.4,15.1,15.1,,item_899,,29.4,15.1,15.1,-65.50307080516669,95.70307080516667
52.7,36.0,36.0,,item_900,,52.7,36.0,36.0,-44.60307080516668,116.60307080516668
0.1,0.0,0.0,,item_901,,0.1,0.0,0.0,-80.60307080516668,80.60307080516668
97.1,24.2,24.2,,item_902,,97.1,24.2,24.2,-56.40307080516668,104.80307080516668
0.7,0.0,0.0,,item_903,,0.7,0.0,0.0,-80.60307080516668,80.60307080516668
664.4,275.9,275.9,,item_904,,664.4,275.9,275.9,195.2969291948333,356.50307080516666
0.6,0.0,0.0,,item_905,,0.6,0.0,0.0,-80.60307080516668,80.60307080516668
17.4,5.0,5.0,,item_906,,17.4,5.0,5.0,-75.60307080516668,85.60307080516668
63.7,56.4,56.4,,item_907,,63.7,56.4,56.4,-24.203070805166682,137.0030708051667
10.3,8.7,8.7,,item_908,,10.3,8.7,8.7,-71.90307080516668,89.30307080516668
42.0,5.6,5.6,,item_909,,42.0,5.6,5.6,-75.00307080516669,86.20307080516667
1.1,7.6,7.6,,item_910,,1.1,7.6,7.6,-73.00307080516669,88.20307080516667
23.2,36.6,36.6,,item_911,,23.2,36.6,36.6,-44.00307080516668,117.20307080516667
47.4,27.0,27.0,,item_912,,47.4,27.0,27.0,-53.60307080516668,107.60307080516668
96.8,60.5,60.5,,item_913,,96.8,60.5,60.5,-20.10307080516668,141.10307080516668
55.1,20.7,20.7,,item_914,,55.1,20.7,20.7,-59.90307080516668,101.30307080516668
95.7,70.6,70.6,,item_915,,95.7,70.6,70.6,-10.003070805166686,151.20307080516667
54.0,15.2,15.2,,item_916,,54.0,15.2,15.2,-65.40307080516668,95.80307080516668
43.0,23.3,23.3,,item_917,,43.0,23.3,23.3,-57.30307080516668,103.90307080516668
25.9,14.9,14.9,,item_918,,25.9,14.9,14.9,-65.70307080516667,95.50307080516669
0.1,0.1,0.1,,item_919,,0.1,0.1,0.1,-80.50307080516669,80.70307080516667
61.5,23.4,23.4,,item_920,,61.5,23.4,23.4,-57.20307080516668,104.00307080516669
2.0,1.6,1.6,,item_921,,2.0,1.6,1.6,-79.00307080516669,82.20307080516667
20.0,1.0,1.0,,item_922,,20.0,1.0,1.0,-79.60307080516668,81.60307080516668
63.9,24.0,24.0,,item_923,,63.9,24.0,24.0,-56.60307080516668,104.60307080516668
7.0,2.1,2.1,,item_924,,7.0,2.1,2.1,-78.50307080516669,82.70307080516667
3.7,1.4,1.4,,item_925,,3.7,1.4,1.4,-79.20307080516667,82.00307080516669
8.9,4.0,4.0,,item_926,,8.9,4.0,4.0,-76.60307080516668,84.60307080516668
27.8,15.7,15.7,,item_927,,27.8,15.7,15.7,-64.90307080516668,96.30307080516668
14.9,44.6,44.6,,item_928,,14.9,44.6,44.6,-36.00307080516668,125.20307080516667
34.4,24.5,24.5,,item_929,,34.4,24.5,24.5,-56.10307080516668,105.10307080516668
4.8,4.4,4.4,,item_930,,4.8,4.4,4.4,-76.20307080516667,85.00307080516669
1.9,0.1,0.1,,item_931,,1.9,0.1,0.1,-80.50307080516669,80.70307080516667
0.4,0.8,0.8,,item_932,,0.4,0.8,0.8,-79.80307080516668,81.40307080516668
76.4,40.8,40.8,,item_933,,76.4,40.8,40.8,-39.80307080516668,121.40307080516668
6.3,2.6,2.6,,item_934,,6.3,2.6,2.6,-78.00307080516669,83.20307080516667
1.6,0.1,0.1,,item_935,,1.6,0.1,0.1,-80.50307080516669,80.70307080516667
150.4,118.1,118.1,,item_936,,150.4,118.1,118.1,37.496929194833314,198.70307080516667
11.3,4.7,4.7,,item_937,,11.3,4.7,4.7,-75.90307080516668,85.30307080516668
16.1,8.6,8.6,,item_938,,16.1,8.6,8.6,-72.00307080516669,89.20307080516667
12.5,8.2,8.2,,item_939,,12.5,8.2,8.2,-72.40307080516668,88.80307080516668
6.2,0.1,0.1,,item_940,,6.2,0.1,0.1,-80.50307080516669,80.70307080516667
71.4,62.9,62.9,,item_941,,71.4,62.9,62.9,-17.703070805166682,143.5030708051667
0.8,0.0,0.0,,item_942,,0.8,0.0,0.0,-80.60307080516668,80.60307080516668
5.0,1.6,1.6,,item_943,,5.0,1.6,1.6,-79.00307080516669,82.20307080516667
0.3,0.5,0.5,,item_944,,0.3,0.5,0.5,-80.10307080516668,81.10307080516668
19.2,8.4,8.4,,item_945,,19.2,8.4,8.4,-72.20307080516667,89.00307080516669
3.0,0.9,0.9,,item_946,,3.0,0.9,0.9,-79.70307080516667,81.50307080516669
10.5,4.3,4.3,,item_947,,10.5,4.3,4.3,-76.30307080516668,84.90307080516668
35.0,35.9,35.9,,item_948,,35.0,35.9,35.9,-44.70307080516668,116.50307080516669
20.4,12.7,12.7,,item_949,,20.4,12.7,12.7,-67.90307080516668,93.30307080516668
49.4,27.1,27.1,,item_950,,49.4,27.1,27.1,-53.50307080516668,107.70307080516667
50.2,41.0,41.0,,item_951,,50.2,41.0,41.0,-39.60307080516668,121.60307080516668
96.3,52.2,52.2,,item_952,,96.3,52.2,52.2,-28.403070805166678,132.80307080516667
17.7,7.2,7.2,,item_953,,17.7,7.2,7.2,-73.40307080516668,87.80307080516668
109.0,110.6,110.6,,item_954,,109.0,110.6,110.6,29.996929194833314,191.20307080516667
6.1,0.8,0.8,,item_955,,6.1,0.8,0.8,-79.80307080516668,81.40307080516668
1.1,3.5,3.5,,item_956,,1.1,3.5,3.5,-77.10307080516668,84.10307080516668
0.1,0.2,0.2,,item_957,,0.1,0.2,0.2,-80.40307080516668,80.80307080516668
145.9,118.7,118.7,,item_958,,145.9,118.7,118.7,38.09692919483332,199.30307080516667
6.3,1.9,1.9,,item_959,,6.3,1.9,1.9,-78.70307080516667,82.50307080516669
27.0,14.5,14.5,,item_960,,27.0,14.5,14.5,-66.10307080516668,95.10307080516668
60.3,28.7,28.7,,item_961,,60.3,28.7,28.7,-51.90307080516668,109.30307080516668
14.4,4.0,4.0,,item_962,,14.4,4.0,4.0,-76.60307080516668,84.60307080516668
144.4,100.6,100.6,,item_963,,144.4,100.6,100.6,19.996929194833314,181.20307080516667
265.5,243.7,243.7,,item_964,,265.5,243.7,243.7,163.0969291948333,324.30307080516667
50.2,5.9,5.9,,item_965,,50.2,5.9,5.9,-74.70307080516667,86.50307080516669
217.6,181.2,181.2,,item_966,,217.6,181.2,181.2,100.59692919483331,261.80307080516667
310.6,3842.1,3842.1,,item_967,,310.6,3842.1,3842.1,3761.4969291948332,3922.7030708051666
105.9,131.8,131.8,,item_968,,105.9,131.8,131.8,51.19692919483333,212.4030708051667
20.8,18.8,18.8,,item_969,,20.8,18.8,18.8,-61.80307080516668,99.40307080516668
10.5,3.1,3.1,,item_970,,10.5,3.1,3.1,-77.50307080516669,83.70307080516667
5.9,14.5,14.5,,item_971,,5.9,14.5,14.5,-66.10307080516668,95.10307080516668
183.7,159.6,159.6,,item_972,,183.7,159.6,159.6,78.99692919483331,240.20307080516667
12.9,3.0,3.0,,item_973,,12.9,3.0,3.0,-77.60307080516668,83.60307080516668
2.1,0.2,0.2,,item_974,,2.1,0.2,0.2,-80.40307080516668,80.80307080516668
122.5,134.8,134.8,,item_975,,122.5,134.8,134.8,54.19692919483333,215.4030708051667
438.7,448.9,448.9,,item_976,,438.7,448.9,448.9,368.2969291948333,529.5030708051667
377.2,301.5,301.5,,item_977,,377.2,301.5,301.5,220.89692919483332,382.1030708051667
180.4,187.2,187.2,,item_978,,180.4,187.2,187.2,106.59692919483331,267.80307080516667
39.6,44.4,44.4,,item_979,,39.6,44.4,44.4,-36.20307080516668,125.00307080516669
17.1,34.7,34.7,,item_980,,17.1,34.7,34.7,-45.90307080516668,115.30307080516668
38.0,50.2,50.2,,item_981,,38.0,50.2,50.2,-30.403070805166678,130.80307080516667
93.2,104.5,104.5,,item_982,,93.2,104.5,104.5,23.89692919483332,185.10307080516668
11.8,49.3,49.3,,item_983,,11.8,49.3,49.3,-31.303070805166683,129.9030708051667
2.0,0.5,0.5,,item_984,,2.0,0.5,0.5,-80.10307080516668,81.10307080516668
80.4,104.9,104.9,,item_985,,80.4,104.9,104.9,24.296929194833325,185.5030708051667
0.0,0.0,0.0,,item_986,,0.0,0.0,0.0,-80.60307080516668,80.60307080516668
0.0,0.0,0.0,,item_987,,0.0,0.0,0.0,-80.60307080516668,80.60307080516668
1.6,1.1,1.1,,item_988,,1.6,1.1,1.1,-79.50307080516669,81.70307080516667
34.2,40.3,40.3,,item_989,,34.2,40.3,40.3,-40.30307080516668,120.90307080516668
95.1,116.5,116.5,,item_990,,95.1,116.5,116.5,35.89692919483332,197.10307080516668
1.8,0.5,0.5,,item_991,,1.8,0.5,0.5,-80.10307080516668,81.10307080516668
0.2,0.2,0.2,,item_992,,0.2,0.2,0.2,-80.40307080516668,80.80307080516668
3.6,0.9,0.9,,item_993,,3.6,0.9,0.9,-79.70307080516667,81.50307080516669
12.6,2.3,2.3,,item_994,,12.6,2.3,2.3,-78.30307080516668,82.90307080516668
1.8,1.8,1.8,,item_995,,1.8,1.8,1.8,-78.80307080516668,82.40307080516668
183.0,103.2,103.2,,item_996,,183.0,103.2,103.2,22.596929194833322,183.80307080516667
226.5,216.4,216.4,,item_997,,226.5,216.4,216.4,135.79692919483333,297.00307080516666
10.4,17.0,17.0,,item_998,,10.4,17.0,17.0,-63.60307080516668,97.60307080516668
33.0,39.7,39.7,,item_999,,33.0,39.7,39.7,-40.90307080516668,120.30307080516668
40.9,36.5,36.5,,item_1000,,40.9,36.5,36.5,-44.10307080516668,117.10307080516668
723.6,983.8,983.8,,item_1001,,723.6,983.8,983.8,903.1969291948333,1064.4030708051666
0.4,1.1,1.1,,item_1002,,0.4,1.1,1.1,-79.50307080516669,81.70307080516667
172.9,7.3,7.3,,item_1003,,172.9,7.3,7.3,-73.30307080516668,87.90307080516668
5.2,1.9,1.9,,item_1004,,5.2,1.9,1.9,-78.70307080516667,82.50307080516669
26.4,14.8,14.8,,item_1005,,26.4,14.8,14.8,-65.80307080516668,95.40307080516668
19.7,17.8,17.8,,item_1006,,19.7,17.8,17.8,-62.80307080516668,98.40307080516668
113.3,98.8,98.8,,item_1007,,113.3,98.8,98.8,18.196929194833317,179.4030708051667
80.9,89.7,89.7,,item_1008,,80.9,89.7,89.7,9.096929194833322,170.30307080516667
83.1,54.2,54.2,,item_1009,,83.1,54.2,54.2,-26.403070805166678,134.80307080516667
304.6,241.5,241.5,,item_1010,,304.6,241.5,241.5,160.89692919483332,322.1030708051667
0.1,0.0,0.0,,item_1011,,0.1,0.0,0.0,-80.60307080516668,80.60307080516668
18.1,11.6,11.6,,item_1012,,18.1,11.6,11.6,-69.00307080516669,92.20307080516667
11.4,5.1,5.1,,item_1013,,11.4,5.1,5.1,-75.50307080516669,85.70307080516667
0.9,0.2,0.2,,item_1014,,0.9,0.2,0.2,-80.40307080516668,80.80307080516668
3.8,3.3,3.3,,item_1015,,3.8,3.3,3.3,-77.30307080516668,83.90307080516668
22.4,16.2,16.2,,item_1016,,22.4,16.2,16.2,-64.40307080516668,96.80307080516668
7.6,12.7,12.7,,item_1017,,7.6,12.7,12.7,-67.90307080516668,93.30307080516668
0.2,0.3,0.3,,item_1018,,0.2,0.3,0.3,-80.30307080516668,80.90307080516668
0.1,0.0,0.0,,item_1019,,0.1,0.0,0.0,-80.60307080516668,80.60307080516668
14.2,7.8,7.8,,item_1020,,14.2,7.8,7.8,-72.80307080516668,88.40307080516668
19.1,9.8,9.8,,item_1021,,19.1,9.8,9.8,-70.80307080516668,90.40307080516668
0.0,0.0,0.0,,item_1022,,0.0,0.0,0.0,-80.60307080516668,80.60307080516668
30.6,3.0,3.0,,item_1023,,30.6,3.0,3.0,-77.60307080516668,83.60307080516668
0.2,0.3,0.3,,item_1024,,0.2,0.3,0.3,-80.30307080516668,80.90307080516668
21.4,13.2,13.2,,item_1025,,21.4,13.2,13.2,-67.40307080516668,93.80307080516668
23.1,4.2,4.2,,item_1026,,23.1,4.2,4.2,-76.40307080516668,84.80307080516668
17.8,9.1,9.1,,item_1027,,17.8,9.1,9.1,-71.50307080516669,89.70307080516667
17.2,13.5,13.5,,item_1028,,17.2,13.5,13.5,-67.10307080516668,94.10307080516668
0.0,0.0,0.0,,item_1029,,0.0,0.0,0.0,-80.60307080516668,80.60307080516668
0.0,0.0,0.0,,item_1030,,0.0,0.0,0.0,-80.60307080516668,80.60307080516668
29.1,0.8,0.8,,item_1031,,29.1,0.8,0.8,-79.80307080516668,81.40307080516668
52.1,62.4,62.4,,item_1032,,52.1,62.4,62.4,-18.203070805166682,143.0030708051667
16.5,10.7,10.7,,item_1033,,16.5,10.7,10.7,-69.90307080516668,91.30307080516668
58.3,27.1,27.1,,item_1034,,58.3,27.1,27.1,-53.50307080516668,107.70307080516667
73.3,33.7,33.7,,item_1035,,73.3,33.7,33.7,-46.90307080516668,114.30307080516668
0.2,0.1,0.1,,item_1036,,0.2,0.1,0.1,-80.50307080516669,80.70307080516667
0.0,0.0,0.0,,item_1037,,0.0,0.0,0.0,-80.60307080516668,80.60307080516668
29.6,19.4,19.4,,item_1038,,29.6,19.4,19.4,-61.20307080516668,100.00307080516669
52.8,57.8,57.8,,item_1039,,52.8,57.8,57.8,-22.803070805166683,138.4030708051667
3.6,2.2,2.2,,item_1040,,3.6,2.2,2.2,-78.40307080516668,82.80307080516668
537.8,804.2,804.2,,item_1041,,537.8,804.2,804.2,723.5969291948334,884.8030708051667
2.6,0.3,0.3,,item_1042,,2.6,0.3,0.3,-80.30307080516668,80.90307080516668
0.0,0.0,0.0,,item_1043,,0.0,0.0,0.0,-80.60307080516668,80.60307080516668
90.9,43.3,43.3,,item_1044,,90.9,43.3,43.3,-37.30307080516668,123.90307080516668
0.1,2.8,2.8,,item_1045,,0.1,2.8,2.8,-77.80307080516668,83.40307080516668
2.9,3.9,3.9,,item_1046,,2.9,3.9,3.9,-76.70307080516667,84.50307080516669
0.0,0.0,0.0,,item_1047,,0.0,0.0,0.0,-80.60307080516668,80.60307080516668
16.5,13.1,13.1,,item_1048,,16.5,13.1,13.1,-67.50307080516669,93.70307080516667
3.6,2.2,2.2,,item_1049,,3.6,2.2,2.2,-78.40307080516668,82.80307080516668
151.5,171.9,171.9,,item_1050,,151.5,171.9,171.9,91.29692919483333,252.5030708051667
40.7,43.3,43.3,,item_1051,,40.7,43.3,43.3,-37.30307080516668,123.90307080516668
0.9,0.0,0.0,,item_1052,,0.9,0.0,0.0,-80.60307080516668,80.60307080516668
0.5,0.1,0.1,,item_1053,,0.5,0.1,0.1,-80.50307080516669,80.70307080516667
97.0,77.6,77.6,,item_1054,,97.0,77.6,77.6,-3.0030708051666863,158.20307080516667
19.7,19.5,19.5,,item_1055,,19.7,19.5,19.5,-61.10307080516668,100.10307080516668
25.5,13.4,13.4,,item_1056,,25.5,13.4,13.4,-67.20307080516667,94.00307080516669
57.6,23.7,23.7,,item_1057,,57.6,23.7,23.7,-56.90307080516668,104.30307080516668
0.1,0.1,0.1,,item_1058,,0.1,0.1,0.1,-80.50307080516669,80.70307080516667
2.1,1.0,1.0,,item_1059,,2.1,1.0,1.0,-79.60307080516668,81.60307080516668
848.7,485.2,485.2,,item_1060,,848.7,485.2,485.2,404.5969291948333,565.8030708051667
0.3,0.1,0.1,,item_1061,,0.3,0.1,0.1,-80.50307080516669,80.70307080516667
38.7,19.6,19.6,,item_1062,,38.7,19.6,19.6,-61.00307080516668,100.20307080516667
12.6,13.1,13.1,,item_1063,,12.6,13.1,13.1,-67.50307080516669,93.70307080516667
0.0,0.0,0.0,,item_1064,,0.0,0.0,0.0,-80.60307080516668,80.60307080516668
385.0,198.6,198.6,,item_1065,,385.0,198.6,198.6,117.99692919483331,279.2030708051667
15.0,0.1,0.1,,item_1066,,15.0,0.1,0.1,-80.50307080516669,80.70307080516667
56.7,62.3,62.3,,item_1067,,56.7,62.3,62.3,-18.303070805166683,142.9030708051667
83.7,42.4,42.4,,item_1068,,83.7,42.4,42.4,-38.20307080516668,123.00307080516669
0.6,0.1,0.1,,item_1069,,0.6,0.1,0.1,-80.50307080516669,80.70307080516667
0.3,0.1,0.1,,item_1070,,0.3,0.1,0.1,-80.50307080516669,80.70307080516667
66.9,31.7,31.7,,item_1071,,66.9,31.7,31.7,-48.90307080516668,112.30307080516668
7.9,9.3,9.3,,item_1072,,7.9,9.3,9.3,-71.30307080516668,89.90307080516668
97.8,9.6,9.6,,item_1073,,97.8,9.6,9.6,-71.00307080516669,90.20307080516667
279.9,441.5,441.5,,item_1074,,279.9,441.5,441.5,360.8969291948333,522.1030708051667
36.0,41.0,41.0,,item_1075,,36.0,41.0,41.0,-39.60307080516668,121.60307080516668
30.5,5.2,5.2,,item_1076,,30.5,5.2,5.2,-75.40307080516668,85.80307080516668
79.8,72.8,72.8,,item_1077,,79.8,72.8,72.8,-7.8030708051666835,153.4030708051667
26.4,39.4,39.4,,item_1078,,26.4,39.4,39.4,-41.20307080516668,120.00307080516669
135.2,116.1,116.1,,item_1079,,135.2,116.1,116.1,35.496929194833314,196.70307080516667
39.6,21.9,21.9,,item_1080,,39.6,21.9,21.9,-58.70307080516668,102.50307080516669
5.0,13.1,13.1,,item_1081,,5.0,13.1,13.1,-67.50307080516669,93.70307080516667
19.9,47.6,47.6,,item_1082,,19.9,47.6,47.6,-33.00307080516668,128.20307080516667
205.7,98.7,98.7,,item_1083,,205.7,98.7,98.7,18.096929194833322,179.30307080516667
1.8,1.9,1.9,,item_1084,,1.8,1.9,1.9,-78.70307080516667,82.50307080516669
6.1,252.2,252.2,,item_1085,,6.1,252.2,252.2,171.5969291948333,332.80307080516667
29.0,88.5,88.5,,item_1086,,29.0,88.5,88.5,7.896929194833319,169.10307080516668
14.5,0.0,0.0,,item_1087,,14.5,0.0,0.0,-80.60307080516668,80.60307080516668
27.1,24.2,24.2,,item_1088,,27.1,24.2,24.2,-56.40307080516668,104.80307080516668
89.3,151.1,151.1,,item_1089,,89.3,151.1,151.1,70.49692919483331,231.70307080516667
14.5,16.3,16.3,,item_1090,,14.5,16.3,16.3,-64.30307080516668,96.90307080516668
23.3,53.7,53.7,,item_1091,,23.3,53.7,53.7,-26.903070805166678,134.30307080516667
18.5,12.2,12.2,,item_1092,,18.5,12.2,12.2,-68.40307080516668,92.80307080516668
35.5,32.8,32.8,,item_1093,,35.5,32.8,32.8,-47.80307080516668,113.40307080516668
0.5,0.8,0.8,,item_1094,,0.5,0.8,0.8,-79.80307080516668,81.40307080516668
9.9,7.4,7.4,,item_1095,,9.9,7.4,7.4,-73.20307080516667,88.00307080516669
4.2,2.2,2.2,,item_1096,,4.2,2.2,2.2,-78.40307080516668,82.80307080516668
12.0,2.7,2.7,,item_1097,,12.0,2.7,2.7,-77.90307080516668,83.30307080516668
9.0,10.2,10.2,,item_1098,,9.0,10.2,10.2,-70.40307080516668,90.80307080516668
96.9,225.8,225.8,,item_1099,,96.9,225.8,225.8,145.19692919483333,306.4030708051667
21.4,32.7,32.7,,item_1100,,21.4,32.7,32.7,-47.90307080516668,113.30307080516668
12.2,8.2,8.2,,item_1101,,12.2,8.2,8.2,-72.40307080516668,88.80307080516668
1.4,3.3,3.3,,item_1102,,1.4,3.3,3.3,-77.30307080516668,83.90307080516668
96.6,74.2,74.2,,item_1103,,96.6,74.2,74.2,-6.403070805166678,154.80307080516667
16.8,22.2,22.2,,item_1104,,16.8,22.2,22.2,-58.40307080516668,102.80307080516668
25.3,33.6,33.6,,item_1105,,25.3,33.6,33.6,-47.00307080516668,114.20307080516667
22.8,7.0,7.0,,item_1106,,22.8,7.0,7.0,-73.60307080516668,87.60307080516668
8.8,7.7,7.7,,item_1107,,8.8,7.7,7.7,-72.90307080516668,88.30307080516668
48.2,53.4,53.4,,item_1108,,48.2,53.4,53.4,-27.203070805166682,134.0030708051667
19.9,33.3,33.3,,item_1109,,19.9,33.3,33.3,-47.30307080516668,113.90307080516668
7.1,4.4,4.4,,item_1110,,7.1,4.4,4.4,-76.20307080516667,85.00307080516669
15.2,9.8,9.8,,item_1111,,15.2,9.8,9.8,-70.80307080516668,90.40307080516668
15.0,27.0,27.0,,item_1112,,15.0,27.0,27.0,-53.60307080516668,107.60307080516668
47.0,140.9,140.9,,item_1113,,47.0,140.9,140.9,60.296929194833325,221.5030708051667
5.7,9.4,9.4,,item_1114,,5.7,9.4,9.4,-71.20307080516667,90.00307080516669
45.8,78.0,78.0,,item_1115,,45.8,78.0,78.0,-2.6030708051666807,158.60307080516668
33.7,31.2,31.2,,item_1116,,33.7,31.2,31.2,-49.40307080516668,111.80307080516668
5.3,7.1,7.1,,item_1117,,5.3,7.1,7.1,-73.50307080516669,87.70307080516667
15.7,19.9,19.9,,item_1118,,15.7,19.9,19.9,-60.70307080516668,100.50307080516669
57.8,57.2,57.2,,item_1119,,57.8,57.2,57.2,-23.403070805166678,137.80307080516667
19.1,4.3,4.3,,item_1120,,19.1,4.3,4.3,-76.30307080516668,84.90307080516668
46.4,48.5,48.5,,item_1121,,46.4,48.5,48.5,-32.10307080516668,129.10307080516668
8.8,8.9,8.9,,item_1122,,8.8,8.9,8.9,-71.70307080516667,89.50307080516669
55.9,27.1,27.1,,item_1123,,55.9,27.1,27.1,-53.50307080516668,107.70307080516667
3.3,0.1,0.1,,item_1124,,3.3,0.1,0.1,-80.50307080516669,80.70307080516667
34.5,6.5,6.5,,item_1125,,34.5,6.5,6.5,-74.10307080516668,87.10307080516668
5.8,26.4,26.4,,item_1126,,5.8,26.4,26.4,-54.20307080516668,107.00307080516669
173.2,51.0,51.0,,item_1127,,173.2,51.0,51.0,-29.60307080516668,131.60307080516668
6.3,60.8,60.8,,item_1128,,6.3,60.8,60.8,-19.803070805166683,141.4030708051667
35.8,48.0,48.0,,item_1129,,35.8,48.0,48.0,-32.60307080516668,128.60307080516668
37.7,39.4,39.4,,item_1130,,37.7,39.4,39.4,-41.20307080516668,120.00307080516669
54.4,68.6,68.6,,item_1131,,54.4,68.6,68.6,-12.003070805166686,149.20307080516667
11.9,17.3,17.3,,item_1132,,11.9,17.3,17.3,-63.30307080516668,97.90307080516668
10.7,8.1,8.1,,item_1133,,10.7,8.1,8.1,-72.50307080516669,88.70307080516667
29.1,28.1,28.1,,item_1134,,29.1,28.1,28.1,-52.50307080516668,108.70307080516667
24.5,18.7,18.7,,item_1135,,24.5,18.7,18.7,-61.90307080516668,99.30307080516668
46.9,80.1,80.1,,item_1136,,46.9,80.1,80.1,-0.5030708051666863,160.70307080516667
3.0,0.5,0.5,,item_1137,,3.0,0.5,0.5,-80.10307080516668,81.10307080516668
32.2,25.3,25.3,,item_1138,,32.2,25.3,25.3,-55.30307080516668,105.90307080516668
69.2,52.3,52.3,,item_1139,,69.2,52.3,52.3,-28.303070805166683,132.9030708051667
80.5,158.2,158.2,,item_1140,,80.5,158.2,158.2,77.59692919483331,238.80307080516667
14.7,9.8,9.8,,item_1141,,14.7,9.8,9.8,-70.80307080516668,90.40307080516668
10.8,10.8,10.8,,item_1142,,10.8,10.8,10.8,-69.80307080516668,91.40307080516668
0.8,0.1,0.1,,item_1143,,0.8,0.1,0.1,-80.50307080516669,80.70307080516667
69.2,29.0,29.0,,item_1144,,69.2,29.0,29.0,-51.60307080516668,109.60307080516668
1.7,0.3,0.3,,item_1145,,1.7,0.3,0.3,-80.30307080516668,80.90307080516668
12.7,10.7,10.7,,item_1146,,12.7,10.7,10.7,-69.90307080516668,91.30307080516668
15.7,5.3,5.3,,item_1147,,15.7,5.3,5.3,-75.30307080516668,85.90307080516668
0.2,0.3,0.3,,item_1148,,0.2,0.3,0.3,-80.30307080516668,80.90307080516668
159.4,78.7,78.7,,item_1149,,159.4,78.7,78.7,-1.9030708051666778,159.30307080516667
139.3,62.8,62.8,,item_1150,,139.3,62.8,62.8,-17.803070805166683,143.4030708051667
66.7,26.2,26.2,,item_1151,,66.7,26.2,26.2,-54.40307080516668,106.80307080516668
15.6,8.1,8.1,,item_1152,,15.6,8.1,8.1,-72.50307080516669,88.70307080516667
390.0,9.4,9.4,,item_1153,,390.0,9.4,9.4,-71.20307080516667,90.00307080516669
40.7,60.5,60.5,,item_1154,,40.7,60.5,60.5,-20.10307080516668,141.10307080516668
5.8,4.0,4.0,,item_1155,,5.8,4.0,4.0,-76.60307080516668,84.60307080516668
1.7,0.5,0.5,,item_1156,,1.7,0.5,0.5,-80.10307080516668,81.10307080516668
8.5,2.5,2.5,,item_1157,,8.5,2.5,2.5,-78.10307080516668,83.10307080516668
0.8,0.1,0.1,,item_1158,,0.8,0.1,0.1,-80.50307080516669,80.70307080516667
36.8,11.5,11.5,,item_1159,,36.8,11.5,11.5,-69.10307080516668,92.10307080516668
5.6,3.4,3.4,,item_1160,,5.6,3.4,3.4,-77.20307080516667,84.00307080516669
36.0,13.7,13.7,,item_1161,,36.0,13.7,13.7,-66.90307080516668,94.30307080516668
14.4,2.1,2.1,,item_1162,,14.4,2.1,2.1,-78.50307080516669,82.70307080516667
11.0,8.6,8.6,,item_1163,,11.0,8.6,8.6,-72.00307080516669,89.20307080516667
36.4,14.1,14.1,,item_1164,,36.4,14.1,14.1,-66.50307080516669,94.70307080516667
23.6,15.2,15.2,,item_1165,,23.6,15.2,15.2,-65.40307080516668,95.80307080516668
27.0,70.7,70.7,,item_1166,,27.0,70.7,70.7,-9.903070805166678,151.30307080516667
9.6,2.2,2.2,,item_1167,,9.6,2.2,2.2,-78.40307080516668,82.80307080516668
24.1,10.9,10.9,,item_1168,,24.1,10.9,10.9,-69.70307080516667,91.50307080516669
87.4,102.6,102.6,,item_1169,,87.4,102.6,102.6,21.996929194833314,183.20307080516667
11.4,8.8,8.8,,item_1170,,11.4,8.8,8.8,-71.80307080516668,89.40307080516668
61.3,8.3,8.3,,item_1171,,61.3,8.3,8.3,-72.30307080516668,88.90307080516668
601.0,1.0,1.0,,item_1172,,601.0,1.0,1.0,-79.60307080516668,81.60307080516668
33.6,25.8,25.8,,item_1173,,33.6,25.8,25.8,-54.80307080516668,106.40307080516668
127.1,152.6,152.6,,item_1174,,127.1,152.6,152.6,71.99692919483331,233.20307080516667
5.6,3.5,3.5,,item_1175,,5.6,3.5,3.5,-77.10307080516668,84.10307080516668
38.0,34.1,34.1,,item_1176,,38.0,34.1,34.1,-46.50307080516668,114.70307080516667
10.8,3.2,3.2,,item_1177,,10.8,3.2,3.2,-77.40307080516668,83.80307080516668
45.9,18.4,18.4,,item_1178,,45.9,18.4,18.4,-62.20307080516668,99.00307080516669
24.4,31.2,31.2,,item_1179,,24.4,31.2,31.2,-49.40307080516668,111.80307080516668
49.1,56.7,56.7,,item_1180,,49.1,56.7,56.7,-23.903070805166678,137.30307080516667
45.1,28.8,28.8,,item_1181,,45.1,28.8,28.8,-51.80307080516668,109.40307080516668
136.0,34.4,34.4,,item_1182,,136.0,34.4,34.4,-46.20307080516668,115.00307080516669
43.9,22.0,22.0,,item_1183,,43.9,22.0,22.0,-58.60307080516668,102.60307080516668
177.5,56.2,56.2,,item_1184,,177.5,56.2,56.2,-24.403070805166678,136.80307080516667
9.5,6.4,6.4,,item_1185,,9.5,6.4,6.4,-74.20307080516667,87.00307080516669
0.3,0.1,0.1,,item_1186,,0.3,0.1,0.1,-80.50307080516669,80.70307080516667
19.3,28.3,28.3,,item_1187,,19.3,28.3,28.3,-52.30307080516668,108.90307080516668
0.1,0.9,0.9,,item_1188,,0.1,0.9,0.9,-79.70307080516667,81.50307080516669
200.1,439.6,439.6,,item_1189,,200.1,439.6,439.6,358.99692919483334,520.2030708051667
0.1,0.3,0.3,,item_1190,,0.1,0.3,0.3,-80.30307080516668,80.90307080516668
48.5,73.5,73.5,,item_1191,,48.5,73.5,73.5,-7.103070805166681,154.10307080516668
0.1,0.0,0.0,,item_1192,,0.1,0.0,0.0,-80.60307080516668,80.60307080516668
248.4,283.7,283.7,,item_1193,,248.4,283.7,283.7,203.0969291948333,364.30307080516667
43.9,65.2,65.2,,item_1194,,43.9,65.2,65.2,-15.403070805166678,145.80307080516667
34.5,28.5,28.5,,item_1195,,34.5,28.5,28.5,-52.10307080516668,109.10307080516668
0.3,0.7,0.7,,item_1196,,0.3,0.7,0.7,-79.90307080516668,81.30307080516668
8.8,5.6,5.6,,item_1197,,8.8,5.6,5.6,-75.00307080516669,86.20307080516667
11.0,14.8,14.8,,item_1198,,11.0,14.8,14.8,-65.80307080516668,95.40307080516668
49.4,59.5,59.5,,item_1199,,49.4,59.5,59.5,-21.10307080516668,140.10307080516668
2.1,8.4,8.4,,item_1200,,2.1,8.4,8.4,-72.20307080516667,89.00307080516669
0.1,19.3,19.3,,item_1201,,0.1,19.3,19.3,-61.30307080516668,99.90307080516668
82.1,159.2,159.2,,item_1202,,82.1,159.2,159.2,78.59692919483331,239.80307080516667
0.7,0.0,0.0,,item_1203,,0.7,0.0,0.0,-80.60307080516668,80.60307080516668
2.5,1.4,1.4,,item_1204,,2.5,1.4,1.4,-79.20307080516667,82.00307080516669
0.0,0.1,0.1,,item_1205,,0.0,0.1,0.1,-80.50307080516669,80.70307080516667
0.9,1.1,1.1,,item_1206,,0.9,1.1,1.1,-79.50307080516669,81.70307080516667
0.0,0.0,0.0,,item_1207,,0.0,0.0,0.0,-80.60307080516668,80.60307080516668
3.5,0.8,0.8,,item_1208,,3.5,0.8,0.8,-79.80307080516668,81.40307080516668
0.6,0.1,0.1,,item_1209,,0.6,0.1,0.1,-80.50307080516669,80.70307080516667
39.3,50.5,50.5,,item_1210,,39.3,50.5,50.5,-30.10307080516668,131.10307080516668
1.3,1.2,1.2,,item_1211,,1.3,1.2,1.2,-79.40307080516668,81.80307080516668
70.6,62.0,62.0,,item_1212,,70.6,62.0,62.0,-18.60307080516668,142.60307080516668
5.9,9.7,9.7,,item_1213,,5.9,9.7,9.7,-70.90307080516668,90.30307080516668
9.2,3.8,3.8,,item_1214,,9.2,3.8,3.8,-76.80307080516668,84.40307080516668
49.3,43.5,43.5,,item_1215,,49.3,43.5,43.5,-37.10307080516668,124.10307080516668
0.3,5.1,5.1,,item_1216,,0.3,5.1,5.1,-75.50307080516669,85.70307080516667
5.1,4.2,4.2,,item_1217,,5.1,4.2,4.2,-76.40307080516668,84.80307080516668
13.8,4.0,4.0,,item_1218,,13.8,4.0,4.0,-76.60307080516668,84.60307080516668
0.1,0.0,0.0,,item_1219,,0.1,0.0,0.0,-80.60307080516668,80.60307080516668
1725.7,1664.1,1664.1,,item_1220,,1725.7,1664.1,1664.1,1583.4969291948332,1744.7030708051666
2.9,5.2,5.2,,item_1221,,2.9,5.2,5.2,-75.40307080516668,85.80307080516668
198.5,190.3,190.3,,item_1222,,198.5,190.3,190.3,109.69692919483333,270.9030708051667
32.7,35.6,35.6,,item_1223,,32.7,35.6,35.6,-45.00307080516668,116.20307080516667
10.0,14.9,14.9,,item_1224,,10.0,14.9,14.9,-65.70307080516667,95.50307080516669
59.1,58.6,58.6,,item_1225,,59.1,58.6,58.6,-22.00307080516668,139.20307080516667
4.2,15.6,15.6,,item_1226,,4.2,15.6,15.6,-65.00307080516669,96.20307080516667
66.6,82.7,82.7,,item_1227,,66.6,82.7,82.7,2.096929194833322,163.30307080516667
0.1,1.0,1.0,,item_1228,,0.1,1.0,1.0,-79.60307080516668,81.60307080516668
0.0,0.0,0.0,,item_1229,,0.0,0.0,0.0,-80.60307080516668,80.60307080516668
278.4,221.0,221.0,,item_1230,,278.4,221.0,221.0,140.39692919483332,301.6030708051667
80.9,217.8,217.8,,item_1231,,80.9,217.8,217.8,137.19692919483333,298.4030708051667
46.4,56.0,56.0,,item_1232,,46.4,56.0,56.0,-24.60307080516668,136.60307080516668
42.9,22.2,22.2,,item_1233,,42.9,22.2,22.2,-58.40307080516668,102.80307080516668
34.8,37.6,37.6,,item_1234,,34.8,37.6,37.6,-43.00307080516668,118.20307080516667
90.6,98.3,98.3,,item_1235,,90.6,98.3,98.3,17.696929194833317,178.9030708051667
1.2,0.2,0.2,,item_1236,,1.2,0.2,0.2,-80.40307080516668,80.80307080516668
59.6,17.8,17.8,,item_1237,,59.6,17.8,17.8,-62.80307080516668,98.40307080516668
0.0,0.0,0.0,,item_1238,,0.0,0.0,0.0,-80.60307080516668,80.60307080516668
6.7,3.8,3.8,,item_1239,,6.7,3.8,3.8,-76.80307080516668,84.40307080516668
0.4,3.4,3.4,,item_1240,,0.4,3.4,3.4,-77.20307080516667,84.00307080516669
52.0,54.2,54.2,,item_1241,,52.0,54.2,54.2,-26.403070805166678,134.80307080516667
3696.0,6302.9,6302.9,,item_1242,,3696.0,6302.9,6302.9,6222.296929194833,6383.503070805166
4.3,28.1,28.1,,item_1243,,4.3,28.1,28.1,-52.50307080516668,108.70307080516667
0.0,0.0,0.0,,item_1244,,0.0,0.0,0.0,-80.60307080516668,80.60307080516668
568.5,463.1,463.1,,item_1245,,568.5,463.1,463.1,382.49692919483334,543.7030708051667
35.3,27.4,27.4,,item_1246,,35.3,27.4,27.4,-53.20307080516668,108.00307080516669
37.4,28.2,28.2,,item_1247,,37.4,28.2,28.2,-52.40307080516668,108.80307080516668
0.9,0.9,0.9,,item_1248,,0.9,0.9,0.9,-79.70307080516667,81.50307080516669
1.7,0.1,0.1,,item_1249,,1.7,0.1,0.1,-80.50307080516669,80.70307080516667
5.5,3.3,3.3,,item_1250,,5.5,3.3,3.3,-77.30307080516668,83.90307080516668
13.4,3.5,3.5,,item_1251,,13.4,3.5,3.5,-77.10307080516668,84.10307080516668
0.0,0.0,0.0,,item_1252,,0.0,0.0,0.0,-80.60307080516668,80.60307080516668
39.8,19.0,19.0,,item_1253,,39.8,19.0,19.0,-61.60307080516668,99.60307080516668
97.8,136.0,136.0,,item_1254,,97.8,136.0,136.0,55.39692919483332,216.60307080516668
15.8,31.1,31.1,,item_1255,,15.8,31.1,31.1,-49.50307080516668,111.70307080516667
116.8,162.8,162.8,,item_1256,,116.8,162.8,162.8,82.19692919483333,243.4030708051667
6.3,3.8,3.8,,item_1257,,6.3,3.8,3.8,-76.80307080516668,84.40307080516668
0.1,0.0,0.0,,item_1258,,0.1,0.0,0.0,-80.60307080516668,80.60307080516668
24.5,30.1,30.1,,item_1259,,24.5,30.1,30.1,-50.50307080516668,110.70307080516667
0.1,0.0,0.0,,item_1260,,0.1,0.0,0.0,-80.60307080516668,80.60307080516668
82.4,114.1,114.1,,item_1261,,82.4,114.1,114.1,33.496929194833314,194.70307080516667
0.3,1.0,1.0,,item_1262,,0.3,1.0,1.0,-79.60307080516668,81.60307080516668
0.3,0.1,0.1,,item_1263,,0.3,0.1,0.1,-80.50307080516669,80.70307080516667
26.4,46.8,46.8,,item_1264,,26.4,46.8,46.8,-33.80307080516668,127.40307080516668
2.6,5.2,5.2,,item_1265,,2.6,5.2,5.2,-75.40307080516668,85.80307080516668
15.8,32.0,32.0,,item_1266,,15.8,32.0,32.0,-48.60307080516668,112.60307080516668
16.1,15.5,15.5,,item_1267,,16.1,15.5,15.5,-65.10307080516668,96.10307080516668
3.1,0.7,0.7,,item_1268,,3.1,0.7,0.7,-79.90307080516668,81.30307080516668
0.1,0.3,0.3,,item_1269,,0.1,0.3,0.3,-80.30307080516668,80.90307080516668
66.6,73.0,73.0,,item_1270,,66.6,73.0,73.0,-7.603070805166681,153.60307080516668
247.1,435.2,435.2,,item_1271,,247.1,435.2,435.2,354.5969291948333,515.8030708051667
9.8,11.2,11.2,,item_1272,,9.8,11.2,11.2,-69.40307080516668,91.80307080516668
1.1,0.6,0.6,,item_1273,,1.1,0.6,0.6,-80.00307080516669,81.20307080516667
4.3,16.2,16.2,,item_1274,,4.3,16.2,16.2,-64.40307080516668,96.80307080516668
62.4,67.9,67.9,,item_1275,,62.4,67.9,67.9,-12.703070805166675,148.5030708051667
41.7,38.9,38.9,,item_1276,,41.7,38.9,38.9,-41.70307080516668,119.50307080516669
2.7,1.8,1.8,,item_1277,,2.7,1.8,1.8,-78.80307080516668,82.40307080516668
0.6,0.3,0.3,,item_1278,,0.6,0.3,0.3,-80.30307080516668,80.90307080516668
84.0,54.6,54.6,,item_1279,,84.0,54.6,54.6,-26.00307080516668,135.20307080516667
37.2,27.5,27.5,,item_1280,,37.2,27.5,27.5,-53.10307080516668,108.10307080516668
22.0,15.2,15.2,,item_1281,,22.0,15.2,15.2,-65.40307080516668,95.80307080516668
8.0,4.8,4.8,,item_1282,,8.0,4.8,4.8,-75.80307080516668,85.40307080516668
0.1,0.1,0.1,,item_1283,,0.1,0.1,0.1,-80.50307080516669,80.70307080516667
0.3,0.3,0.3,,item_1284,,0.3,0.3,0.3,-80.30307080516668,80.90307080516668
3.1,1.2,1.2,,item_1285,,3.1,1.2,1.2,-79.40307080516668,81.80307080516668
1.9,0.0,0.0,,item_1286,,1.9,0.0,0.0,-80.60307080516668,80.60307080516668
0.0,0.0,0.0,,item_1287,,0.0,0.0,0.0,-80.60307080516668,80.60307080516668
57.5,137.3,137.3,,item_1288,,57.5,137.3,137.3,56.69692919483333,217.9030708051667
0.7,0.2,0.2,,item_1289,,0.7,0.2,0.2,-80.40307080516668,80.80307080516668
29.9,8.2,8.2,,item_1290,,29.9,8.2,8.2,-72.40307080516668,88.80307080516668
36.4,17.5,17.5,,item_1291,,36.4,17.5,17.5,-63.10307080516668,98.10307080516668
25.7,30.4,30.4,,item_1292,,25.7,30.4,30.4,-50.20307080516668,111.00307080516669
4.4,99.4,99.4,,item_1293,,4.4,99.4,99.4,18.796929194833325,180.0030708051667
66.6,90.6,90.6,,item_1294,,66.6,90.6,90.6,9.996929194833314,171.20307080516667
73.1,114.1,114.1,,item_1295,,73.1,114.1,114.1,33.496929194833314,194.70307080516667
66.5,90.4,90.4,,item_1296,,66.5,90.4,90.4,9.796929194833325,171.0030708051667
12.2,42.0,42.0,,item_1297,,12.2,42.0,42.0,-38.60307080516668,122.60307080516668
20.7,11.5,11.5,,item_1298,,20.7,11.5,11.5,-69.10307080516668,92.10307080516668
12.4,14.5,14.5,,item_1299,,12.4,14.5,14.5,-66.10307080516668,95.10307080516668
12.3,8.1,8.1,,item_1300,,12.3,8.1,8.1,-72.50307080516669,88.70307080516667
17.6,17.0,17.0,,item_1301,,17.6,17.0,17.0,-63.60307080516668,97.60307080516668
189.8,142.2,142.2,,item_1302,,189.8,142.2,142.2,61.59692919483331,222.80307080516667
0.2,0.3,0.3,,item_1303,,0.2,0.3,0.3,-80.30307080516668,80.90307080516668
3.6,1.6,1.6,,item_1304,,3.6,1.6,1.6,-79.00307080516669,82.20307080516667
158.7,53.7,53.7,,item_1305,,158.7,53.7,53.7,-26.903070805166678,134.30307080516667
176.4,197.5,197.5,,item_1306,,176.4,197.5,197.5,116.89692919483332,278.1030708051667
0.0,0.0,0.0,,item_1307,,0.0,0.0,0.0,-80.60307080516668,80.60307080516668
3.7,1.9,1.9,,item_1308,,3.7,1.9,1.9,-78.70307080516667,82.50307080516669
44.4,21.6,21.6,,item_1309,,44.4,21.6,21.6,-59.00307080516668,102.20307080516667
84.3,176.2,176.2,,item_1310,,84.3,176.2,176.2,95.59692919483331,256.80307080516667
95.1,165.6,165.6,,item_1311,,95.1,165.6,165.6,84.99692919483331,246.20307080516667
28.4,27.5,27.5,,item_1312,,28.4,27.5,27.5,-53.10307080516668,108.10307080516668
69.4,117.3,117.3,,item_1313,,69.4,117.3,117.3,36.69692919483332,197.9030708051667
0.0,0.0,0.0,,item_1314,,0.0,0.0,0.0,-80.60307080516668,80.60307080516668
0.1,0.2,0.2,,item_1315,,0.1,0.2,0.2,-80.40307080516668,80.80307080516668
25.8,19.5,19.5,,item_1316,,25.8,19.5,19.5,-61.10307080516668,100.10307080516668
10.7,12.1,12.1,,item_1317,,10.7,12.1,12.1,-68.50307080516669,92.70307080516667
21.6,3.5,3.5,,item_1318,,21.6,3.5,3.5,-77.10307080516668,84.10307080516668
91.7,50.7,50.7,,item_1319,,91.7,50.7,50.7,-29.903070805166678,131.30307080516667
1.8,0.0,0.0,,item_1320,,1.8,0.0,0.0,-80.60307080516668,80.60307080516668
101.4,91.1,91.1,,item_1321,,101.4,91.1,91.1,10.496929194833314,171.70307080516667
39.0,32.1,32.1,,item_1322,,39.0,32.1,32.1,-48.50307080516668,112.70307080516667
47.0,23.0,23.0,,item_1323,,47.0,23.0,23.0,-57.60307080516668,103.60307080516668
2.3,0.2,0.2,,item_1324,,2.3,0.2,0.2,-80.40307080516668,80.80307080516668
13.5,23.4,23.4,,item_1325,,13.5,23.4,23.4,-57.20307080516668,104.00307080516669
11.8,17.3,17.3,,item_1326,,11.8,17.3,17.3,-63.30307080516668,97.90307080516668
142.3,22.0,22.0,,item_1327,,142.3,22.0,22.0,-58.60307080516668,102.60307080516668
0.1,0.0,0.0,,item_1328,,0.1,0.0,0.0,-80.60307080516668,80.60307080516668
61.0,61.7,61.7,,item_1329,,61.0,61.7,61.7,-18.903070805166678,142.30307080516667
82.5,63.5,63.5,,item_1330,,82.5,63.5,63.5,-17.10307080516668,144.10307080516668
3.5,2.7,2.7,,item_1331,,3.5,2.7,2.7,-77.90307080516668,83.30307080516668
0.4,0.1,0.1,,item_1332,,0.4,0.1,0.1,-80.50307080516669,80.70307080516667
4.4,8.9,8.9,,item_1333,,4.4,8.9,8.9,-71.70307080516667,89.50307080516669
0.1,0.0,0.0,,item_1334,,0.1,0.0,0.0,-80.60307080516668,80.60307080516668
72.8,54.8,54.8,,item_1335,,72.8,54.8,54.8,-25.803070805166683,135.4030708051667
21.4,37.7,37.7,,item_1336,,21.4,37.7,37.7,-42.90307080516668,118.30307080516668
41.7,21.8,21.8,,item_1337,,41.7,21.8,21.8,-58.80307080516668,102.40307080516668
33.9,64.6,64.6,,item_1338,,33.9,64.6,64.6,-16.003070805166686,145.20307080516667
24.6,27.0,27.0,,item_1339,,24.6,27.0,27.0,-53.60307080516668,107.60307080516668
215.9,305.5,305.5,,item_1340,,215.9,305.5,305.5,224.89692919483332,386.1030708051667
6.3,8.0,8.0,,item_1341,,6.3,8.0,8.0,-72.60307080516668,88.60307080516668
2.1,0.3,0.3,,item_1342,,2.1,0.3,0.3,-80.30307080516668,80.90307080516668
33.1,15.0,15.0,,item_1343,,33.1,15.0,15.0,-65.60307080516668,95.60307080516668
5.3,9.2,9.2,,item_1344,,5.3,9.2,9.2,-71.40307080516668,89.80307080516668
4.0,6.5,6.5,,item_1345,,4.0,6.5,6.5,-74.10307080516668,87.10307080516668
5.4,10.9,10.9,,item_1346,,5.4,10.9,10.9,-69.70307080516667,91.50307080516669
10.3,6.9,6.9,,item_1347,,10.3,6.9,6.9,-73.70307080516667,87.50307080516669
8.2,13.4,13.4,,item_1348,,8.2,13.4,13.4,-67.20307080516667,94.00307080516669
50.2,19.5,19.5,,item_1349,,50.2,19.5,19.5,-61.10307080516668,100.10307080516668
0.1,0.3,0.3,,item_1350,,0.1,0.3,0.3,-80.30307080516668,80.90307080516668
0.1,0.0,0.0,,item_1351,,0.1,0.0,0.0,-80.60307080516668,80.60307080516668
25.4,29.6,29.6,,item_1352,,25.4,29.6,29.6,-51.00307080516668,110.20307080516667
3.5,0.3,0.3,,item_1353,,3.5,0.3,0.3,-80.30307080516668,80.90307080516668
0.0,0.0,0.0,,item_1354,,0.0,0.0,0.0,-80.60307080516668,80.60307080516668
775.5,932.2,932.2,,item_1355,,775.5,932.2,932.2,851.5969291948334,1012.8030708051667
31.4,68.7,68.7,,item_1356,,31.4,68.7,68.7,-11.903070805166678,149.30307080516667
185.3,283.2,283.2,,item_1357,,185.3,283.2,283.2,202.5969291948333,363.80307080516667
24.4,21.4,21.4,,item_1358,,24.4,21.4,21.4,-59.20307080516668,102.00307080516669
81.7,4.3,4.3,,item_1359,,81.7,4.3,4.3,-76.30307080516668,84.90307080516668
76.8,69.0,69.0,,item_1360,,76.8,69.0,69.0,-11.60307080516668,149.60307080516668
90.0,65.4,65.4,,item_1361,,90.0,65.4,65.4,-15.203070805166675,146.0030708051667
44.0,76.0,76.0,,item_1362,,44.0,76.0,76.0,-4.603070805166681,156.60307080516668
6.8,3.7,3.7,,item_1363,,6.8,3.7,3.7,-76.90307080516668,84.30307080516668
28.3,20.3,20.3,,item_1364,,28.3,20.3,20.3,-60.30307080516668,100.90307080516668
11.4,8.6,8.6,,item_1365,,11.4,8.6,8.6,-72.00307080516669,89.20307080516667
24.4,14.0,14.0,,item_1366,,24.4,14.0,14.0,-66.60307080516668,94.60307080516668
44.9,59.9,59.9,,item_1367,,44.9,59.9,59.9,-20.703070805166682,140.5030708051667
28.7,24.8,24.8,,item_1368,,28.7,24.8,24.8,-55.80307080516668,105.40307080516668
39.8,20.4,20.4,,item_1369,,39.8,20.4,20.4,-60.20307080516668,101.00307080516669
11.5,9.6,9.6,,item_1370,,11.5,9.6,9.6,-71.00307080516669,90.20307080516667
37.9,27.2,27.2,,item_1371,,37.9,27.2,27.2,-53.40307080516668,107.80307080516668
45.5,41.0,41.0,,item_1372,,45.5,41.0,41.0,-39.60307080516668,121.60307080516668
44.6,51.1,51.1,,item_1373,,44.6,51.1,51.1,-29.50307080516668,131.70307080516667
0.3,0.3,0.3,,item_1374,,0.3,0.3,0.3,-80.30307080516668,80.90307080516668
157.9,123.0,123.0,,item_1375,,157.9,123.0,123.0,42.39692919483332,203.60307080516668
138.5,109.6,109.6,,item_1376,,138.5,109.6,109.6,28.996929194833314,190.20307080516667
4.6,3.0,3.0,,item_1377,,4.6,3.0,3.0,-77.60307080516668,83.60307080516668
44.9,38.9,38.9,,item_1378,,44.9,38.9,38.9,-41.70307080516668,119.50307080516669
14.0,13.7,13.7,,item_1379,,14.0,13.7,13.7,-66.90307080516668,94.30307080516668
13.1,0.3,0.3,,item_1380,,13.1,0.3,0.3,-80.30307080516668,80.90307080516668
43.6,46.5,46.5,,item_1381,,43.6,46.5,46.5,-34.10307080516668,127.10307080516668
10.9,19.7,19.7,,item_1382,,10.9,19.7,19.7,-60.90307080516668,100.30307080516668
47.7,42.7,42.7,,item_1383,,47.7,42.7,42.7,-37.90307080516668,123.30307080516668
43.9,55.3,55.3,,item_1384,,43.9,55.3,55.3,-25.303070805166683,135.9030708051667
33.5,34.3,34.3,,item_1385,,33.5,34.3,34.3,-46.30307080516668,114.90307080516668
651.1,762.9,762.9,,item_1386,,651.1,762.9,762.9,682.2969291948333,843.5030708051667
37.9,1.0,1.0,,item_1387,,37.9,1.0,1.0,-79.60307080516668,81.60307080516668
12.2,48.6,48.6,,item_1388,,12.2,48.6,48.6,-32.00307080516668,129.20307080516667
24.3,27.8,27.8,,item_1389,,24.3,27.8,27.8,-52.80307080516668,108.40307080516668
0.0,0.0,0.0,,item_1390,,0.0,0.0,0.0,-80.60307080516668,80.60307080516668
9.6,9.0,9.0,,item_1391,,9.6,9.0,9.0,-71.60307080516668,89.60307080516668
50.3,37.1,37.1,,item_1392,,50.3,37.1,37.1,-43.50307080516668,117.70307080516667
87.5,108.8,108.8,,item_1393,,87.5,108.8,108.8,28.196929194833317,189.4030708051667
2830.3,2215.4,2215.4,,item_1394,,2830.3,2215.4,2215.4,2134.7969291948334,2296.0030708051668
9.8,10.6,10.6,,item_1395,,9.8,10.6,10.6,-70.00307080516669,91.20307080516667
5.1,0.8,0.8,,item_1396,,5.1,0.8,0.8,-79.80307080516668,81.40307080516668
160.1,129.7,129.7,,item_1397,,160.1,129.7,129.7,49.09692919483331,210.30307080516667
75.7,185.0,185.0,,item_1398,,75.7,185.0,185.0,104.39692919483332,265.6030708051667
0.6,0.2,0.2,,item_1399,,0.6,0.2,0.2,-80.40307080516668,80.80307080516668
31.1,22.8,22.8,,item_1400,,31.1,22.8,22.8,-57.80307080516668,103.40307080516668
38.4,21.0,21.0,,item_1401,,38.4,21.0,21.0,-59.60307080516668,101.60307080516668
1.9,0.0,0.0,,item_1402,,1.9,0.0,0.0,-80.60307080516668,80.60307080516668
29.9,19.0,19.0,,item_1403,,29.9,19.0,19.0,-61.60307080516668,99.60307080516668
0.0,0.0,0.0,,item_1404,,0.0,0.0,0.0,-80.60307080516668,80.60307080516668
18.5,19.9,19.9,,item_1405,,18.5,19.9,19.9,-60.70307080516668,100.50307080516669
130.0,157.6,157.6,,item_1406,,130.0,157.6,157.6,76.99692919483331,238.20307080516667
86.9,61.8,61.8,,item_1407,,86.9,61.8,61.8,-18.803070805166683,142.4030708051667
30.9,25.5,25.5,,item_1408,,30.9,25.5,25.5,-55.10307080516668,106.10307080516668
952.9,1117.2,1117.2,,item_1409,,952.9,1117.2,1117.2,1036.5969291948334,1197.8030708051667
0.4,0.1,0.1,,item_1410,,0.4,0.1,0.1,-80.50307080516669,80.70307080516667
32.6,17.0,17.0,,item_1411,,32.6,17.0,17.0,-63.60307080516668,97.60307080516668
27.8,18.2,18.2,,item_1412,,27.8,18.2,18.2,-62.40307080516668,98.80307080516668
14.6,10.2,10.2,,item_1413,,14.6,10.2,10.2,-70.40307080516668,90.80307080516668
15.1,6.5,6.5,,item_1414,,15.1,6.5,6.5,-74.10307080516668,87.10307080516668
9.5,39.9,39.9,,item_1415,,9.5,39.9,39.9,-40.70307080516668,120.50307080516669
357.9,358.7,358.7,,item_1416,,357.9,358.7,358.7,278.0969291948333,439.30307080516667
18.4,11.8,11.8,,item_1417,,18.4,11.8,11.8,-68.80307080516668,92.40307080516668
37.9,63.9,63.9,,item_1418,,37.9,63.9,63.9,-16.703070805166682,144.5030708051667
1.1,0.1,0.1,,item_1419,,1.1,0.1,0.1,-80.50307080516669,80.70307080516667
2.7,0.0,0.0,,item_1420,,2.7,0.0,0.0,-80.60307080516668,80.60307080516668
58.5,88.7,88.7,,item_1421,,58.5,88.7,88.7,8.096929194833322,169.30307080516667
14.9,4.6,4.6,,item_1422,,14.9,4.6,4.6,-76.00307080516669,85.20307080516667
8.6,0.5,0.5,,item_1423,,8.6,0.5,0.5,-80.10307080516668,81.10307080516668
1.5,2.1,2.1,,item_1424,,1.5,2.1,2.1,-78.50307080516669,82.70307080516667
64.6,62.5,62.5,,item_1425,,64.6,62.5,62.5,-18.10307080516668,143.10307080516668
1.2,0.9,0.9,,item_1426,,1.2,0.9,0.9,-79.70307080516667,81.50307080516669
30.7,40.1,40.1,,item_1427,,30.7,40.1,40.1,-40.50307080516668,120.70307080516667
0.0,0.0,0.0,,item_1428,,0.0,0.0,0.0,-80.60307080516668,80.60307080516668
100.0,112.0,112.0,,item_1429,,100.0,112.0,112.0,31.39692919483332,192.60307080516668
2.0,0.5,0.5,,item_1430,,2.0,0.5,0.5,-80.10307080516668,81.10307080516668
1.9,0.5,0.5,,item_1431,,1.9,0.5,0.5,-80.10307080516668,81.10307080516668
349.0,297.8,297.8,,item_1432,,349.0,297.8,297.8,217.19692919483333,378.4030708051667
2.3,3.5,3.5,,item_1433,,2.3,3.5,3.5,-77.10307080516668,84.10307080516668
20.0,118.2,118.2,,item_1434,,20.0,118.2,118.2,37.59692919483332,198.80307080516667
0.0,0.0,0.0,,item_1435,,0.0,0.0,0.0,-80.60307080516668,80.60307080516668
164.2,195.3,195.3,,item_1436,,164.2,195.3,195.3,114.69692919483333,275.9030708051667
1.3,1.7,1.7,,item_1437,,1.3,1.7,1.7,-78.90307080516668,82.30307080516668
57.3,75.8,75.8,,item_1438,,57.3,75.8,75.8,-4.8030708051666835,156.4030708051667
27.0,29.6,29.6,,item_1439,,27.0,29.6,29.6,-51.00307080516668,110.20307080516667
84.5,59.8,59.8,,item_1440,,84.5,59.8,59.8,-20.803070805166683,140.4030708051667
18.0,38.9,38.9,,item_1441,,18.0,38.9,38.9,-41.70307080516668,119.50307080516669
17.2,3.4,3.4,,item_1442,,17.2,3.4,3.4,-77.20307080516667,84.00307080516669
54.1,24.2,24.2,,item_1443,,54.1,24.2,24.2,-56.40307080516668,104.80307080516668
0.8,0.0,0.0,,item_1444,,0.8,0.0,0.0,-80.60307080516668,80.60307080516668
0.1,0.0,0.0,,item_1445,,0.1,0.0,0.0,-80.60307080516668,80.60307080516668
33.5,16.4,16.4,,item_1446,,33.5,16.4,16.4,-64.20307080516667,97.00307080516669
110.6,50.7,50.7,,item_1447,,110.6,50.7,50.7,-29.903070805166678,131.30307080516667
9.1,2.6,2.6,,item_1448,,9.1,2.6,2.6,-78.00307080516669,83.20307080516667
5.9,0.5,0.5,,item_1449,,5.9,0.5,0.5,-80.10307080516668,81.10307080516668
37.2,24.7,24.7,,item_1450,,37.2,24.7,24.7,-55.90307080516668,105.30307080516668
0.3,0.0,0.0,,item_1451,,0.3,0.0,0.0,-80.60307080516668,80.60307080516668
19.7,10.0,10.0,,item_1452,,19.7,10.0,10.0,-70.60307080516668,90.60307080516668
0.4,0.0,0.0,,item_1453,,0.4,0.0,0.0,-80.60307080516668,80.60307080516668
49.8,25.4,25.4,,item_1454,,49.8,25.4,25.4,-55.20307080516668,106.00307080516669
11.0,2.5,2.5,,item_1455,,11.0,2.5,2.5,-78.10307080516668,83.10307080516668
10.5,6.4,6.4,,item_1456,,10.5,6.4,6.4,-74.20307080516667,87.00307080516669
16.8,4.7,4.7,,item_1457,,16.8,4.7,4.7,-75.90307080516668,85.30307080516668
71.0,5.4,5.4,,item_1458,,71.0,5.4,5.4,-75.20307080516667,86.00307080516669
158.3,19.7,19.7,,item_1459,,158.3,19.7,19.7,-60.90307080516668,100.30307080516668
61.6,40.9,40.9,,item_1460,,61.6,40.9,40.9,-39.70307080516668,121.50307080516669
93.7,50.9,50.9,,item_1461,,93.7,50.9,50.9,-29.703070805166682,131.5030708051667
203.1,286.8,286.8,,item_1462,,203.1,286.8,286.8,206.19692919483333,367.4030708051667
77.0,70.3,70.3,,item_1463,,77.0,70.3,70.3,-10.303070805166683,150.9030708051667
8.6,1.5,1.5,,item_1464,,8.6,1.5,1.5,-79.10307080516668,82.10307080516668
0.9,0.1,0.1,,item_1465,,0.9,0.1,0.1,-80.50307080516669,80.70307080516667
27.0,9.3,9.3,,item_1466,,27.0,9.3,9.3,-71.30307080516668,89.90307080516668
70.0,40.2,40.2,,item_1467,,70.0,40.2,40.2,-40.40307080516668,120.80307080516668
19.2,6.8,6.8,,item_1468,,19.2,6.8,6.8,-73.80307080516668,87.40307080516668
152.8,115.9,115.9,,item_1469,,152.8,115.9,115.9,35.296929194833325,196.5030708051667
19.2,6.8,6.8,,item_1470,,19.2,6.8,6.8,-73.80307080516668,87.40307080516668
17.7,12.0,12.0,,item_1471,,17.7,12.0,12.0,-68.60307080516668,92.60307080516668
28.6,13.6,13.6,,item_1472,,28.6,13.6,13.6,-67.00307080516669,94.20307080516667
82.9,38.7,38.7,,item_1473,,82.9,38.7,38.7,-41.90307080516668,119.30307080516668
8.9,3.2,3.2,,item_1474,,8.9,3.2,3.2,-77.40307080516668,83.80307080516668
15.3,4.6,4.6,,item_1475,,15.3,4.6,4.6,-76.00307080516669,85.20307080516667
0.0,0.1,0.1,,item_1476,,0.0,0.1,0.1,-80.50307080516669,80.70307080516667
14.7,3.2,3.2,,item_1477,,14.7,3.2,3.2,-77.40307080516668,83.80307080516668
1.4,1.3,1.3,,item_1478,,1.4,1.3,1.3,-79.30307080516668,81.90307080516668
34.1,33.3,33.3,,item_1479,,34.1,33.3,33.3,-47.30307080516668,113.90307080516668
42.6,59.3,59.3,,item_1480,,42.6,59.3,59.3,-21.303070805166683,139.9030708051667
3.7,5.9,5.9,,item_1481,,3.7,5.9,5.9,-74.70307080516667,86.50307080516669
46.1,50.4,50.4,,item_1482,,46.1,50.4,50.4,-30.203070805166682,131.0030708051667
50.3,12.0,12.0,,item_1483,,50.3,12.0,12.0,-68.60307080516668,92.60307080516668
54.5,107.5,107.5,,item_1484,,54.5,107.5,107.5,26.89692919483332,188.10307080516668
56.0,130.7,130.7,,item_1485,,56.0,130.7,130.7,50.09692919483331,211.30307080516667
27.6,27.6,27.6,,item_1486,,27.6,27.6,27.6,-53.00307080516668,108.20307080516667
5.0,1.0,1.0,,item_1487,,5.0,1.0,1.0,-79.60307080516668,81.60307080516668
51.3,111.9,111.9,,item_1488,,51.3,111.9,111.9,31.296929194833325,192.5030708051667
0.0,0.0,0.0,,item_1489,,0.0,0.0,0.0,-80.60307080516668,80.60307080516668
10.5,8.7,8.7,,item_1490,,10.5,8.7,8.7,-71.90307080516668,89.30307080516668
0.1,0.0,0.0,,item_1491,,0.1,0.0,0.0,-80.60307080516668,80.60307080516668
21.9,18.1,18.1,,item_1492,,21.9,18.1,18.1,-62.50307080516668,98.70307080516667
0.0,0.0,0.0,,item_1493,,0.0,0.0,0.0,-80.60307080516668,80.60307080516668
19.8,17.0,17.0,,item_1494,,19.8,17.0,17.0,-63.60307080516668,97.60307080516668
418.6,270.3,270.3,,item_1495,,418.6,270.3,270.3,189.69692919483333,350.9030708051667
37.5,48.2,48.2,,item_1496,,37.5,48.2,48.2,-32.40307080516668,128.80307080516667
24.1,16.0,16.0,,item_1497,,24.1,16.0,16.0,-64.60307080516668,96.60307080516668
48.7,40.8,40.8,,item_1498,,48.7,40.8,40.8,-39.80307080516668,121.40307080516668
11.7,11.2,11.2,,item_1499,,11.7,11.2,11.2,-69.40307080516668,91.80307080516668
27.3,31.3,31.3,,item_1500,,27.3,31.3,31.3,-49.30307080516668,111.90307080516668
21.4,29.6,29.6,,item_1501,,21.4,29.6,29.6,-51.00307080516668,110.20307080516667
0.4,0.0,0.0,,item_1502,,0.4,0.0,0.0,-80.60307080516668,80.60307080516668
9.4,5.2,5.2,,item_1503,,9.4,5.2,5.2,-75.40307080516668,85.80307080516668
10.7,13.9,13.9,,item_1504,,10.7,13.9,13.9,-66.70307080516667,94.50307080516669
0.0,0.0,0.0,,item_1505,,0.0,0.0,0.0,-80.60307080516668,80.60307080516668
282.1,229.9,229.9,,item_1506,,282.1,229.9,229.9,149.29692919483333,310.50307080516666
34.3,41.5,41.5,,item_1507,,34.3,41.5,41.5,-39.10307080516668,122.10307080516668
21.0,31.3,31.3,,item_1508,,21.0,31.3,31.3,-49.30307080516668,111.90307080516668
21.2,23.1,23.1,,item_1509,,21.2,23.1,23.1,-57.50307080516668,103.70307080516667
24.2,24.4,24.4,,item_1510,,24.2,24.4,24.4,-56.20307080516668,105.00307080516669
55.5,65.7,65.7,,item_1511,,55.5,65.7,65.7,-14.903070805166678,146.30307080516667
0.0,0.0,0.0,,item_1512,,0.0,0.0,0.0,-80.60307080516668,80.60307080516668
12.6,0.1,0.1,,item_1513,,12.6,0.1,0.1,-80.50307080516669,80.70307080516667
45.8,36.2,36.2,,item_1514,,45.8,36.2,36.2,-44.40307080516668,116.80307080516668
79.8,79.8,79.8,,item_1515,,79.8,79.8,79.8,-0.8030708051666835,160.4030708051667
22.4,20.2,20.2,,item_1516,,22.4,20.2,20.2,-60.40307080516668,100.80307080516668
5.2,3.9,3.9,,item_1517,,5.2,3.9,3.9,-76.70307080516667,84.50307080516669
8.8,8.2,8.2,,item_1518,,8.8,8.2,8.2,-72.40307080516668,88.80307080516668
5.9,3.8,3.8,,item_1519,,5.9,3.8,3.8,-76.80307080516668,84.40307080516668
4.0,1.6,1.6,,item_1520,,4.0,1.6,1.6,-79.00307080516669,82.20307080516667
63.3,37.3,37.3,,item_1521,,63.3,37.3,37.3,-43.30307080516668,117.90307080516668
44.0,46.8,46.8,,item_1522,,44.0,46.8,46.8,-33.80307080516668,127.40307080516668
75.9,76.9,76.9,,item_1523,,75.9,76.9,76.9,-3.703070805166675,157.5030708051667
12.9,16.9,16.9,,item_1524,,12.9,16.9,16.9,-63.70307080516668,97.50307080516669
47.0,40.4,40.4,,item_1525,,47.0,40.4,40.4,-40.20307080516668,121.00307080516669
29.0,4.3,4.3,,item_1526,,29.0,4.3,4.3,-76.30307080516668,84.90307080516668
0.0,0.0,0.0,,item_1527,,0.0,0.0,0.0,-80.60307080516668,80.60307080516668
20.9,11.3,11.3,,item_1528,,20.9,11.3,11.3,-69.30307080516668,91.90307080516668
0.1,0.0,0.0,,item_1529,,0.1,0.0,0.0,-80.60307080516668,80.60307080516668
9.5,0.6,0.6,,item_1530,,9.5,0.6,0.6,-80.00307080516669,81.20307080516667
38.5,18.9,18.9,,item_1531,,38.5,18.9,18.9,-61.70307080516668,99.50307080516669
74.1,40.8,40.8,,item_1532,,74.1,40.8,40.8,-39.80307080516668,121.40307080516668
34.8,14.0,14.0,,item_1533,,34.8,14.0,14.0,-66.60307080516668,94.60307080516668
25.0,1.4,1.4,,item_1534,,25.0,1.4,1.4,-79.20307080516667,82.00307080516669
14.2,10.9,10.9,,item_1535,,14.2,10.9,10.9,-69.70307080516667,91.50307080516669
2.5,1.9,1.9,,item_1536,,2.5,1.9,1.9,-78.70307080516667,82.50307080516669
7.5,2.5,2.5,,item_1537,,7.5,2.5,2.5,-78.10307080516668,83.10307080516668
289.0,366.8,366.8,,item_1538,,289.0,366.8,366.8,286.19692919483333,447.4030708051667
79.2,118.2,118.2,,item_1539,,79.2,118.2,118.2,37.59692919483332,198.80307080516667
246.3,59.3,59.3,,item_1540,,246.3,59.3,59.3,-21.303070805166683,139.9030708051667
110.6,113.8,113.8,,item_1541,,110.6,113.8,113.8,33.19692919483332,194.4030708051667
2.5,1.6,1.6,,item_1542,,2.5,1.6,1.6,-79.00307080516669,82.20307080516667
27.6,19.2,19.2,,item_1543,,27.6,19.2,19.2,-61.40307080516668,99.80307080516668
104.0,14.0,14.0,,item_1544,,104.0,14.0,14.0,-66.60307080516668,94.60307080516668
181.8,92.5,92.5,,item_1545,,181.8,92.5,92.5,11.89692919483332,173.10307080516668
118.5,145.4,145.4,,item_1546,,118.5,145.4,145.4,64.79692919483333,226.0030708051667
1.2,0.1,0.1,,item_1547,,1.2,0.1,0.1,-80.50307080516669,80.70307080516667
25.0,19.5,19.5,,item_1548,,25.0,19.5,19.5,-61.10307080516668,100.10307080516668
14.2,13.8,13.8,,item_1549,,14.2,13.8,13.8,-66.80307080516668,94.40307080516668
1.4,0.2,0.2,,item_1550,,1.4,0.2,0.2,-80.40307080516668,80.80307080516668
37.6,19.8,19.8,,item_1551,,37.6,19.8,19.8,-60.80307080516668,100.40307080516668
0.2,0.2,0.2,,item_1552,,0.2,0.2,0.2,-80.40307080516668,80.80307080516668
5.3,3.9,3.9,,item_1553,,5.3,3.9,3.9,-76.70307080516667,84.50307080516669
21.7,14.9,14.9,,item_1554,,21.7,14.9,14.9,-65.70307080516667,95.50307080516669
37.3,19.1,19.1,,item_1555,,37.3,19.1,19.1,-61.50307080516668,99.70307080516667
185.6,89.8,89.8,,item_1556,,185.6,89.8,89.8,9.196929194833317,170.4030708051667
6.7,4.1,4.1,,item_1557,,6.7,4.1,4.1,-76.50307080516669,84.70307080516667
81.3,95.8,95.8,,item_1558,,81.3,95.8,95.8,15.196929194833317,176.4030708051667
740.5,635.5,635.5,,item_1559,,740.5,635.5,635.5,554.8969291948333,716.1030708051667
1.6,0.5,0.5,,item_1560,,1.6,0.5,0.5,-80.10307080516668,81.10307080516668
0.0,0.0,0.0,,item_1561,,0.0,0.0,0.0,-80.60307080516668,80.60307080516668
387.2,126.5,126.5,,item_1562,,387.2,126.5,126.5,45.89692919483332,207.10307080516668
5.4,2.9,2.9,,item_1563,,5.4,2.9,2.9,-77.70307080516667,83.50307080516669
8.4,5.1,5.1,,item_1564,,8.4,5.1,5.1,-75.50307080516669,85.70307080516667
39.4,17.3,17.3,,item_1565,,39.4,17.3,17.3,-63.30307080516668,97.90307080516668
0.0,0.0,0.0,,item_1566,,0.0,0.0,0.0,-80.60307080516668,80.60307080516668
9.7,6.8,6.8,,item_1567,,9.7,6.8,6.8,-73.80307080516668,87.40307080516668
107.0,79.3,79.3,,item_1568,,107.0,79.3,79.3,-1.3030708051666835,159.9030708051667
13.1,9.7,9.7,,item_1569,,13.1,9.7,9.7,-70.90307080516668,90.30307080516668
22.0,16.4,16.4,,item_1570,,22.0,16.4,16.4,-64.20307080516667,97.00307080516669
68.1,9.9,9.9,,item_1571,,68.1,9.9,9.9,-70.70307080516667,90.50307080516669
83.7,96.7,96.7,,item_1572,,83.7,96.7,96.7,16.096929194833322,177.30307080516667
4.0,0.4,0.4,,item_1573,,4.0,0.4,0.4,-80.20307080516667,81.00307080516669
0.4,0.2,0.2,,item_1574,,0.4,0.2,0.2,-80.40307080516668,80.80307080516668
0.7,0.2,0.2,,item_1575,,0.7,0.2,0.2,-80.40307080516668,80.80307080516668
20.6,21.6,21.6,,item_1576,,20.6,21.6,21.6,-59.00307080516668,102.20307080516667
1.4,101.1,101.1,,item_1577,,1.4,101.1,101.1,20.496929194833314,181.70307080516667
0.4,0.1,0.1,,item_1578,,0.4,0.1,0.1,-80.50307080516669,80.70307080516667
69.2,46.9,46.9,,item_1579,,69.2,46.9,46.9,-33.70307080516668,127.50307080516669
146.5,122.0,122.0,,item_1580,,146.5,122.0,122.0,41.39692919483332,202.60307080516668
4.4,0.7,0.7,,item_1581,,4.4,0.7,0.7,-79.90307080516668,81.30307080516668
2.0,0.8,0.8,,item_1582,,2.0,0.8,0.8,-79.80307080516668,81.40307080516668
11.0,6.0,6.0,,item_1583,,11.0,6.0,6.0,-74.60307080516668,86.60307080516668
7.1,8.7,8.7,,item_1584,,7.1,8.7,8.7,-71.90307080516668,89.30307080516668
38.1,44.7,44.7,,item_1585,,38.1,44.7,44.7,-35.90307080516668,125.30307080516668
0.3,0.1,0.1,,item_1586,,0.3,0.1,0.1,-80.50307080516669,80.70307080516667
0.0,0.0,0.0,,item_1587,,0.0,0.0,0.0,-80.60307080516668,80.60307080516668
0.1,0.5,0.5,,item_1588,,0.1,0.5,0.5,-80.10307080516668,81.10307080516668
10.8,13.1,13.1,,item_1589,,10.8,13.1,13.1,-67.50307080516669,93.70307080516667
0.8,0.1,0.1,,item_1590,,0.8,0.1,0.1,-80.50307080516669,80.70307080516667
11.3,6.1,6.1,,item_1591,,11.3,6.1,6.1,-74.50307080516669,86.70307080516667
13.8,10.1,10.1,,item_1592,,13.8,10.1,10.1,-70.50307080516669,90.70307080516667
2.4,0.5,0.5,,item_1593,,2.4,0.5,0.5,-80.10307080516668,81.10307080516668
6.2,2.2,2.2,,item_1594,,6.2,2.2,2.2,-78.40307080516668,82.80307080516668
0.7,1.0,1.0,,item_1595,,0.7,1.0,1.0,-79.60307080516668,81.60307080516668
1.9,0.5,0.5,,item_1596,,1.9,0.5,0.5,-80.10307080516668,81.10307080516668
0.1,0.0,0.0,,item_1597,,0.1,0.0,0.0,-80.60307080516668,80.60307080516668
0.1,0.1,0.1,,item_1598,,0.1,0.1,0.1,-80.50307080516669,80.70307080516667
77.5,167.0,167.0,,item_1599,,77.5,167.0,167.0,86.39692919483332,247.60307080516668
0.0,0.0,0.0,,item_1600,,0.0,0.0,0.0,-80.60307080516668,80.60307080516668
1.2,0.2,0.2,,item_1601,,1.2,0.2,0.2,-80.40307080516668,80.80307080516668
2.4,1.6,1.6,,item_1602,,2.4,1.6,1.6,-79.00307080516669,82.20307080516667
21.2,18.9,18.9,,item_1603,,21.2,18.9,18.9,-61.70307080516668,99.50307080516669
3.0,5.6,5.6,,item_1604,,3.0,5.6,5.6,-75.00307080516669,86.20307080516667
0.6,0.3,0.3,,item_1605,,0.6,0.3,0.3,-80.30307080516668,80.90307080516668
75.2,25.1,25.1,,item_1606,,75.2,25.1,25.1,-55.50307080516668,105.70307080516667
0.8,1.5,1.5,,item_1607,,0.8,1.5,1.5,-79.10307080516668,82.10307080516668
16.7,15.6,15.6,,item_1608,,16.7,15.6,15.6,-65.00307080516669,96.20307080516667
6407.2,4608.0,4608.0,,item_1609,,6407.2,4608.0,4608.0,4527.396929194833,4688.603070805167
0.5,0.7,0.7,,item_1610,,0.5,0.7,0.7,-79.90307080516668,81.30307080516668
35.6,19.1,19.1,,item_1611,,35.6,19.1,19.1,-61.50307080516668,99.70307080516667
0.1,0.0,0.0,,item_1612,,0.1,0.0,0.0,-80.60307080516668,80.60307080516668
3.1,0.3,0.3,,item_1613,,3.1,0.3,0.3,-80.30307080516668,80.90307080516668
0.0,0.0,0.0,,item_1614,,0.0,0.0,0.0,-80.60307080516668,80.60307080516668
17.2,15.3,15.3,,item_1615,,17.2,15.3,15.3,-65.30307080516668,95.90307080516668
17.3,11.3,11.3,,item_1616,,17.3,11.3,11.3,-69.30307080516668,91.90307080516668
1.6,0.2,0.2,,item_1617,,1.6,0.2,0.2,-80.40307080516668,80.80307080516668
34.3,37.4,37.4,,item_1618,,34.3,37.4,37.4,-43.20307080516668,118.00307080516669
0.9,0.5,0.5,,item_1619,,0.9,0.5,0.5,-80.10307080516668,81.10307080516668
0.0,0.0,0.0,,item_1620,,0.0,0.0,0.0,-80.60307080516668,80.60307080516668
0.5,0.2,0.2,,item_1621,,0.5,0.2,0.2,-80.40307080516668,80.80307080516668
44.1,77.2,77.2,,item_1622,,44.1,77.2,77.2,-3.403070805166678,157.80307080516667
203.8,433.6,433.6,,item_1623,,203.8,433.6,433.6,352.99692919483334,514.2030708051667
5.2,1.1,1.1,,item_1624,,5.2,1.1,1.1,-79.50307080516669,81.70307080516667
0.0,0.0,0.0,,item_1625,,0.0,0.0,0.0,-80.60307080516668,80.60307080516668
0.8,0.1,0.1,,item_1626,,0.8,0.1,0.1,-80.50307080516669,80.70307080516667
25.1,59.3,59.3,,item_1627,,25.1,59.3,59.3,-21.303070805166683,139.9030708051667
0.7,0.1,0.1,,item_1628,,0.7,0.1,0.1,-80.50307080516669,80.70307080516667
52.9,61.3,61.3,,item_1629,,52.9,61.3,61.3,-19.303070805166683,141.9030708051667
48.2,53.6,53.6,,item_1630,,48.2,53.6,53.6,-27.00307080516668,134.20307080516667
16.3,19.3,19.3,,item_1631,,16.3,19.3,19.3,-61.30307080516668,99.90307080516668
117.9,269.2,269.2,,item_1632,,117.9,269.2,269.2,188.5969291948333,349.80307080516667
24.8,27.9,27.9,,item_1633,,24.8,27.9,27.9,-52.70307080516668,108.50307080516669
140.0,184.7,184.7,,item_1634,,140.0,184.7,184.7,104.09692919483331,265.30307080516667
22.5,22.3,22.3,,item_1635,,22.5,22.3,22.3,-58.30307080516668,102.90307080516668
29.4,7.7,7.7,,item_1636,,29.4,7.7,7.7,-72.90307080516668,88.30307080516668
11.5,36.1,36.1,,item_1637,,11.5,36.1,36.1,-44.50307080516668,116.70307080516667
50.9,50.8,50.8,,item_1638,,50.9,50.8,50.8,-29.803070805166683,131.4030708051667
0.4,10.1,10.1,,item_1639,,0.4,10.1,10.1,-70.50307080516669,90.70307080516667
86.3,64.3,64.3,,item_1640,,86.3,64.3,64.3,-16.303070805166683,144.9030708051667
45.0,28.6,28.6,,item_1641,,45.0,28.6,28.6,-52.00307080516668,109.20307080516667
13.2,0.9,0.9,,item_1642,,13.2,0.9,0.9,-79.70307080516667,81.50307080516669
0.2,0.9,0.9,,item_1643,,0.2,0.9,0.9,-79.70307080516667,81.50307080516669
36.4,25.9,25.9,,item_1644,,36.4,25.9,25.9,-54.70307080516668,106.50307080516669
332.4,276.6,276.6,,item_1645,,332.4,276.6,276.6,195.99692919483334,357.2030708051667
100.3,119.6,119.6,,item_1646,,100.3,119.6,119.6,38.996929194833314,200.20307080516667
37.2,50.8,50.8,,item_1647,,37.2,50.8,50.8,-29.803070805166683,131.4030708051667
0.0,0.0,0.0,,item_1648,,0.0,0.0,0.0,-80.60307080516668,80.60307080516668
30.6,19.9,19.9,,item_1649,,30.6,19.9,19.9,-60.70307080516668,100.50307080516669
0.0,0.0,0.0,,item_1650,,0.0,0.0,0.0,-80.60307080516668,80.60307080516668
1.0,0.6,0.6,,item_1651,,1.0,0.6,0.6,-80.00307080516669,81.20307080516667
0.2,0.0,0.0,,item_1652,,0.2,0.0,0.0,-80.60307080516668,80.60307080516668
2.9,1.2,1.2,,item_1653,,2.9,1.2,1.2,-79.40307080516668,81.80307080516668
14.9,15.0,15.0,,item_1654,,14.9,15.0,15.0,-65.60307080516668,95.60307080516668
3.1,1.6,1.6,,item_1655,,3.1,1.6,1.6,-79.00307080516669,82.20307080516667
3.3,0.4,0.4,,item_1656,,3.3,0.4,0.4,-80.20307080516667,81.00307080516669
0.1,0.0,0.0,,item_1657,,0.1,0.0,0.0,-80.60307080516668,80.60307080516668
11.9,1.5,1.5,,item_1658,,11.9,1.5,1.5,-79.10307080516668,82.10307080516668
67.7,61.8,61.8,,item_1659,,67.7,61.8,61.8,-18.803070805166683,142.4030708051667
4.7,1.5,1.5,,item_1660,,4.7,1.5,1.5,-79.10307080516668,82.10307080516668
0.1,0.2,0.2,,item_1661,,0.1,0.2,0.2,-80.40307080516668,80.80307080516668
9.5,18.1,18.1,,item_1662,,9.5,18.1,18.1,-62.50307080516668,98.70307080516667
6.3,3.9,3.9,,item_1663,,6.3,3.9,3.9,-76.70307080516667,84.50307080516669
41.5,37.6,37.6,,item_1664,,41.5,37.6,37.6,-43.00307080516668,118.20307080516667
173.7,162.1,162.1,,item_1665,,173.7,162.1,162.1,81.49692919483331,242.70307080516667
0.3,0.1,0.1,,item_1666,,0.3,0.1,0.1,-80.50307080516669,80.70307080516667
0.5,0.1,0.1,,item_1667,,0.5,0.1,0.1,-80.50307080516669,80.70307080516667
28.4,29.1,29.1,,item_1668,,28.4,29.1,29.1,-51.50307080516668,109.70307080516667
15.5,6.7,6.7,,item_1669,,15.5,6.7,6.7,-73.90307080516668,87.30307080516668
0.1,0.3,0.3,,item_1670,,0.1,0.3,0.3,-80.30307080516668,80.90307080516668
0.1,0.0,0.0,,item_1671,,0.1,0.0,0.0,-80.60307080516668,80.60307080516668
88.4,86.6,86.6,,item_1672,,88.4,86.6,86.6,5.996929194833314,167.20307080516667
1.1,0.2,0.2,,item_1673,,1.1,0.2,0.2,-80.40307080516668,80.80307080516668
2.1,0.2,0.2,,item_1674,,2.1,0.2,0.2,-80.40307080516668,80.80307080516668
21.7,13.4,13.4,,item_1675,,21.7,13.4,13.4,-67.20307080516667,94.00307080516669
35.0,19.7,19.7,,item_1676,,35.0,19.7,19.7,-60.90307080516668,100.30307080516668
100.7,71.7,71.7,,item_1677,,100.7,71.7,71.7,-8.903070805166678,152.30307080516667
43.0,23.0,23.0,,item_1678,,43.0,23.0,23.0,-57.60307080516668,103.60307080516668
53.7,25.4,25.4,,item_1679,,53.7,25.4,25.4,-55.20307080516668,106.00307080516669
86.5,76.0,76.0,,item_1680,,86.5,76.0,76.0,-4.603070805166681,156.60307080516668
53.9,11.2,11.2,,item_1681,,53.9,11.2,11.2,-69.40307080516668,91.80307080516668
412.5,541.6,541.6,,item_1682,,412.5,541.6,541.6,460.99692919483334,622.2030708051667
389.6,490.5,490.5,,item_1683,,389.6,490.5,490.5,409.8969291948333,571.1030708051667
9.2,5.3,5.3,,item_1684,,9.2,5.3,5.3,-75.30307080516668,85.90307080516668
0.2,0.0,0.0,,item_1685,,0.2,0.0,0.0,-80.60307080516668,80.60307080516668
71.7,36.1,36.1,,item_1686,,71.7,36.1,36.1,-44.50307080516668,116.70307080516667
17.1,9.8,9.8,,item_1687,,17.1,9.8,9.8,-70.80307080516668,90.40307080516668
7.9,6.1,6.1,,item_1688,,7.9,6.1,6.1,-74.50307080516669,86.70307080516667
2.4,6.7,6.7,,item_1689,,2.4,6.7,6.7,-73.90307080516668,87.30307080516668
9.7,11.7,11.7,,item_1690,,9.7,11.7,11.7,-68.90307080516668,92.30307080516668
17.2,17.6,17.6,,item_1691,,17.2,17.6,17.6,-63.00307080516668,98.20307080516667
20.9,11.4,11.4,,item_1692,,20.9,11.4,11.4,-69.20307080516667,92.00307080516669
26.3,10.3,10.3,,item_1693,,26.3,10.3,10.3,-70.30307080516668,90.90307080516668
10.9,12.2,12.2,,item_1694,,10.9,12.2,12.2,-68.40307080516668,92.80307080516668
0.0,0.1,0.1,,item_1695,,0.0,0.1,0.1,-80.50307080516669,80.70307080516667
23.1,16.3,16.3,,item_1696,,23.1,16.3,16.3,-64.30307080516668,96.90307080516668
0.0,0.0,0.0,,item_1697,,0.0,0.0,0.0,-80.60307080516668,80.60307080516668
40.0,38.9,38.9,,item_1698,,40.0,38.9,38.9,-41.70307080516668,119.50307080516669
26.0,2.6,2.6,,item_1699,,26.0,2.6,2.6,-78.00307080516669,83.20307080516667
5.9,2.6,2.6,,item_1700,,5.9,2.6,2.6,-78.00307080516669,83.20307080516667
8.7,5.6,5.6,,item_1701,,8.7,5.6,5.6,-75.00307080516669,86.20307080516667
0.3,0.0,0.0,,item_1702,,0.3,0.0,0.0,-80.60307080516668,80.60307080516668
47.6,36.7,36.7,,item_1703,,47.6,36.7,36.7,-43.90307080516668,117.30307080516668
30.1,29.8,29.8,,item_1704,,30.1,29.8,29.8,-50.80307080516668,110.40307080516668
0.0,0.0,0.0,,item_1705,,0.0,0.0,0.0,-80.60307080516668,80.60307080516668
73.6,63.6,63.6,,item_1706,,73.6,63.6,63.6,-17.00307080516668,144.20307080516667
6.0,0.2,0.2,,item_1707,,6.0,0.2,0.2,-80.40307080516668,80.80307080516668
9.8,15.0,15.0,,item_1708,,9.8,15.0,15.0,-65.60307080516668,95.60307080516668
13.5,11.3,11.3,,item_1709,,13.5,11.3,11.3,-69.30307080516668,91.90307080516668
20.0,59.7,59.7,,item_1710,,20.0,59.7,59.7,-20.903070805166678,140.30307080516667
0.0,0.0,0.0,,item_1711,,0.0,0.0,0.0,-80.60307080516668,80.60307080516668
20.4,20.1,20.1,,item_1712,,20.4,20.1,20.1,-60.50307080516668,100.70307080516667
15.5,12.6,12.6,,item_1713,,15.5,12.6,12.6,-68.00307080516669,93.20307080516667
0.0,0.8,0.8,,item_1714,,0.0,0.8,0.8,-79.80307080516668,81.40307080516668
41.5,29.5,29.5,,item_1715,,41.5,29.5,29.5,-51.10307080516668,110.10307080516668
32.6,45.0,45.0,,item_1716,,32.6,45.0,45.0,-35.60307080516668,125.60307080516668
20.9,74.8,74.8,,item_1717,,20.9,74.8,74.8,-5.8030708051666835,155.4030708051667
0.0,0.2,0.2,,item_1718,,0.0,0.2,0.2,-80.40307080516668,80.80307080516668
13.3,10.2,10.2,,item_1719,,13.3,10.2,10.2,-70.40307080516668,90.80307080516668
5.4,5.0,5.0,,item_1720,,5.4,5.0,5.0,-75.60307080516668,85.60307080516668
138.4,122.4,122.4,,item_1721,,138.4,122.4,122.4,41.796929194833325,203.0030708051667
10.2,12.2,12.2,,item_1722,,10.2,12.2,12.2,-68.40307080516668,92.80307080516668
20.6,32.8,32.8,,item_1723,,20.6,32.8,32.8,-47.80307080516668,113.40307080516668
62.7,88.6,88.6,,item_1724,,62.7,88.6,88.6,7.996929194833314,169.20307080516667
24.4,22.2,22.2,,item_1725,,24.4,22.2,22.2,-58.40307080516668,102.80307080516668
14.8,17.9,17.9,,item_1726,,14.8,17.9,17.9,-62.70307080516668,98.50307080516669
0.1,0.0,0.0,,item_1727,,0.1,0.0,0.0,-80.60307080516668,80.60307080516668
14.3,27.5,27.5,,item_1728,,14.3,27.5,27.5,-53.10307080516668,108.10307080516668
111.8,212.0,212.0,,item_1729,,111.8,212.0,212.0,131.39692919483332,292.6030708051667
2.6,1.5,1.5,,item_1730,,2.6,1.5,1.5,-79.10307080516668,82.10307080516668
20.4,30.0,30.0,,item_1731,,20.4,30.0,30.0,-50.60307080516668,110.60307080516668
10.5,7.9,7.9,,item_1732,,10.5,7.9,7.9,-72.70307080516667,88.50307080516669
103.0,103.1,103.1,,item_1733,,103.0,103.1,103.1,22.496929194833314,183.70307080516667
23.5,22.4,22.4,,item_1734,,23.5,22.4,22.4,-58.20307080516668,103.00307080516669
13.4,23.9,23.9,,item_1735,,13.4,23.9,23.9,-56.70307080516668,104.50307080516669
61.9,82.5,82.5,,item_1736,,61.9,82.5,82.5,1.8969291948333193,163.10307080516668
13.5,7.3,7.3,,item_1737,,13.5,7.3,7.3,-73.30307080516668,87.90307080516668
3.3,0.3,0.3,,item_1738,,3.3,0.3,0.3,-80.30307080516668,80.90307080516668
133.8,194.9,194.9,,item_1739,,133.8,194.9,194.9,114.29692919483333,275.50307080516666
84.0,87.7,87.7,,item_1740,,84.0,87.7,87.7,7.096929194833322,168.30307080516667
34.3,35.0,35.0,,item_1741,,34.3,35.0,35.0,-45.60307080516668,115.60307080516668
35.4,45.8,45.8,,item_1742,,35.4,45.8,45.8,-34.80307080516668,126.40307080516668
87.0,86.6,86.6,,item_1743,,87.0,86.6,86.6,5.996929194833314,167.20307080516667
7.7,6.2,6.2,,item_1744,,7.7,6.2,6.2,-74.40307080516668,86.80307080516668
2.5,1.5,1.5,,item_1745,,2.5,1.5,1.5,-79.10307080516668,82.10307080516668
43.0,720.9,720.9,,item_1746,,43.0,720.9,720.9,640.2969291948333,801.5030708051667
1.0,0.2,0.2,,item_1747,,1.0,0.2,0.2,-80.40307080516668,80.80307080516668
36.2,34.6,34.6,,item_1748,,36.2,34.6,34.6,-46.00307080516668,115.20307080516667
79.7,72.3,72.3,,item_1749,,79.7,72.3,72.3,-8.303070805166683,152.9030708051667
113.5,72.0,72.0,,item_1750,,113.5,72.0,72.0,-8.60307080516668,152.60307080516668
6.4,4.3,4.3,,item_1751,,6.4,4.3,4.3,-76.30307080516668,84.90307080516668
0.4,0.6,0.6,,item_1752,,0.4,0.6,0.6,-80.00307080516669,81.20307080516667
34.7,27.9,27.9,,item_1753,,34.7,27.9,27.9,-52.70307080516668,108.50307080516669
13.4,8.6,8.6,,item_1754,,13.4,8.6,8.6,-72.00307080516669,89.20307080516667
0.1,0.0,0.0,,item_1755,,0.1,0.0,0.0,-80.60307080516668,80.60307080516668
37.6,35.2,35.2,,item_1756,,37.6,35.2,35.2,-45.40307080516668,115.80307080516668
31.0,15.8,15.8,,item_1757,,31.0,15.8,15.8,-64.80307080516668,96.40307080516668
5.1,4.4,4.4,,item_1758,,5.1,4.4,4.4,-76.20307080516667,85.00307080516669
6.2,0.9,0.9,,item_1759,,6.2,0.9,0.9,-79.70307080516667,81.50307080516669
39.0,34.7,34.7,,item_1760,,39.0,34.7,34.7,-45.90307080516668,115.30307080516668
2.9,0.2,0.2,,item_1761,,2.9,0.2,0.2,-80.40307080516668,80.80307080516668
18.6,17.8,17.8,,item_1762,,18.6,17.8,17.8,-62.80307080516668,98.40307080516668
3.6,8.3,8.3,,item_1763,,3.6,8.3,8.3,-72.30307080516668,88.90307080516668
0.0,0.0,0.0,,item_1764,,0.0,0.0,0.0,-80.60307080516668,80.60307080516668
20.6,16.6,16.6,,item_1765,,20.6,16.6,16.6,-64.00307080516669,97.20307080516667
842.9,512.6,512.6,,item_1766,,842.9,512.6,512.6,431.99692919483334,593.2030708051667
37.0,34.3,34.3,,item_1767,,37.0,34.3,34.3,-46.30307080516668,114.90307080516668
8.6,8.3,8.3,,item_1768,,8.6,8.3,8.3,-72.30307080516668,88.90307080516668
182.8,164.4,164.4,,item_1769,,182.8,164.4,164.4,83.79692919483333,245.0030708051667
26.8,21.5,21.5,,item_1770,,26.8,21.5,21.5,-59.10307080516668,102.10307080516668
2.7,1.3,1.3,,item_1771,,2.7,1.3,1.3,-79.30307080516668,81.90307080516668
2.2,0.2,0.2,,item_1772,,2.2,0.2,0.2,-80.40307080516668,80.80307080516668
0.1,0.1,0.1,,item_1773,,0.1,0.1,0.1,-80.50307080516669,80.70307080516667
47.3,50.3,50.3,,item_1774,,47.3,50.3,50.3,-30.303070805166683,130.9030708051667
0.0,0.1,0.1,,item_1775,,0.0,0.1,0.1,-80.50307080516669,80.70307080516667
43.2,23.6,23.6,,item_1776,,43.2,23.6,23.6,-57.00307080516668,104.20307080516667
41.6,38.5,38.5,,item_1777,,41.6,38.5,38.5,-42.10307080516668,119.10307080516668
39.0,4.9,4.9,,item_1778,,39.0,4.9,4.9,-75.70307080516667,85.50307080516669
31.3,30.1,30.1,,item_1779,,31.3,30.1,30.1,-50.50307080516668,110.70307080516667
47.2,24.5,24.5,,item_1780,,47.2,24.5,24.5,-56.10307080516668,105.10307080516668
9.1,6.7,6.7,,item_1781,,9.1,6.7,6.7,-73.90307080516668,87.30307080516668
1.4,0.7,0.7,,item_1782,,1.4,0.7,0.7,-79.90307080516668,81.30307080516668
13.7,15.3,15.3,,item_1783,,13.7,15.3,15.3,-65.30307080516668,95.90307080516668
14.1,13.2,13.2,,item_1784,,14.1,13.2,13.2,-67.40307080516668,93.80307080516668
16.5,5.7,5.7,,item_1785,,16.5,5.7,5.7,-74.90307080516668,86.30307080516668
0.1,0.0,0.0,,item_1786,,0.1,0.0,0.0,-80.60307080516668,80.60307080516668
323.4,199.6,199.6,,item_1787,,323.4,199.6,199.6,118.99692919483331,280.2030708051667
30.6,39.6,39.6,,item_1788,,30.6,39.6,39.6,-41.00307080516668,120.20307080516667
6.6,0.5,0.5,,item_1789,,6.6,0.5,0.5,-80.10307080516668,81.10307080516668
285.6,354.7,354.7,,item_1790,,285.6,354.7,354.7,274.0969291948333,435.30307080516667
3.3,2.2,2.2,,item_1791,,3.3,2.2,2.2,-78.40307080516668,82.80307080516668
65.9,59.7,59.7,,item_1792,,65.9,59.7,59.7,-20.903070805166678,140.30307080516667
0.0,0.1,0.1,,item_1793,,0.0,0.1,0.1,-80.50307080516669,80.70307080516667
17.1,2.3,2.3,,item_1794,,17.1,2.3,2.3,-78.30307080516668,82.90307080516668
68.4,0.8,0.8,,item_1795,,68.4,0.8,0.8,-79.80307080516668,81.40307080516668
3.5,0.9,0.9,,item_1796,,3.5,0.9,0.9,-79.70307080516667,81.50307080516669
0.5,0.3,0.3,,item_1797,,0.5,0.3,0.3,-80.30307080516668,80.90307080516668
62.6,55.9,55.9,,item_1798,,62.6,55.9,55.9,-24.703070805166682,136.5030708051667
24.1,31.2,31.2,,item_1799,,24.1,31.2,31.2,-49.40307080516668,111.80307080516668
62.2,58.3,58.3,,item_1800,,62.2,58.3,58.3,-22.303070805166683,138.9030708051667
0.4,0.0,0.0,,item_1801,,0.4,0.0,0.0,-80.60307080516668,80.60307080516668
104.6,65.4,65.4,,item_1802,,104.6,65.4,65.4,-15.203070805166675,146.0030708051667
53.1,49.1,49.1,,item_1803,,53.1,49.1,49.1,-31.50307080516668,129.70307080516667
279.5,185.4,185.4,,item_1804,,279.5,185.4,185.4,104.79692919483333,266.00307080516666
29.6,15.8,15.8,,item_1805,,29.6,15.8,15.8,-64.80307080516668,96.40307080516668
12.0,9.5,9.5,,item_1806,,12.0,9.5,9.5,-71.10307080516668,90.10307080516668
49.2,37.1,37.1,,item_1807,,49.2,37.1,37.1,-43.50307080516668,117.70307080516667
1.2,0.0,0.0,,item_1808,,1.2,0.0,0.0,-80.60307080516668,80.60307080516668
0.1,0.0,0.0,,item_1809,,0.1,0.0,0.0,-80.60307080516668,80.60307080516668
112.8,80.4,80.4,,item_1810,,112.8,80.4,80.4,-0.20307080516667497,161.0030708051667
131.0,107.0,107.0,,item_1811,,131.0,107.0,107.0,26.39692919483332,187.60307080516668
1.1,0.4,0.4,,item_1812,,1.1,0.4,0.4,-80.20307080516667,81.00307080516669
32.4,31.4,31.4,,item_1813,,32.4,31.4,31.4,-49.20307080516668,112.00307080516669
69.2,74.9,74.9,,item_1814,,69.2,74.9,74.9,-5.703070805166675,155.5030708051667
9.1,2.3,2.3,,item_1815,,9.1,2.3,2.3,-78.30307080516668,82.90307080516668
6.3,4.1,4.1,,item_1816,,6.3,4.1,4.1,-76.50307080516669,84.70307080516667
12.2,7.3,7.3,,item_1817,,12.2,7.3,7.3,-73.30307080516668,87.90307080516668
47.5,50.9,50.9,,item_1818,,47.5,50.9,50.9,-29.703070805166682,131.5030708051667
0.0,0.1,0.1,,item_1819,,0.0,0.1,0.1,-80.50307080516669,80.70307080516667
0.2,0.4,0.4,,item_1820,,0.2,0.4,0.4,-80.20307080516667,81.00307080516669
74.1,75.9,75.9,,item_1821,,74.1,75.9,75.9,-4.703070805166675,156.5030708051667
6.8,6.4,6.4,,item_1822,,6.8,6.4,6.4,-74.20307080516667,87.00307080516669
4.7,0.9,0.9,,item_1823,,4.7,0.9,0.9,-79.70307080516667,81.50307080516669
5.1,5.0,5.0,,item_1824,,5.1,5.0,5.0,-75.60307080516668,85.60307080516668
133.1,209.0,209.0,,item_1825,,133.1,209.0,209.0,128.39692919483332,289.6030708051667
1.8,1.9,1.9,,item_1826,,1.8,1.9,1.9,-78.70307080516667,82.50307080516669
61.8,39.0,39.0,,item_1827,,61.8,39.0,39.0,-41.60307080516668,119.60307080516668
14.9,1.1,1.1,,item_1828,,14.9,1.1,1.1,-79.50307080516669,81.70307080516667
11.1,11.7,11.7,,item_1829,,11.1,11.7,11.7,-68.90307080516668,92.30307080516668
1.4,0.1,0.1,,item_1830,,1.4,0.1,0.1,-80.50307080516669,80.70307080516667
4.7,2.2,2.2,,item_1831,,4.7,2.2,2.2,-78.40307080516668,82.80307080516668
19.1,14.1,14.1,,item_1832,,19.1,14.1,14.1,-66.50307080516669,94.70307080516667
76.1,38.5,38.5,,item_1833,,76.1,38.5,38.5,-42.10307080516668,119.10307080516668
303.0,167.7,167.7,,item_1834,,303.0,167.7,167.7,87.09692919483331,248.30307080516667
0.1,0.1,0.1,,item_1835,,0.1,0.1,0.1,-80.50307080516669,80.70307080516667
23.3,28.4,28.4,,item_1836,,23.3,28.4,28.4,-52.20307080516668,109.00307080516669
285.4,224.0,224.0,,item_1837,,285.4,224.0,224.0,143.39692919483332,304.6030708051667
39.0,20.7,20.7,,item_1838,,39.0,20.7,20.7,-59.90307080516668,101.30307080516668
129.3,89.8,89.8,,item_1839,,129.3,89.8,89.8,9.196929194833317,170.4030708051667
88.8,152.7,152.7,,item_1840,,88.8,152.7,152.7,72.09692919483331,233.30307080516667
8.6,3.7,3.7,,item_1841,,8.6,3.7,3.7,-76.90307080516668,84.30307080516668
196.0,120.2,120.2,,item_1842,,196.0,120.2,120.2,39.59692919483332,200.80307080516667
36.4,38.1,38.1,,item_1843,,36.4,38.1,38.1,-42.50307080516668,118.70307080516667
7.1,3.2,3.2,,item_1844,,7.1,3.2,3.2,-77.40307080516668,83.80307080516668
15.5,24.0,24.0,,item_1845,,15.5,24.0,24.0,-56.60307080516668,104.60307080516668
2.6,0.1,0.1,,item_1846,,2.6,0.1,0.1,-80.50307080516669,80.70307080516667
1.8,0.9,0.9,,item_1847,,1.8,0.9,0.9,-79.70307080516667,81.50307080516669
102.4,77.2,77.2,,item_1848,,102.4,77.2,77.2,-3.403070805166678,157.80307080516667
87.2,52.6,52.6,,item_1849,,87.2,52.6,52.6,-28.00307080516668,133.20307080516667
32.5,44.9,44.9,,item_1850,,32.5,44.9,44.9,-35.70307080516668,125.50307080516669
110.1,55.6,55.6,,item_1851,,110.1,55.6,55.6,-25.00307080516668,136.20307080516667
0.1,0.0,0.0,,item_1852,,0.1,0.0,0.0,-80.60307080516668,80.60307080516668
72.7,31.4,31.4,,item_1853,,72.7,31.4,31.4,-49.20307080516668,112.00307080516669
27.5,0.2,0.2,,item_1854,,27.5,0.2,0.2,-80.40307080516668,80.80307080516668
95.6,32.8,32.8,,item_1855,,95.6,32.8,32.8,-47.80307080516668,113.40307080516668
1.2,0.2,0.2,,item_1856,,1.2,0.2,0.2,-80.40307080516668,80.80307080516668
73.2,42.7,42.7,,item_1857,,73.2,42.7,42.7,-37.90307080516668,123.30307080516668
0.0,0.1,0.1,,item_1858,,0.0,0.1,0.1,-80.50307080516669,80.70307080516667
30.9,27.7,27.7,,item_1859,,30.9,27.7,27.7,-52.90307080516668,108.30307080516668
1.5,4.5,4.5,,item_1860,,1.5,4.5,4.5,-76.10307080516668,85.10307080516668
20.6,9.2,9.2,,item_1861,,20.6,9.2,9.2,-71.40307080516668,89.80307080516668
8.4,7.7,7.7,,item_1862,,8.4,7.7,7.7,-72.90307080516668,88.30307080516668
4.2,4.6,4.6,,item_1863,,4.2,4.6,4.6,-76.00307080516669,85.20307080516667
14.5,19.7,19.7,,item_1864,,14.5,19.7,19.7,-60.90307080516668,100.30307080516668
108.8,83.0,83.0,,item_1865,,108.8,83.0,83.0,2.3969291948333193,163.60307080516668
57.7,22.2,22.2,,item_1866,,57.7,22.2,22.2,-58.40307080516668,102.80307080516668
22.1,14.1,14.1,,item_1867,,22.1,14.1,14.1,-66.50307080516669,94.70307080516667
0.0,0.0,0.0,,item_1868,,0.0,0.0,0.0,-80.60307080516668,80.60307080516668
15.6,18.7,18.7,,item_1869,,15.6,18.7,18.7,-61.90307080516668,99.30307080516668
15.9,8.3,8.3,,item_1870,,15.9,8.3,8.3,-72.30307080516668,88.90307080516668
9.8,16.5,16.5,,item_1871,,9.8,16.5,16.5,-64.10307080516668,97.10307080516668
51.6,9.2,9.2,,item_1872,,51.6,9.2,9.2,-71.40307080516668,89.80307080516668
0.0,0.0,0.0,,item_1873,,0.0,0.0,0.0,-80.60307080516668,80.60307080516668
16.8,14.1,14.1,,item_1874,,16.8,14.1,14.1,-66.50307080516669,94.70307080516667
0.0,0.0,0.0,,item_1875,,0.0,0.0,0.0,-80.60307080516668,80.60307080516668
12.9,6.5,6.5,,item_1876,,12.9,6.5,6.5,-74.10307080516668,87.10307080516668
7.4,1.5,1.5,,item_1877,,7.4,1.5,1.5,-79.10307080516668,82.10307080516668
19.9,18.1,18.1,,item_1878,,19.9,18.1,18.1,-62.50307080516668,98.70307080516667
2.6,0.4,0.4,,item_1879,,2.6,0.4,0.4,-80.20307080516667,81.00307080516669
5.2,0.9,0.9,,item_1880,,5.2,0.9,0.9,-79.70307080516667,81.50307080516669
67.1,32.3,32.3,,item_1881,,67.1,32.3,32.3,-48.30307080516668,112.90307080516668
1.1,0.2,0.2,,item_1882,,1.1,0.2,0.2,-80.40307080516668,80.80307080516668
1.9,1.1,1.1,,item_1883,,1.9,1.1,1.1,-79.50307080516669,81.70307080516667
13.8,6.7,6.7,,item_1884,,13.8,6.7,6.7,-73.90307080516668,87.30307080516668
0.5,0.1,0.1,,item_1885,,0.5,0.1,0.1,-80.50307080516669,80.70307080516667
2.7,2.7,2.7,,item_1886,,2.7,2.7,2.7,-77.90307080516668,83.30307080516668
0.4,0.3,0.3,,item_1887,,0.4,0.3,0.3,-80.30307080516668,80.90307080516668
4.4,2.6,2.6,,item_1888,,4.4,2.6,2.6,-78.00307080516669,83.20307080516667
49.3,46.6,46.6,,item_1889,,49.3,46.6,46.6,-34.00307080516668,127.20307080516667
203.7,323.1,323.1,,item_1890,,203.7,323.1,323.1,242.49692919483334,403.7030708051667
1.6,1.8,1.8,,item_1891,,1.6,1.8,1.8,-78.80307080516668,82.40307080516668
54.8,45.7,45.7,,item_1892,,54.8,45.7,45.7,-34.90307080516668,126.30307080516668
4.1,0.9,0.9,,item_1893,,4.1,0.9,0.9,-79.70307080516667,81.50307080516669
287.9,459.4,459.4,,item_1894,,287.9,459.4,459.4,378.7969291948333,540.0030708051667
21.1,33.1,33.1,,item_1895,,21.1,33.1,33.1,-47.50307080516668,113.70307080516667
115.3,54.9,54.9,,item_1896,,115.3,54.9,54.9,-25.703070805166682,135.5030708051667
11.5,4.6,4.6,,item_1897,,11.5,4.6,4.6,-76.00307080516669,85.20307080516667
0.0,0.0,0.0,,item_1898,,0.0,0.0,0.0,-80.60307080516668,80.60307080516668
2.4,0.4,0.4,,item_1899,,2.4,0.4,0.4,-80.20307080516667,81.00307080516669
1.4,1.1,1.1,,item_1900,,1.4,1.1,1.1,-79.50307080516669,81.70307080516667
171.5,325.8,325.8,,item_1901,,171.5,325.8,325.8,245.19692919483333,406.4030708051667
0.2,0.6,0.6,,item_1902,,0.2,0.6,0.6,-80.00307080516669,81.20307080516667
51.6,72.0,72.0,,item_1903,,51.6,72.0,72.0,-8.60307080516668,152.60307080516668
65.5,49.7,49.7,,item_1904,,65.5,49.7,49.7,-30.903070805166678,130.30307080516667
15.2,14.1,14.1,,item_1905,,15.2,14.1,14.1,-66.50307080516669,94.70307080516667
80.1,72.6,72.6,,item_1906,,80.1,72.6,72.6,-8.003070805166686,153.20307080516667
34.1,14.0,14.0,,item_1907,,34.1,14.0,14.0,-66.60307080516668,94.60307080516668
65.4,35.2,35.2,,item_1908,,65.4,35.2,35.2,-45.40307080516668,115.80307080516668
10.6,0.7,0.7,,item_1909,,10.6,0.7,0.7,-79.90307080516668,81.30307080516668
24.4,15.3,15.3,,item_1910,,24.4,15.3,15.3,-65.30307080516668,95.90307080516668
104.4,79.6,79.6,,item_1911,,104.4,79.6,79.6,-1.0030708051666863,160.20307080516667
79.3,64.0,64.0,,item_1912,,79.3,64.0,64.0,-16.60307080516668,144.60307080516668
8.5,8.6,8.6,,item_1913,,8.5,8.6,8.6,-72.00307080516669,89.20307080516667
14.6,8.0,8.0,,item_1914,,14.6,8.0,8.0,-72.60307080516668,88.60307080516668
36.6,36.6,36.6,,item_1915,,36.6,36.6,36.6,-44.00307080516668,117.20307080516667
15.1,11.9,11.9,,item_1916,,15.1,11.9,11.9,-68.70307080516667,92.50307080516669
0.1,0.0,0.0,,item_1917,,0.1,0.0,0.0,-80.60307080516668,80.60307080516668
0.5,0.2,0.2,,item_1918,,0.5,0.2,0.2,-80.40307080516668,80.80307080516668
1566.6,1517.0,1517.0,,item_1919,,1566.6,1517.0,1517.0,1436.3969291948333,1597.6030708051667
6.7,3.0,3.0,,item_1920,,6.7,3.0,3.0,-77.60307080516668,83.60307080516668
12.7,7.8,7.8,,item_1921,,12.7,7.8,7.8,-72.80307080516668,88.40307080516668
14.2,10.1,10.1,,item_1922,,14.2,10.1,10.1,-70.50307080516669,90.70307080516667
49.3,58.6,58.6,,item_1923,,49.3,58.6,58.6,-22.00307080516668,139.20307080516667
7.0,7.2,7.2,,item_1924,,7.0,7.2,7.2,-73.40307080516668,87.80307080516668
0.0,0.0,0.0,,item_1925,,0.0,0.0,0.0,-80.60307080516668,80.60307080516668
0.0,0.0,0.0,,item_1926,,0.0,0.0,0.0,-80.60307080516668,80.60307080516668
26.3,19.0,19.0,,item_1927,,26.3,19.0,19.0,-61.60307080516668,99.60307080516668
11.1,3.6,3.6,,item_1928,,11.1,3.6,3.6,-77.00307080516669,84.20307080516667
100.2,125.3,125.3,,item_1929,,100.2,125.3,125.3,44.69692919483332,205.9030708051667
56.4,81.9,81.9,,item_1930,,56.4,81.9,81.9,1.296929194833325,162.5030708051667
0.4,0.3,0.3,,item_1931,,0.4,0.3,0.3,-80.30307080516668,80.90307080516668
6.8,4.4,4.4,,item_1932,,6.8,4.4,4.4,-76.20307080516667,85.00307080516669
31.7,33.7,33.7,,item_1933,,31.7,33.7,33.7,-46.90307080516668,114.30307080516668
8.8,0.5,0.5,,item_1934,,8.8,0.5,0.5,-80.10307080516668,81.10307080516668
15.9,1.4,1.4,,item_1935,,15.9,1.4,1.4,-79.20307080516667,82.00307080516669
27.5,12.8,12.8,,item_1936,,27.5,12.8,12.8,-67.80307080516668,93.40307080516668
1.1,0.1,0.1,,item_1937,,1.1,0.1,0.1,-80.50307080516669,80.70307080516667
10.3,6.2,6.2,,item_1938,,10.3,6.2,6.2,-74.40307080516668,86.80307080516668
5.5,2.1,2.1,,item_1939,,5.5,2.1,2.1,-78.50307080516669,82.70307080516667
731.0,577.2,577.2,,item_1940,,731.0,577.2,577.2,496.59692919483336,657.8030708051667
17.2,4.0,4.0,,item_1941,,17.2,4.0,4.0,-76.60307080516668,84.60307080516668
2.2,0.3,0.3,,item_1942,,2.2,0.3,0.3,-80.30307080516668,80.90307080516668
5.0,3.1,3.1,,item_1943,,5.0,3.1,3.1,-77.50307080516669,83.70307080516667
450.0,138.6,138.6,,item_1944,,450.0,138.6,138.6,57.996929194833314,219.20307080516667
8.1,8.7,8.7,,item_1945,,8.1,8.7,8.7,-71.90307080516668,89.30307080516668
29.6,27.6,27.6,,item_1946,,29.6,27.6,27.6,-53.00307080516668,108.20307080516667
2.8,0.6,0.6,,item_1947,,2.8,0.6,0.6,-80.00307080516669,81.20307080516667
24.5,30.4,30.4,,item_1948,,24.5,30.4,30.4,-50.20307080516668,111.00307080516669
203.4,8.2,8.2,,item_1949,,203.4,8.2,8.2,-72.40307080516668,88.80307080516668
0.1,0.1,0.1,,item_1950,,0.1,0.1,0.1,-80.50307080516669,80.70307080516667
0.7,0.5,0.5,,item_1951,,0.7,0.5,0.5,-80.10307080516668,81.10307080516668
142.9,157.4,157.4,,item_1952,,142.9,157.4,157.4,76.79692919483333,238.0030708051667
27.8,18.3,18.3,,item_1953,,27.8,18.3,18.3,-62.30307080516668,98.90307080516668
1.8,17.9,17.9,,item_1954,,1.8,17.9,17.9,-62.70307080516668,98.50307080516669
2.5,0.0,0.0,,item_1955,,2.5,0.0,0.0,-80.60307080516668,80.60307080516668
25.2,17.6,17.6,,item_1956,,25.2,17.6,17.6,-63.00307080516668,98.20307080516667
143.5,89.7,89.7,,item_1957,,143.5,89.7,89.7,9.096929194833322,170.30307080516667
23.3,9.1,9.1,,item_1958,,23.3,9.1,9.1,-71.50307080516669,89.70307080516667
317.9,294.2,294.2,,item_1959,,317.9,294.2,294.2,213.5969291948333,374.80307080516667
88.9,88.5,88.5,,item_1960,,88.9,88.5,88.5,7.896929194833319,169.10307080516668
24.1,21.4,21.4,,item_1961,,24.1,21.4,21.4,-59.20307080516668,102.00307080516669
77.5,68.4,68.4,,item_1962,,77.5,68.4,68.4,-12.203070805166675,149.0030708051667
55.4,58.2,58.2,,item_1963,,55.4,58.2,58.2,-22.403070805166678,138.80307080516667
0.4,0.1,0.1,,item_1964,,0.4,0.1,0.1,-80.50307080516669,80.70307080516667
48.2,61.0,61.0,,item_1965,,48.2,61.0,61.0,-19.60307080516668,141.60307080516668
2.0,0.3,0.3,,item_1966,,2.0,0.3,0.3,-80.30307080516668,80.90307080516668
18.2,22.1,22.1,,item_1967,,18.2,22.1,22.1,-58.50307080516668,102.70307080516667
21.7,14.9,14.9,,item_1968,,21.7,14.9,14.9,-65.70307080516667,95.50307080516669
0.0,0.0,0.0,,item_1969,,0.0,0.0,0.0,-80.60307080516668,80.60307080516668
4.3,3.2,3.2,,item_1970,,4.3,3.2,3.2,-77.40307080516668,83.80307080516668
0.0,0.2,0.2,,item_1971,,0.0,0.2,0.2,-80.40307080516668,80.80307080516668
34.0,11.3,11.3,,item_1972,,34.0,11.3,11.3,-69.30307080516668,91.90307080516668
24.0,14.8,14.8,,item_1973,,24.0,14.8,14.8,-65.80307080516668,95.40307080516668
40.5,3.5,3.5,,item_1974,,40.5,3.5,3.5,-77.10307080516668,84.10307080516668
27.8,15.7,15.7,,item_1975,,27.8,15.7,15.7,-64.90307080516668,96.30307080516668
9.3,4.3,4.3,,item_1976,,9.3,4.3,4.3,-76.30307080516668,84.90307080516668
2.1,2.7,2.7,,item_1977,,2.1,2.7,2.7,-77.90307080516668,83.30307080516668
31.8,13.7,13.7,,item_1978,,31.8,13.7,13.7,-66.90307080516668,94.30307080516668
0.1,0.0,0.0,,item_1979,,0.1,0.0,0.0,-80.60307080516668,80.60307080516668
48.0,47.7,47.7,,item_1980,,48.0,47.7,47.7,-32.90307080516668,128.30307080516667
38.9,24.1,24.1,,item_1981,,38.9,24.1,24.1,-56.50307080516668,104.70307080516667
1.6,0.9,0.9,,item_1982,,1.6,0.9,0.9,-79.70307080516667,81.50307080516669
22.9,28.1,28.1,,item_1983,,22.9,28.1,28.1,-52.50307080516668,108.70307080516667
1.5,1.7,1.7,,item_1984,,1.5,1.7,1.7,-78.90307080516668,82.30307080516668
2.5,22.3,22.3,,item_1985,,2.5,22.3,22.3,-58.30307080516668,102.90307080516668
38.1,29.8,29.8,,item_1986,,38.1,29.8,29.8,-50.80307080516668,110.40307080516668
24.9,33.9,33.9,,item_1987,,24.9,33.9,33.9,-46.70307080516668,114.50307080516669
37.4,39.0,39.0,,item_1988,,37.4,39.0,39.0,-41.60307080516668,119.60307080516668
6.4,3.5,3.5,,item_1989,,6.4,3.5,3.5,-77.10307080516668,84.10307080516668
16.1,16.6,16.6,,item_1990,,16.1,16.6,16.6,-64.00307080516669,97.20307080516667
12.5,14.5,14.5,,item_1991,,12.5,14.5,14.5,-66.10307080516668,95.10307080516668
0.6,0.5,0.5,,item_1992,,0.6,0.5,0.5,-80.10307080516668,81.10307080516668
5.7,5.4,5.4,,item_1993,,5.7,5.4,5.4,-75.20307080516667,86.00307080516669
0.6,0.2,0.2,,item_1994,,0.6,0.2,0.2,-80.40307080516668,80.80307080516668
10.8,11.4,11.4,,item_1995,,10.8,11.4,11.4,-69.20307080516667,92.00307080516669
7.9,6.5,6.5,,item_1996,,7.9,6.5,6.5,-74.10307080516668,87.10307080516668
59.5,53.0,53.0,,item_1997,,59.5,53.0,53.0,-27.60307080516668,133.60307080516668
7.2,13.4,13.4,,item_1998,,7.2,13.4,13.4,-67.20307080516667,94.00307080516669
2.1,5.4,5.4,,item_1999,,2.1,5.4,5.4,-75.20307080516667,86.00307080516669
75.3,179.7,179.7,,item_2000,,75.3,179.7,179.7,99.09692919483331,260.30307080516667
