x,y,value,group,label,facet,source,target,weight,lower,upper
d__Bacteria; p__Actinobacteriota; c__Actinobacteria; o__Frankiales; f__Sporichthyaceae; g__hgcI clade; s__uncultured bacterium,row_1,526,,d__Bacteria; p__Actinobacteriota; c__Actinobacteria; o__Frankiales; f__Sporichthyaceae; g__hgcI clade; s__uncultured bacterium,,d__Bacteria; p__Actinobacteriota; c__Actinobacteria; o__Frankiales; f__Sporichthyaceae; g__hgcI clade; s__uncultured bacterium,row_1,526,501.15964545432286,550.8403545456772
d__Bacteria; p__Proteobacteria; c__Gammaproteobacteria; o__Burkholderiales; f__Burkholderiaceae; g__Limnobacter; s__uncultured bacterium,row_2,1286,,d__Bacteria; p__Proteobacteria; c__Gammaproteobacteria; o__Burkholderiales; f__Burkholderiaceae; g__Limnobacter; s__uncultured bacterium,,d__Bacteria; p__Proteobacteria; c__Gammaproteobacteria; o__Burkholderiales; f__Burkholderiaceae; g__Limnobacter; s__uncultured bacterium,row_2,1286,1261.1596454543228,1310.8403545456772
d__Bacteria; p__Actinobacteriota; c__Actinobacteria; o__Frankiales; f__Sporichthyaceae; g__hgcI clade; s__uncultured bacterium,row_3,486,,d__Bacteria; p__Actinobacteriota; c__Actinobacteria; o__Frankiales; f__Sporichthyaceae; g__hgcI clade; s__uncultured bacterium,,d__Bacteria; p__Actinobacteriota; c__Actinobacteria; o__Frankiales; f__Sporichthyaceae; g__hgcI clade; s__uncultured bacterium,row_3,486,461.15964545432286,510.84035454567714
d__Bacteria; p__Actinobacteriota; c__Actinobacteria; o__Frankiales; f__Sporichthyaceae; g__hgcI clade; s__uncultured bacterium,row_4,798,,d__Bacteria; p__Actinobacteriota; c__Actinobacteria; o__Frankiales; f__Sporichthyaceae; g__hgcI clade; s__uncultured bacterium,,d__Bacteria; p__Actinobacteriota; c__Actinobacteria; o__Frankiales; f__Sporichthyaceae; g__hgcI clade; s__uncultured bacterium,row_4,798,773.1596454543228,822.8403545456772
d__Bacteria; p__Actinobacteriota; c__Acidimicrobiia; o__Microtrichales; f__Ilumatobacteraceae; g__CL500-29 marine group; s__uncultured bacterium,row_5,490,,d__Bacteria; p__Actinobacteriota; c__Acidimicrobiia; o__Microtrichales; f__Ilumatobacteraceae; g__CL500-29 marine group; s__uncultured bacterium,,d__Bacteria; p__Actinobacteriota; c__Acidimicrobiia; o__Microtrichales; f__Ilumatobacteraceae; g__CL500-29 marine group; s__uncultured bacterium,row_5,490,465.15964545432286,514.8403545456772
d__Bacteria; p__Cyanobacteria; c__Cyanobacteriia; o__Chloroplast; f__norank; g__norank; s__uncultured bacterium,row_6,8,,d__Bacteria; p__Cyanobacteria; c__Cyanobacteriia; o__Chloroplast; f__norank; g__norank; s__uncultured bacterium,,d__Bacteria; p__Cyanobacteria; c__Cyanobacteriia; o__Chloroplast; f__norank; g__norank; s__uncultured bacterium,row_6,8,-16.840354545677158,32.84035454567716
d__Bacteria; p__Bacteroidota; c__Bacteroidia; o__Chitinophagales; f__Saprospiraceae; g__Candidatus Aquirestis; s__uncultured bacterium,row_7,812,,d__Bacteria; p__Bacteroidota; c__Bacteroidia; o__Chitinophagales; f__Saprospiraceae; g__Candidatus Aquirestis; s__uncultured bacterium,,d__Bacteria; p__Bacteroidota; c__Bacteroidia; o__Chitinophagales; f__Saprospiraceae; g__Candidatus Aquirestis; s__uncultured bacterium,row_7,812,787.1596454543228,836.8403545456772
d__Bacteria; p__Proteobacteria; c__Alphaproteobacteria; o__Rhizobiales; f__Rhizobiales Incertae Sedis; g__uncultured; s__uncultured bacterium,row_8,1552,,d__Bacteria; p__Proteobacteria; c__Alphaproteobacteria; o__Rhizobiales; f__Rhizobiales Incertae Sedis; g__uncultured; s__uncultured bacterium,,d__Bacteria; p__Proteobacteria; c__Alphaproteobacteria; o__Rhizobiales; f__Rhizobiales Incertae Sedis; g__uncultured; s__uncultured bacterium,row_8,1552,1527.1596454543228,1576.8403545456772
d__Bacteria; p__Proteobacteria; c__Alphaproteobacteria; o__SAR11 clade; f__Clade III; g__norank; s__uncultured bacterium,row_9,176,,d__Bacteria; p__Proteobacteria; c__Alphaproteobacteria; o__SAR11 clade; f__Clade III; g__norank; s__uncultured bacterium,,d__Bacteria; p__Proteobacteria; c__Alphaproteobacteria; o__SAR11 clade; f__Clade III; g__norank; s__uncultured bacterium,row_9,176,151.15964545432286,200.84035454567714
d__Bacteria; p__Proteobacteria; c__Alphaproteobacteria; o__Rhodobacterales; f__Rhodobacteraceae,row_10,187,,d__Bacteria; p__Proteobacteria; c__Alphaproteobacteria; o__Rhodobacterales; f__Rhodobacteraceae,,d__Bacteria; p__Proteobacteria; c__Alphaproteobacteria; o__Rhodobacterales; f__Rhodobacteraceae,row_10,187,162.15964545432286,211.84035454567714
d__Bacteria; p__Proteobacteria; c__Alphaproteobacteria; o__Rhizobiales; f__Rhizobiales Incertae Sedis; g__uncultured; s__uncultured bacterium,row_11,870,,d__Bacteria; p__Proteobacteria; c__Alphaproteobacteria; o__Rhizobiales; f__Rhizobiales Incertae Sedis; g__uncultured; s__uncultured bacterium,,d__Bacteria; p__Proteobacteria; c__Alphaproteobacteria; o__Rhizobiales; f__Rhizobiales Incertae Sedis; g__uncultured; s__uncultured bacterium,row_11,870,845.1596454543228,894.8403545456772
d__Bacteria; p__Deinococcota; c__Deinococci; o__Deinococcales; f__Deinococcaceae; g__Deinococcus,row_12,53,,d__Bacteria; p__Deinococcota; c__Deinococci; o__Deinococcales; f__Deinococcaceae; g__Deinococcus,,d__Bacteria; p__Deinococcota; c__Deinococci; o__Deinococcales; f__Deinococcaceae; g__Deinococcus,row_12,53,28.159645454322842,77.84035454567716
d__Bacteria; p__Actinobacteriota; c__Acidimicrobiia; o__Microtrichales; f__Ilumatobacteraceae; g__CL500-29 marine group; s__uncultured bacterium,row_1,354,,d__Bacteria; p__Actinobacteriota; c__Acidimicrobiia; o__Microtrichales; f__Ilumatobacteraceae; g__CL500-29 marine group; s__uncultured bacterium,,d__Bacteria; p__Actinobacteriota; c__Acidimicrobiia; o__Microtrichales; f__Ilumatobacteraceae; g__CL500-29 marine group; s__uncultured bacterium,row_1,354,329.15964545432286,378.84035454567714
d__Bacteria; p__Cyanobacteria; c__Cyanobacteriia; o__Synechococcales; f__Cyanobiaceae; g__Cyanobium PCC-6307,row_2,157,,d__Bacteria; p__Cyanobacteria; c__Cyanobacteriia; o__Synechococcales; f__Cyanobiaceae; g__Cyanobium PCC-6307,,d__Bacteria; p__Cyanobacteria; c__Cyanobacteriia; o__Synechococcales; f__Cyanobiaceae; g__Cyanobium PCC-6307,row_2,157,132.15964545432286,181.84035454567714
d__Bacteria; p__Proteobacteria; c__Alphaproteobacteria; o__Caulobacterales; f__Caulobacteraceae; g__Phenylobacterium,row_3,176,,d__Bacteria; p__Proteobacteria; c__Alphaproteobacteria; o__Caulobacterales; f__Caulobacteraceae; g__Phenylobacterium,,d__Bacteria; p__Proteobacteria; c__Alphaproteobacteria; o__Caulobacterales; f__Caulobacteraceae; g__Phenylobacterium,row_3,176,151.15964545432286,200.84035454567714
d__Bacteria; p__Actinobacteriota; c__Acidimicrobiia; o__Microtrichales; f__Ilumatobacteraceae; g__CL500-29 marine group; s__uncultured bacterium,row_4,330,,d__Bacteria; p__Actinobacteriota; c__Acidimicrobiia; o__Microtrichales; f__Ilumatobacteraceae; g__CL500-29 marine group; s__uncultured bacterium,,d__Bacteria; p__Actinobacteriota; c__Acidimicrobiia; o__Microtrichales; f__Ilumatobacteraceae; g__CL500-29 marine group; s__uncultured bacterium,row_4,330,305.15964545432286,354.84035454567714
d__Bacteria; p__Proteobacteria; c__Alphaproteobacteria; o__Caulobacterales; f__Hyphomonadaceae; g__Hirschia,row_5,457,,d__Bacteria; p__Proteobacteria; c__Alphaproteobacteria; o__Caulobacterales; f__Hyphomonadaceae; g__Hirschia,,d__Bacteria; p__Proteobacteria; c__Alphaproteobacteria; o__Caulobacterales; f__Hyphomonadaceae; g__Hirschia,row_5,457,432.15964545432286,481.84035454567714
d__Bacteria; p__Chloroflexi; c__Chloroflexia; o__Chloroflexales; f__Roseiflexaceae; g__uncultured; s__uncultured bacterium,row_6,154,,d__Bacteria; p__Chloroflexi; c__Chloroflexia; o__Chloroflexales; f__Roseiflexaceae; g__uncultured; s__uncultured bacterium,,d__Bacteria; p__Chloroflexi; c__Chloroflexia; o__Chloroflexales; f__Roseiflexaceae; g__uncultured; s__uncultured bacterium,row_6,154,129.15964545432286,178.84035454567714
d__Bacteria; p__Actinobacteriota; c__Actinobacteria; o__Frankiales; f__Sporichthyaceae; g__hgcI clade; s__uncultured bacterium,row_7,515,,d__Bacteria; p__Actinobacteriota; c__Actinobacteria; o__Frankiales; f__Sporichthyaceae; g__hgcI clade; s__uncultured bacterium,,d__Bacteria; p__Actinobacteriota; c__Actinobacteria; o__Frankiales; f__Sporichthyaceae; g__hgcI clade; s__uncultured bacterium,row_7,515,490.15964545432286,539.8403545456772
d__Bacteria; p__Bacteroidota; c__Bacteroidia; o__Chitinophagales; f__Saprospiraceae; g__Candidatus Aquirestis; s__uncultured bacterium,row_8,144,,d__Bacteria; p__Bacteroidota; c__Bacteroidia; o__Chitinophagales; f__Saprospiraceae; g__Candidatus Aquirestis; s__uncultured bacterium,,d__Bacteria; p__Bacteroidota; c__Bacteroidia; o__Chitinophagales; f__Saprospiraceae; g__Candidatus Aquirestis; s__uncultured bacterium,row_8,144,119.15964545432284,168.84035454567714
d__Bacteria; p__Actinobacteriota; c__Actinobacteria; o__Frankiales; f__Sporichthyaceae; g__hgcI clade; s__uncultured bacterium,row_9,1018,,d__Bacteria; p__Actinobacteriota; c__Actinobacteria; o__Frankiales; f__Sporichthyaceae; g__hgcI clade; s__uncultured bacterium,,d__Bacteria; p__Actinobacteriota; c__Actinobacteria; o__Frankiales; f__Sporichthyaceae; g__hgcI clade; s__uncultured bacterium,row_9,1018,993.1596454543228,1042.8403545456772
d__Bacteria; p__Chloroflexi; c__Chloroflexia; o__Chloroflexales; f__Roseiflexaceae; g__uncultured; s__uncultured bacterium,row_10,319,,d__Bacteria; p__Chloroflexi; c__Chloroflexia; o__Chloroflexales; f__Roseiflexaceae; g__uncultured; s__uncultured bacterium,,d__Bacteria; p__Chloroflexi; c__Chloroflexia; o__Chloroflexales; f__Roseiflexaceae; g__uncultured; s__uncultured bacterium,row_10,319,294.15964545432286,343.84035454567714
d__Bacteria; p__Proteobacteria; c__Gammaproteobacteria; o__Burkholderiales; f__Comamonadaceae; g__Sphaerotilus; s__uncultured bacterium,row_11,161,,d__Bacteria; p__Proteobacteria; c__Gammaproteobacteria; o__Burkholderiales; f__Comamonadaceae; g__Sphaerotilus; s__uncultured bacterium,,d__Bacteria; p__Proteobacteria; c__Gammaproteobacteria; o__Burkholderiales; f__Comamonadaceae; g__Sphaerotilus; s__uncultured bacterium,row_11,161,136.15964545432286,185.84035454567714
d__Bacteria; p__Cyanobacteria; c__Cyanobacteriia; o__Chloroplast; f__norank; g__norank; s__uncultured bacterium,row_12,30,,d__Bacteria; p__Cyanobacteria; c__Cyanobacteriia; o__Chloroplast; f__norank; g__norank; s__uncultured bacterium,,d__Bacteria; p__Cyanobacteria; c__Cyanobacteriia; o__Chloroplast; f__norank; g__norank; s__uncultured bacterium,row_12,30,5.159645454322842,54.84035454567716
d__Bacteria; p__Verrucomicrobiota; c__Verrucomicrobiae; o__Methylacidiphilales; f__Methylacidiphilaceae; g__uncultured; s__uncultured bacterium,row_1,70,,d__Bacteria; p__Verrucomicrobiota; c__Verrucomicrobiae; o__Methylacidiphilales; f__Methylacidiphilaceae; g__uncultured; s__uncultured bacterium,,d__Bacteria; p__Verrucomicrobiota; c__Verrucomicrobiae; o__Methylacidiphilales; f__Methylacidiphilaceae; g__uncultured; s__uncultured bacterium,row_1,70,45.15964545432284,94.84035454567716
d__Bacteria; p__Cyanobacteria; c__Cyanobacteriia; o__Chloroplast; f__norank; g__norank; s__uncultured bacterium,row_2,71,,d__Bacteria; p__Cyanobacteria; c__Cyanobacteriia; o__Chloroplast; f__norank; g__norank; s__uncultured bacterium,,d__Bacteria; p__Cyanobacteria; c__Cyanobacteriia; o__Chloroplast; f__norank; g__norank; s__uncultured bacterium,row_2,71,46.15964545432284,95.84035454567716
d__Bacteria; p__Proteobacteria; c__Gammaproteobacteria; o__Burkholderiales; f__MWH-UniP1 aquatic group; g__norank; s__uncultured bacterium,row_3,36,,d__Bacteria; p__Proteobacteria; c__Gammaproteobacteria; o__Burkholderiales; f__MWH-UniP1 aquatic group; g__norank; s__uncultured bacterium,,d__Bacteria; p__Proteobacteria; c__Gammaproteobacteria; o__Burkholderiales; f__MWH-UniP1 aquatic group; g__norank; s__uncultured bacterium,row_3,36,11.159645454322842,60.84035454567716
d__Bacteria; p__Actinobacteriota; c__Actinobacteria; o__Frankiales; f__Sporichthyaceae; g__hgcI clade,row_4,496,,d__Bacteria; p__Actinobacteriota; c__Actinobacteria; o__Frankiales; f__Sporichthyaceae; g__hgcI clade,,d__Bacteria; p__Actinobacteriota; c__Actinobacteria; o__Frankiales; f__Sporichthyaceae; g__hgcI clade,row_4,496,471.15964545432286,520.8403545456772
d__Bacteria; p__Bacteroidota; c__Kapabacteria; o__Kapabacteriales; f__norank; g__norank; s__uncultured bacterium,row_5,148,,d__Bacteria; p__Bacteroidota; c__Kapabacteria; o__Kapabacteriales; f__norank; g__norank; s__uncultured bacterium,,d__Bacteria; p__Bacteroidota; c__Kapabacteria; o__Kapabacteriales; f__norank; g__norank; s__uncultured bacterium,row_5,148,123.15964545432284,172.84035454567714
d__Bacteria; p__Bacteroidota; c__Kapabacteria; o__Kapabacteriales; f__norank; g__norank; s__uncultured bacterium,row_6,50,,d__Bacteria; p__Bacteroidota; c__Kapabacteria; o__Kapabacteriales; f__norank; g__norank; s__uncultured bacterium,,d__Bacteria; p__Bacteroidota; c__Kapabacteria; o__Kapabacteriales; f__norank; g__norank; s__uncultured bacterium,row_6,50,25.159645454322842,74.84035454567716
d__Bacteria; p__Verrucomicrobiota; c__Verrucomicrobiae; o__Chthoniobacterales; f__Chthoniobacteraceae; g__LD29; s__uncultured bacterium,row_7,91,,d__Bacteria; p__Verrucomicrobiota; c__Verrucomicrobiae; o__Chthoniobacterales; f__Chthoniobacteraceae; g__LD29; s__uncultured bacterium,,d__Bacteria; p__Verrucomicrobiota; c__Verrucomicrobiae; o__Chthoniobacterales; f__Chthoniobacteraceae; g__LD29; s__uncultured bacterium,row_7,91,66.15964545432284,115.84035454567716
d__Bacteria; p__Cyanobacteria; c__Cyanobacteriia; o__Synechococcales; f__Cyanobiaceae; g__Cyanobium PCC-6307; s__uncultured bacterium,row_8,97,,d__Bacteria; p__Cyanobacteria; c__Cyanobacteriia; o__Synechococcales; f__Cyanobiaceae; g__Cyanobium PCC-6307; s__uncultured bacterium,,d__Bacteria; p__Cyanobacteria; c__Cyanobacteriia; o__Synechococcales; f__Cyanobiaceae; g__Cyanobium PCC-6307; s__uncultured bacterium,row_8,97,72.15964545432284,121.84035454567716
d__Bacteria; p__Chloroflexi; c__Anaerolineae; o__Caldilineales; f__Caldilineaceae; g__uncultured; s__uncultured bacterium,row_9,443,,d__Bacteria; p__Chloroflexi; c__Anaerolineae; o__Caldilineales; f__Caldilineaceae; g__uncultured; s__uncultured bacterium,,d__Bacteria; p__Chloroflexi; c__Anaerolineae; o__Caldilineales; f__Caldilineaceae; g__uncultured; s__uncultured bacterium,row_9,443,418.15964545432286,467.84035454567714
d__Bacteria; p__Proteobacteria; c__Gammaproteobacteria; o__Burkholderiales; f__Comamonadaceae; g__uncultured,row_10,244,,d__Bacteria; p__Proteobacteria; c__Gammaproteobacteria; o__Burkholderiales; f__Comamonadaceae; g__uncultured,,d__Bacteria; p__Proteobacteria; c__Gammaproteobacteria; o__Burkholderiales; f__Comamonadaceae; g__uncultured,row_10,244,219.15964545432286,268.84035454567714
d__Bacteria; p__Actinobacteriota; c__Acidimicrobiia; o__IMCC26256; f__norank; g__norank,row_11,4,,d__Bacteria; p__Actinobacteriota; c__Acidimicrobiia; o__IMCC26256; f__norank; g__norank,,d__Bacteria; p__Actinobacteriota; c__Acidimicrobiia; o__IMCC26256; f__norank; g__norank,row_11,4,-20.840354545677158,28.840354545677158
d__Bacteria; p__Actinobacteriota; c__Acidimicrobiia; o__Microtrichales; f__Ilumatobacteraceae; g__CL500-29 marine group; s__uncultured bacterium,row_12,51,,d__Bacteria; p__Actinobacteriota; c__Acidimicrobiia; o__Microtrichales; f__Ilumatobacteraceae; g__CL500-29 marine group; s__uncultured bacterium,,d__Bacteria; p__Actinobacteriota; c__Acidimicrobiia; o__Microtrichales; f__Ilumatobacteraceae; g__CL500-29 marine group; s__uncultured bacterium,row_12,51,26.159645454322842,75.84035454567716
d__Bacteria; p__Planctomycetota; c__Planctomycetes; o__Gemmatales; f__Gemmataceae; g__uncultured; s__uncultured bacterium,row_1,142,,d__Bacteria; p__Planctomycetota; c__Planctomycetes; o__Gemmatales; f__Gemmataceae; g__uncultured; s__uncultured bacterium,,d__Bacteria; p__Planctomycetota; c__Planctomycetes; o__Gemmatales; f__Gemmataceae; g__uncultured; s__uncultured bacterium,row_1,142,117.15964545432284,166.84035454567714
d__Bacteria; p__Acidobacteriota; c__Vicinamibacteria; o__Vicinamibacterales; f__Vicinamibacteraceae; g__norank; s__uncultured bacterium,row_2,61,,d__Bacteria; p__Acidobacteriota; c__Vicinamibacteria; o__Vicinamibacterales; f__Vicinamibacteraceae; g__norank; s__uncultured bacterium,,d__Bacteria; p__Acidobacteriota; c__Vicinamibacteria; o__Vicinamibacterales; f__Vicinamibacteraceae; g__norank; s__uncultured bacterium,row_2,61,36.15964545432284,85.84035454567716
d__Bacteria; p__Actinobacteriota; c__Actinobacteria; o__Corynebacteriales; f__Mycobacteriaceae; g__Mycobacterium; s__uncultured bacterium,row_3,172,,d__Bacteria; p__Actinobacteriota; c__Actinobacteria; o__Corynebacteriales; f__Mycobacteriaceae; g__Mycobacterium; s__uncultured bacterium,,d__Bacteria; p__Actinobacteriota; c__Actinobacteria; o__Corynebacteriales; f__Mycobacteriaceae; g__Mycobacterium; s__uncultured bacterium,row_3,172,147.15964545432286,196.84035454567714
d__Bacteria; p__Actinobacteriota; c__Acidimicrobiia; o__Microtrichales; f__Ilumatobacteraceae; g__CL500-29 marine group; s__uncultured bacterium,row_4,47,,d__Bacteria; p__Actinobacteriota; c__Acidimicrobiia; o__Microtrichales; f__Ilumatobacteraceae; g__CL500-29 marine group; s__uncultured bacterium,,d__Bacteria; p__Actinobacteriota; c__Acidimicrobiia; o__Microtrichales; f__Ilumatobacteraceae; g__CL500-29 marine group; s__uncultured bacterium,row_4,47,22.159645454322842,71.84035454567716
d__Bacteria; p__Actinobacteriota; c__Acidimicrobiia; o__Microtrichales; f__Ilumatobacteraceae; g__CL500-29 marine group; s__uncultured bacterium,row_5,153,,d__Bacteria; p__Actinobacteriota; c__Acidimicrobiia; o__Microtrichales; f__Ilumatobacteraceae; g__CL500-29 marine group; s__uncultured bacterium,,d__Bacteria; p__Actinobacteriota; c__Acidimicrobiia; o__Microtrichales; f__Ilumatobacteraceae; g__CL500-29 marine group; s__uncultured bacterium,row_5,153,128.15964545432286,177.84035454567714
d__Bacteria; p__Chloroflexi; c__Anaerolineae; o__RBG-13-54-9; f__norank; g__norank; s__uncultured bacterium,row_6,7,,d__Bacteria; p__Chloroflexi; c__Anaerolineae; o__RBG-13-54-9; f__norank; g__norank; s__uncultured bacterium,,d__Bacteria; p__Chloroflexi; c__Anaerolineae; o__RBG-13-54-9; f__norank; g__norank; s__uncultured bacterium,row_6,7,-17.840354545677158,31.840354545677158
d__Bacteria; p__Actinobacteriota; c__Acidimicrobiia; o__Microtrichales; f__Ilumatobacteraceae; g__CL500-29 marine group; s__metagenome,row_7,448,,d__Bacteria; p__Actinobacteriota; c__Acidimicrobiia; o__Microtrichales; f__Ilumatobacteraceae; g__CL500-29 marine group; s__metagenome,,d__Bacteria; p__Actinobacteriota; c__Acidimicrobiia; o__Microtrichales; f__Ilumatobacteraceae; g__CL500-29 marine group; s__metagenome,row_7,448,423.15964545432286,472.84035454567714
d__Bacteria; p__Proteobacteria; c__Gammaproteobacteria; o__Gammaproteobacteria Incertae Sedis; f__Unknown Family; g__Acidibacter; s__uncultured bacterium,row_8,131,,d__Bacteria; p__Proteobacteria; c__Gammaproteobacteria; o__Gammaproteobacteria Incertae Sedis; f__Unknown Family; g__Acidibacter; s__uncultured bacterium,,d__Bacteria; p__Proteobacteria; c__Gammaproteobacteria; o__Gammaproteobacteria Incertae Sedis; f__Unknown Family; g__Acidibacter; s__uncultured bacterium,row_8,131,106.15964545432284,155.84035454567714
d__Bacteria; p__Proteobacteria; c__Gammaproteobacteria; o__Burkholderiales; f__Methylophilaceae; g__Candidatus Methylopumilus; s__uncultured bacterium,row_9,187,,d__Bacteria; p__Proteobacteria; c__Gammaproteobacteria; o__Burkholderiales; f__Methylophilaceae; g__Candidatus Methylopumilus; s__uncultured bacterium,,d__Bacteria; p__Proteobacteria; c__Gammaproteobacteria; o__Burkholderiales; f__Methylophilaceae; g__Candidatus Methylopumilus; s__uncultured bacterium,row_9,187,162.15964545432286,211.84035454567714
d__Bacteria; p__Actinobacteriota; c__Actinobacteria; o__Corynebacteriales; f__Mycobacteriaceae; g__Mycobacterium; s__uncultured bacterium,row_10,357,,d__Bacteria; p__Actinobacteriota; c__Actinobacteria; o__Corynebacteriales; f__Mycobacteriaceae; g__Mycobacterium; s__uncultured bacterium,,d__Bacteria; p__Actinobacteriota; c__Actinobacteria; o__Corynebacteriales; f__Mycobacteriaceae; g__Mycobacterium; s__uncultured bacterium,row_10,357,332.15964545432286,381.84035454567714
d__Bacteria; p__Cyanobacteria; c__Cyanobacteriia; o__Cyanobacteriales; f__Microcystaceae; g__Microcystis PCC-7914,row_11,108,,d__Bacteria; p__Cyanobacteria; c__Cyanobacteriia; o__Cyanobacteriales; f__Microcystaceae; g__Microcystis PCC-7914,,d__Bacteria; p__Cyanobacteria; c__Cyanobacteriia; o__Cyanobacteriales; f__Microcystaceae; g__Microcystis PCC-7914,row_11,108,83.15964545432284,132.84035454567714
d__Bacteria; p__Actinobacteriota; c__Acidimicrobiia; o__Microtrichales; f__Ilumatobacteraceae; g__CL500-29 marine group; s__uncultured bacterium,row_12,118,,d__Bacteria; p__Actinobacteriota; c__Acidimicrobiia; o__Microtrichales; f__Ilumatobacteraceae; g__CL500-29 marine group; s__uncultured bacterium,,d__Bacteria; p__Actinobacteriota; c__Acidimicrobiia; o__Microtrichales; f__Ilumatobacteraceae; g__CL500-29 marine group; s__uncultured bacterium,row_12,118,93.15964545432284,142.84035454567714
d__Bacteria; p__Cyanobacteria; c__Cyanobacteriia; o__Chloroplast; f__norank; g__norank; s__uncultured bacterium,row_1,37,,d__Bacteria; p__Cyanobacteria; c__Cyanobacteriia; o__Chloroplast; f__norank; g__norank; s__uncultured bacterium,,d__Bacteria; p__Cyanobacteria; c__Cyanobacteriia; o__Chloroplast; f__norank; g__norank; s__uncultured bacterium,row_1,37,12.159645454322842,61.84035454567716
d__Bacteria; p__Verrucomicrobiota; c__Verrucomicrobiae; o__uncultured; f__norank; g__norank; s__uncultured bacterium,row_2,11,,d__Bacteria; p__Verrucomicrobiota; c__Verrucomicrobiae; o__uncultured; f__norank; g__norank; s__uncultured bacterium,,d__Bacteria; p__Verrucomicrobiota; c__Verrucomicrobiae; o__uncultured; f__norank; g__norank; s__uncultured bacterium,row_2,11,-13.840354545677158,35.84035454567716
d__Bacteria; p__Deinococcota; c__Deinococci; o__Deinococcales; f__Deinococcaceae; g__Deinococcus; s__uncultured Deinococcus sp.,row_3,10,,d__Bacteria; p__Deinococcota; c__Deinococci; o__Deinococcales; f__Deinococcaceae; g__Deinococcus; s__uncultured Deinococcus sp.,,d__Bacteria; p__Deinococcota; c__Deinococci; o__Deinococcales; f__Deinococcaceae; g__Deinococcus; s__uncultured Deinococcus sp.,row_3,10,-14.840354545677158,34.84035454567716
d__Bacteria; p__Verrucomicrobiota; c__Verrucomicrobiae; o__Chthoniobacterales; f__Chthoniobacteraceae; g__LD29; s__uncultured bacterium,row_4,47,,d__Bacteria; p__Verrucomicrobiota; c__Verrucomicrobiae; o__Chthoniobacterales; f__Chthoniobacteraceae; g__LD29; s__uncultured bacterium,,d__Bacteria; p__Verrucomicrobiota; c__Verrucomicrobiae; o__Chthoniobacterales; f__Chthoniobacteraceae; g__LD29; s__uncultured bacterium,row_4,47,22.159645454322842,71.84035454567716
d__Bacteria; p__Proteobacteria; c__Alphaproteobacteria; o__Rhizobiales; f__Xanthobacteraceae; g__Bradyrhizobium,row_5,71,,d__Bacteria; p__Proteobacteria; c__Alphaproteobacteria; o__Rhizobiales; f__Xanthobacteraceae; g__Bradyrhizobium,,d__Bacteria; p__Proteobacteria; c__Alphaproteobacteria; o__Rhizobiales; f__Xanthobacteraceae; g__Bradyrhizobium,row_5,71,46.15964545432284,95.84035454567716
d__Bacteria; p__Chloroflexi; c__Anaerolineae; o__Caldilineales; f__Caldilineaceae; g__uncultured; s__uncultured bacterium,row_6,440,,d__Bacteria; p__Chloroflexi; c__Anaerolineae; o__Caldilineales; f__Caldilineaceae; g__uncultured; s__uncultured bacterium,,d__Bacteria; p__Chloroflexi; c__Anaerolineae; o__Caldilineales; f__Caldilineaceae; g__uncultured; s__uncultured bacterium,row_6,440,415.15964545432286,464.84035454567714
d__Bacteria; p__Cyanobacteria; c__Cyanobacteriia; o__Chloroplast; f__norank; g__norank; s__uncultured bacterium,row_7,2,,d__Bacteria; p__Cyanobacteria; c__Cyanobacteriia; o__Chloroplast; f__norank; g__norank; s__uncultured bacterium,,d__Bacteria; p__Cyanobacteria; c__Cyanobacteriia; o__Chloroplast; f__norank; g__norank; s__uncultured bacterium,row_7,2,-22.840354545677158,26.840354545677158
d__Bacteria; p__Actinobacteriota; c__Actinobacteria; o__Corynebacteriales; f__Mycobacteriaceae; g__Mycobacterium,row_8,70,,d__Bacteria; p__Actinobacteriota; c__Actinobacteria; o__Corynebacteriales; f__Mycobacteriaceae; g__Mycobacterium,,d__Bacteria; p__Actinobacteriota; c__Actinobacteria; o__Corynebacteriales; f__Mycobacteriaceae; g__Mycobacterium,row_8,70,45.15964545432284,94.84035454567716
d__Bacteria; p__Proteobacteria; c__Gammaproteobacteria; o__Burkholderiales; f__Burkholderiaceae; g__Polynucleobacter; s__uncultured bacterium,row_9,142,,d__Bacteria; p__Proteobacteria; c__Gammaproteobacteria; o__Burkholderiales; f__Burkholderiaceae; g__Polynucleobacter; s__uncultured bacterium,,d__Bacteria; p__Proteobacteria; c__Gammaproteobacteria; o__Burkholderiales; f__Burkholderiaceae; g__Polynucleobacter; s__uncultured bacterium,row_9,142,117.15964545432284,166.84035454567714
d__Bacteria; p__Verrucomicrobiota; c__Verrucomicrobiae; o__Chthoniobacterales; f__Chthoniobacteraceae; g__Chthoniobacter; s__uncultured bacterium,row_10,30,,d__Bacteria; p__Verrucomicrobiota; c__Verrucomicrobiae; o__Chthoniobacterales; f__Chthoniobacteraceae; g__Chthoniobacter; s__uncultured bacterium,,d__Bacteria; p__Verrucomicrobiota; c__Verrucomicrobiae; o__Chthoniobacterales; f__Chthoniobacteraceae; g__Chthoniobacter; s__uncultured bacterium,row_10,30,5.159645454322842,54.84035454567716
d__Bacteria; p__Bacteroidota; c__Bacteroidia; o__Chitinophagales; f__Chitinophagaceae; g__Sediminibacterium,row_11,154,,d__Bacteria; p__Bacteroidota; c__Bacteroidia; o__Chitinophagales; f__Chitinophagaceae; g__Sediminibacterium,,d__Bacteria; p__Bacteroidota; c__Bacteroidia; o__Chitinophagales; f__Chitinophagaceae; g__Sediminibacterium,row_11,154,129.15964545432286,178.84035454567714
d__Bacteria; p__Cyanobacteria; c__Cyanobacteriia; o__Chloroplast; f__norank; g__norank; s__uncultured bacterium,row_12,28,,d__Bacteria; p__Cyanobacteria; c__Cyanobacteriia; o__Chloroplast; f__norank; g__norank; s__uncultured bacterium,,d__Bacteria; p__Cyanobacteria; c__Cyanobacteriia; o__Chloroplast; f__norank; g__norank; s__uncultured bacterium,row_12,28,3.159645454322842,52.84035454567716
d__Bacteria; p__Proteobacteria; c__Alphaproteobacteria; o__Rhizobiales; f__A0839; g__norank; s__uncultured bacterium,row_1,293,,d__Bacteria; p__Proteobacteria; c__Alphaproteobacteria; o__Rhizobiales; f__A0839; g__norank; s__uncultured bacterium,,d__Bacteria; p__Proteobacteria; c__Alphaproteobacteria; o__Rhizobiales; f__A0839; g__norank; s__uncultured bacterium,row_1,293,268.15964545432286,317.84035454567714
d__Bacteria; p__Actinobacteriota; c__Acidimicrobiia; o__Microtrichales; f__uncultured; g__norank; s__uncultured bacterium,row_2,279,,d__Bacteria; p__Actinobacteriota; c__Acidimicrobiia; o__Microtrichales; f__uncultured; g__norank; s__uncultured bacterium,,d__Bacteria; p__Actinobacteriota; c__Acidimicrobiia; o__Microtrichales; f__uncultured; g__norank; s__uncultured bacterium,row_2,279,254.15964545432286,303.84035454567714
d__Bacteria; p__Actinobacteriota; c__Actinobacteria; o__Corynebacteriales; f__Mycobacteriaceae; g__Mycobacterium,row_3,33,,d__Bacteria; p__Actinobacteriota; c__Actinobacteria; o__Corynebacteriales; f__Mycobacteriaceae; g__Mycobacterium,,d__Bacteria; p__Actinobacteriota; c__Actinobacteria; o__Corynebacteriales; f__Mycobacteriaceae; g__Mycobacterium,row_3,33,8.159645454322842,57.84035454567716
d__Bacteria; p__Proteobacteria; c__Gammaproteobacteria; o__Burkholderiales; f__Comamonadaceae; g__Pelomonas; s__uncultured bacterium,row_4,49,,d__Bacteria; p__Proteobacteria; c__Gammaproteobacteria; o__Burkholderiales; f__Comamonadaceae; g__Pelomonas; s__uncultured bacterium,,d__Bacteria; p__Proteobacteria; c__Gammaproteobacteria; o__Burkholderiales; f__Comamonadaceae; g__Pelomonas; s__uncultured bacterium,row_4,49,24.159645454322842,73.84035454567716
d__Bacteria; p__Actinobacteriota; c__Actinobacteria; o__Corynebacteriales; f__Mycobacteriaceae; g__Mycobacterium,row_5,958,,d__Bacteria; p__Actinobacteriota; c__Actinobacteria; o__Corynebacteriales; f__Mycobacteriaceae; g__Mycobacterium,,d__Bacteria; p__Actinobacteriota; c__Actinobacteria; o__Corynebacteriales; f__Mycobacteriaceae; g__Mycobacterium,row_5,958,933.1596454543228,982.8403545456772
d__Bacteria; p__Proteobacteria; c__Alphaproteobacteria; o__Rhodobacterales; f__Rhodobacteraceae; g__Rubellimicrobium; s__uncultured bacterium,row_6,302,,d__Bacteria; p__Proteobacteria; c__Alphaproteobacteria; o__Rhodobacterales; f__Rhodobacteraceae; g__Rubellimicrobium; s__uncultured bacterium,,d__Bacteria; p__Proteobacteria; c__Alphaproteobacteria; o__Rhodobacterales; f__Rhodobacteraceae; g__Rubellimicrobium; s__uncultured bacterium,row_6,302,277.15964545432286,326.84035454567714
d__Bacteria; p__Bdellovibrionota; c__Oligoflexia; o__Silvanigrellales; f__Silvanigrellaceae; g__uncultured; s__uncultured bacterium,row_7,2,,d__Bacteria; p__Bdellovibrionota; c__Oligoflexia; o__Silvanigrellales; f__Silvanigrellaceae; g__uncultured; s__uncultured bacterium,,d__Bacteria; p__Bdellovibrionota; c__Oligoflexia; o__Silvanigrellales; f__Silvanigrellaceae; g__uncultured; s__uncultured bacterium,row_7,2,-22.840354545677158,26.840354545677158
d__Bacteria; p__Proteobacteria; c__Alphaproteobacteria; o__Acetobacterales; f__Acetobacteraceae; g__Roseomonas; s__uncultured bacterium,row_8,318,,d__Bacteria; p__Proteobacteria; c__Alphaproteobacteria; o__Acetobacterales; f__Acetobacteraceae; g__Roseomonas; s__uncultured bacterium,,d__Bacteria; p__Proteobacteria; c__Alphaproteobacteria; o__Acetobacterales; f__Acetobacteraceae; g__Roseomonas; s__uncultured bacterium,row_8,318,293.15964545432286,342.84035454567714
d__Bacteria; p__Proteobacteria; c__Alphaproteobacteria; o__Rhodobacterales; f__Rhodobacteraceae; g__Gemmobacter,row_9,12,,d__Bacteria; p__Proteobacteria; c__Alphaproteobacteria; o__Rhodobacterales; f__Rhodobacteraceae; g__Gemmobacter,,d__Bacteria; p__Proteobacteria; c__Alphaproteobacteria; o__Rhodobacterales; f__Rhodobacteraceae; g__Gemmobacter,row_9,12,-12.840354545677158,36.84035454567716
d__Bacteria; p__Proteobacteria; c__Alphaproteobacteria; o__Rhodobacterales; f__Rhodobacteraceae; g__Rhodobacter; s__uncultured bacterium,row_10,50,,d__Bacteria; p__Proteobacteria; c__Alphaproteobacteria; o__Rhodobacterales; f__Rhodobacteraceae; g__Rhodobacter; s__uncultured bacterium,,d__Bacteria; p__Proteobacteria; c__Alphaproteobacteria; o__Rhodobacterales; f__Rhodobacteraceae; g__Rhodobacter; s__uncultured bacterium,row_10,50,25.159645454322842,74.84035454567716
d__Bacteria; p__Verrucomicrobiota; c__Verrucomicrobiae; o__Opitutales; f__Opitutaceae; g__Cephaloticoccus,row_11,121,,d__Bacteria; p__Verrucomicrobiota; c__Verrucomicrobiae; o__Opitutales; f__Opitutaceae; g__Cephaloticoccus,,d__Bacteria; p__Verrucomicrobiota; c__Verrucomicrobiae; o__Opitutales; f__Opitutaceae; g__Cephaloticoccus,row_11,121,96.15964545432284,145.84035454567714
d__Bacteria; p__Proteobacteria; c__Alphaproteobacteria; o__uncultured; f__norank; g__norank; s__uncultured bacterium,row_12,132,,d__Bacteria; p__Proteobacteria; c__Alphaproteobacteria; o__uncultured; f__norank; g__norank; s__uncultured bacterium,,d__Bacteria; p__Proteobacteria; c__Alphaproteobacteria; o__uncultured; f__norank; g__norank; s__uncultured bacterium,row_12,132,107.15964545432284,156.84035454567714
d__Bacteria; p__Planctomycetota; c__Planctomycetes; o__Gemmatales; f__Gemmataceae; g__uncultured; s__uncultured bacterium,row_1,96,,d__Bacteria; p__Planctomycetota; c__Planctomycetes; o__Gemmatales; f__Gemmataceae; g__uncultured; s__uncultured bacterium,,d__Bacteria; p__Planctomycetota; c__Planctomycetes; o__Gemmatales; f__Gemmataceae; g__uncultured; s__uncultured bacterium,row_1,96,71.15964545432284,120.84035454567716
d__Bacteria; p__Proteobacteria; c__Alphaproteobacteria; o__Acetobacterales; f__Acetobacteraceae; g__Roseomonas; s__metagenome,row_2,145,,d__Bacteria; p__Proteobacteria; c__Alphaproteobacteria; o__Acetobacterales; f__Acetobacteraceae; g__Roseomonas; s__metagenome,,d__Bacteria; p__Proteobacteria; c__Alphaproteobacteria; o__Acetobacterales; f__Acetobacteraceae; g__Roseomonas; s__metagenome,row_2,145,120.15964545432284,169.84035454567714
d__Bacteria; p__Proteobacteria; c__Alphaproteobacteria; o__Sphingomonadales; f__Sphingomonadaceae; g__Novosphingobium,row_3,93,,d__Bacteria; p__Proteobacteria; c__Alphaproteobacteria; o__Sphingomonadales; f__Sphingomonadaceae; g__Novosphingobium,,d__Bacteria; p__Proteobacteria; c__Alphaproteobacteria; o__Sphingomonadales; f__Sphingomonadaceae; g__Novosphingobium,row_3,93,68.15964545432284,117.84035454567716
d__Bacteria; p__Proteobacteria; c__Gammaproteobacteria; o__Gammaproteobacteria Incertae Sedis; f__Unknown Family; g__Acidibacter; s__uncultured bacterium,row_4,111,,d__Bacteria; p__Proteobacteria; c__Gammaproteobacteria; o__Gammaproteobacteria Incertae Sedis; f__Unknown Family; g__Acidibacter; s__uncultured bacterium,,d__Bacteria; p__Proteobacteria; c__Gammaproteobacteria; o__Gammaproteobacteria Incertae Sedis; f__Unknown Family; g__Acidibacter; s__uncultured bacterium,row_4,111,86.15964545432284,135.84035454567714
d__Bacteria; p__Proteobacteria; c__Alphaproteobacteria; o__uncultured; f__norank; g__norank; s__uncultured bacterium,row_5,46,,d__Bacteria; p__Proteobacteria; c__Alphaproteobacteria; o__uncultured; f__norank; g__norank; s__uncultured bacterium,,d__Bacteria; p__Proteobacteria; c__Alphaproteobacteria; o__uncultured; f__norank; g__norank; s__uncultured bacterium,row_5,46,21.159645454322842,70.84035454567716
d__Bacteria; p__Verrucomicrobiota; c__Verrucomicrobiae; o__Chthoniobacterales; f__Terrimicrobiaceae; g__Terrimicrobium; s__uncultured bacterium,row_6,42,,d__Bacteria; p__Verrucomicrobiota; c__Verrucomicrobiae; o__Chthoniobacterales; f__Terrimicrobiaceae; g__Terrimicrobium; s__uncultured bacterium,,d__Bacteria; p__Verrucomicrobiota; c__Verrucomicrobiae; o__Chthoniobacterales; f__Terrimicrobiaceae; g__Terrimicrobium; s__uncultured bacterium,row_6,42,17.159645454322842,66.84035454567716
d__Bacteria; p__Actinobacteriota; c__Actinobacteria; o__Frankiales; f__Sporichthyaceae; g__hgcI clade,row_7,126,,d__Bacteria; p__Actinobacteriota; c__Actinobacteria; o__Frankiales; f__Sporichthyaceae; g__hgcI clade,,d__Bacteria; p__Actinobacteriota; c__Actinobacteria; o__Frankiales; f__Sporichthyaceae; g__hgcI clade,row_7,126,101.15964545432284,150.84035454567714
d__Bacteria; p__Proteobacteria; c__Alphaproteobacteria; o__Rhizobiales; f__Rhizobiales Incertae Sedis; g__uncultured; s__uncultured bacterium,row_8,237,,d__Bacteria; p__Proteobacteria; c__Alphaproteobacteria; o__Rhizobiales; f__Rhizobiales Incertae Sedis; g__uncultured; s__uncultured bacterium,,d__Bacteria; p__Proteobacteria; c__Alphaproteobacteria; o__Rhizobiales; f__Rhizobiales Incertae Sedis; g__uncultured; s__uncultured bacterium,row_8,237,212.15964545432286,261.84035454567714
d__Bacteria; p__Proteobacteria; c__Gammaproteobacteria; o__Burkholderiales; f__Burkholderiaceae; g__Limnobacter; s__uncultured bacterium,row_9,81,,d__Bacteria; p__Proteobacteria; c__Gammaproteobacteria; o__Burkholderiales; f__Burkholderiaceae; g__Limnobacter; s__uncultured bacterium,,d__Bacteria; p__Proteobacteria; c__Gammaproteobacteria; o__Burkholderiales; f__Burkholderiaceae; g__Limnobacter; s__uncultured bacterium,row_9,81,56.15964545432284,105.84035454567716
d__Bacteria; p__Planctomycetota; c__Phycisphaerae; o__Phycisphaerales; f__Phycisphaeraceae; g__CL500-3; s__uncultured bacterium,row_10,269,,d__Bacteria; p__Planctomycetota; c__Phycisphaerae; o__Phycisphaerales; f__Phycisphaeraceae; g__CL500-3; s__uncultured bacterium,,d__Bacteria; p__Planctomycetota; c__Phycisphaerae; o__Phycisphaerales; f__Phycisphaeraceae; g__CL500-3; s__uncultured bacterium,row_10,269,244.15964545432286,293.84035454567714
d__Bacteria; p__Verrucomicrobiota; c__Verrucomicrobiae; o__Chthoniobacterales; f__Chthoniobacteraceae; g__Chthoniobacter; s__metagenome,row_11,0,,d__Bacteria; p__Verrucomicrobiota; c__Verrucomicrobiae; o__Chthoniobacterales; f__Chthoniobacteraceae; g__Chthoniobacter; s__metagenome,,d__Bacteria; p__Verrucomicrobiota; c__Verrucomicrobiae; o__Chthoniobacterales; f__Chthoniobacteraceae; g__Chthoniobacter; s__metagenome,row_11,0,-24.840354545677158,24.840354545677158
d__Bacteria; p__Proteobacteria; c__Gammaproteobacteria; o__Burkholderiales; f__MWH-UniP1 aquatic group; g__norank; s__uncultured bacterium,row_12,127,,d__Bacteria; p__Proteobacteria; c__Gammaproteobacteria; o__Burkholderiales; f__MWH-UniP1 aquatic group; g__norank; s__uncultured bacterium,,d__Bacteria; p__Proteobacteria; c__Gammaproteobacteria; o__Burkholderiales; f__MWH-UniP1 aquatic group; g__norank; s__uncultured bacterium,row_12,127,102.15964545432284,151.84035454567714
d__Bacteria; p__Bacteroidota; c__Bacteroidia; o__Sphingobacteriales; f__LiUU-11-161; g__norank,row_1,127,,d__Bacteria; p__Bacteroidota; c__Bacteroidia; o__Sphingobacteriales; f__LiUU-11-161; g__norank,,d__Bacteria; p__Bacteroidota; c__Bacteroidia; o__Sphingobacteriales; f__LiUU-11-161; g__norank,row_1,127,102.15964545432284,151.84035454567714
d__Bacteria; p__Actinobacteriota; c__Actinobacteria; o__Frankiales; f__Sporichthyaceae; g__hgcI clade; s__uncultured bacterium,row_2,113,,d__Bacteria; p__Actinobacteriota; c__Actinobacteria; o__Frankiales; f__Sporichthyaceae; g__hgcI clade; s__uncultured bacterium,,d__Bacteria; p__Actinobacteriota; c__Actinobacteria; o__Frankiales; f__Sporichthyaceae; g__hgcI clade; s__uncultured bacterium,row_2,113,88.15964545432284,137.84035454567714
d__Bacteria; p__Proteobacteria; c__Gammaproteobacteria; o__Gammaproteobacteria Incertae Sedis; f__Unknown Family; g__Acidibacter; s__uncultured bacterium,row_3,67,,d__Bacteria; p__Proteobacteria; c__Gammaproteobacteria; o__Gammaproteobacteria Incertae Sedis; f__Unknown Family; g__Acidibacter; s__uncultured bacterium,,d__Bacteria; p__Proteobacteria; c__Gammaproteobacteria; o__Gammaproteobacteria Incertae Sedis; f__Unknown Family; g__Acidibacter; s__uncultured bacterium,row_3,67,42.15964545432284,91.84035454567716
d__Bacteria; p__Bacteroidota; c__Bacteroidia; o__Chitinophagales; f__Chitinophagaceae; g__Vibrionimonas,row_4,4,,d__Bacteria; p__Bacteroidota; c__Bacteroidia; o__Chitinophagales; f__Chitinophagaceae; g__Vibrionimonas,,d__Bacteria; p__Bacteroidota; c__Bacteroidia; o__Chitinophagales; f__Chitinophagaceae; g__Vibrionimonas,row_4,4,-20.840354545677158,28.840354545677158
d__Bacteria; p__Deinococcota; c__Deinococci; o__Deinococcales; f__Deinococcaceae; g__Deinococcus; s__Deinococcus ficus,row_5,5,,d__Bacteria; p__Deinococcota; c__Deinococci; o__Deinococcales; f__Deinococcaceae; g__Deinococcus; s__Deinococcus ficus,,d__Bacteria; p__Deinococcota; c__Deinococci; o__Deinococcales; f__Deinococcaceae; g__Deinococcus; s__Deinococcus ficus,row_5,5,-19.840354545677158,29.840354545677158
d__Bacteria; p__Acidobacteriota; c__Acidobacteriae; o__GOUTB8; f__norank; g__Paludibaculum; s__uncultured bacterium,row_6,6,,d__Bacteria; p__Acidobacteriota; c__Acidobacteriae; o__GOUTB8; f__norank; g__Paludibaculum; s__uncultured bacterium,,d__Bacteria; p__Acidobacteriota; c__Acidobacteriae; o__GOUTB8; f__norank; g__Paludibaculum; s__uncultured bacterium,row_6,6,-18.840354545677158,30.840354545677158
d__Bacteria; p__Actinobacteriota; c__Actinobacteria; o__Corynebacteriales; f__Mycobacteriaceae; g__Mycobacterium; s__uncultured bacterium,row_7,804,,d__Bacteria; p__Actinobacteriota; c__Actinobacteria; o__Corynebacteriales; f__Mycobacteriaceae; g__Mycobacterium; s__uncultured bacterium,,d__Bacteria; p__Actinobacteriota; c__Actinobacteria; o__Corynebacteriales; f__Mycobacteriaceae; g__Mycobacterium; s__uncultured bacterium,row_7,804,779.1596454543228,828.8403545456772
d__Bacteria; p__Proteobacteria; c__Gammaproteobacteria; o__Burkholderiales; f__Oxalobacteraceae,row_8,63,,d__Bacteria; p__Proteobacteria; c__Gammaproteobacteria; o__Burkholderiales; f__Oxalobacteraceae,,d__Bacteria; p__Proteobacteria; c__Gammaproteobacteria; o__Burkholderiales; f__Oxalobacteraceae,row_8,63,38.15964545432284,87.84035454567716
d__Bacteria; p__Verrucomicrobiota; c__Verrucomicrobiae; o__Pedosphaerales; f__Pedosphaeraceae; g__SH3-11; s__metagenome,row_9,14,,d__Bacteria; p__Verrucomicrobiota; c__Verrucomicrobiae; o__Pedosphaerales; f__Pedosphaeraceae; g__SH3-11; s__metagenome,,d__Bacteria; p__Verrucomicrobiota; c__Verrucomicrobiae; o__Pedosphaerales; f__Pedosphaeraceae; g__SH3-11; s__metagenome,row_9,14,-10.840354545677158,38.84035454567716
d__Bacteria; p__Bacteroidota; c__Bacteroidia; o__Chitinophagales; f__Chitinophagaceae; g__uncultured,row_10,52,,d__Bacteria; p__Bacteroidota; c__Bacteroidia; o__Chitinophagales; f__Chitinophagaceae; g__uncultured,,d__Bacteria; p__Bacteroidota; c__Bacteroidia; o__Chitinophagales; f__Chitinophagaceae; g__uncultured,row_10,52,27.159645454322842,76.84035454567716
d__Bacteria; p__Deinococcota; c__Deinococci; o__Deinococcales; f__Deinococcaceae; g__Deinococcus,row_11,12,,d__Bacteria; p__Deinococcota; c__Deinococci; o__Deinococcales; f__Deinococcaceae; g__Deinococcus,,d__Bacteria; p__Deinococcota; c__Deinococci; o__Deinococcales; f__Deinococcaceae; g__Deinococcus,row_11,12,-12.840354545677158,36.84035454567716
d__Bacteria; p__Actinobacteriota; c__Actinobacteria; o__Frankiales; f__Sporichthyaceae; g__hgcI clade; s__uncultured bacterium,row_12,41,,d__Bacteria; p__Actinobacteriota; c__Actinobacteria; o__Frankiales; f__Sporichthyaceae; g__hgcI clade; s__uncultured bacterium,,d__Bacteria; p__Actinobacteriota; c__Actinobacteria; o__Frankiales; f__Sporichthyaceae; g__hgcI clade; s__uncultured bacterium,row_12,41,16.159645454322842,65.84035454567716
d__Bacteria; p__Proteobacteria; c__Gammaproteobacteria; o__Burkholderiales; f__Nitrosomonadaceae; g__oc32; s__uncultured bacterium,row_1,125,,d__Bacteria; p__Proteobacteria; c__Gammaproteobacteria; o__Burkholderiales; f__Nitrosomonadaceae; g__oc32; s__uncultured bacterium,,d__Bacteria; p__Proteobacteria; c__Gammaproteobacteria; o__Burkholderiales; f__Nitrosomonadaceae; g__oc32; s__uncultured bacterium,row_1,125,100.15964545432284,149.84035454567714
d__Bacteria; p__Verrucomicrobiota; c__Verrucomicrobiae; o__Chthoniobacterales; f__Chthoniobacteraceae; g__LD29; s__uncultured bacterium,row_2,45,,d__Bacteria; p__Verrucomicrobiota; c__Verrucomicrobiae; o__Chthoniobacterales; f__Chthoniobacteraceae; g__LD29; s__uncultured bacterium,,d__Bacteria; p__Verrucomicrobiota; c__Verrucomicrobiae; o__Chthoniobacterales; f__Chthoniobacteraceae; g__LD29; s__uncultured bacterium,row_2,45,20.159645454322842,69.84035454567716
d__Bacteria; p__Proteobacteria; c__Gammaproteobacteria; o__Burkholderiales; f__Comamonadaceae; g__Inhella; s__uncultured bacterium,row_3,63,,d__Bacteria; p__Proteobacteria; c__Gammaproteobacteria; o__Burkholderiales; f__Comamonadaceae; g__Inhella; s__uncultured bacterium,,d__Bacteria; p__Proteobacteria; c__Gammaproteobacteria; o__Burkholderiales; f__Comamonadaceae; g__Inhella; s__uncultured bacterium,row_3,63,38.15964545432284,87.84035454567716
d__Bacteria; p__Proteobacteria; c__Alphaproteobacteria; o__Caulobacterales; f__Caulobacteraceae; g__Brevundimonas,row_4,24,,d__Bacteria; p__Proteobacteria; c__Alphaproteobacteria; o__Caulobacterales; f__Caulobacteraceae; g__Brevundimonas,,d__Bacteria; p__Proteobacteria; c__Alphaproteobacteria; o__Caulobacterales; f__Caulobacteraceae; g__Brevundimonas,row_4,24,-0.8403545456771582,48.84035454567716
d__Bacteria; p__Deinococcota; c__Deinococci; o__Deinococcales; f__Deinococcaceae; g__Deinococcus,row_5,6,,d__Bacteria; p__Deinococcota; c__Deinococci; o__Deinococcales; f__Deinococcaceae; g__Deinococcus,,d__Bacteria; p__Deinococcota; c__Deinococci; o__Deinococcales; f__Deinococcaceae; g__Deinococcus,row_5,6,-18.840354545677158,30.840354545677158
d__Bacteria; p__Proteobacteria; c__Alphaproteobacteria; o__Rhizobiales; f__Rhizobiales Incertae Sedis; g__uncultured; s__metagenome,row_6,137,,d__Bacteria; p__Proteobacteria; c__Alphaproteobacteria; o__Rhizobiales; f__Rhizobiales Incertae Sedis; g__uncultured; s__metagenome,,d__Bacteria; p__Proteobacteria; c__Alphaproteobacteria; o__Rhizobiales; f__Rhizobiales Incertae Sedis; g__uncultured; s__metagenome,row_6,137,112.15964545432284,161.84035454567714
d__Bacteria; p__Actinobacteriota; c__Actinobacteria; o__Frankiales; f__Sporichthyaceae; g__hgcI clade; s__uncultured bacterium,row_7,41,,d__Bacteria; p__Actinobacteriota; c__Actinobacteria; o__Frankiales; f__Sporichthyaceae; g__hgcI clade; s__uncultured bacterium,,d__Bacteria; p__Actinobacteriota; c__Actinobacteria; o__Frankiales; f__Sporichthyaceae; g__hgcI clade; s__uncultured bacterium,row_7,41,16.159645454322842,65.84035454567716
d__Bacteria; p__Proteobacteria; c__Alphaproteobacteria; o__Rhizobiales; f__Beijerinckiaceae; g__Methylovirgula,row_8,118,,d__Bacteria; p__Proteobacteria; c__Alphaproteobacteria; o__Rhizobiales; f__Beijerinckiaceae; g__Methylovirgula,,d__Bacteria; p__Proteobacteria; c__Alphaproteobacteria; o__Rhizobiales; f__Beijerinckiaceae; g__Methylovirgula,row_8,118,93.15964545432284,142.84035454567714
d__Bacteria; p__Chloroflexi; c__Chloroflexia; o__Chloroflexales; f__Roseiflexaceae; g__uncultured; s__uncultured bacterium,row_9,181,,d__Bacteria; p__Chloroflexi; c__Chloroflexia; o__Chloroflexales; f__Roseiflexaceae; g__uncultured; s__uncultured bacterium,,d__Bacteria; p__Chloroflexi; c__Chloroflexia; o__Chloroflexales; f__Roseiflexaceae; g__uncultured; s__uncultured bacterium,row_9,181,156.15964545432286,205.84035454567714
d__Bacteria; p__Chloroflexi; c__Anaerolineae; o__Caldilineales; f__Caldilineaceae; g__uncultured; s__uncultured bacterium,row_10,339,,d__Bacteria; p__Chloroflexi; c__Anaerolineae; o__Caldilineales; f__Caldilineaceae; g__uncultured; s__uncultured bacterium,,d__Bacteria; p__Chloroflexi; c__Anaerolineae; o__Caldilineales; f__Caldilineaceae; g__uncultured; s__uncultured bacterium,row_10,339,314.15964545432286,363.84035454567714
d__Bacteria; p__Chloroflexi; c__Chloroflexia; o__Chloroflexales; f__Roseiflexaceae; g__uncultured; s__uncultured bacterium,row_11,129,,d__Bacteria; p__Chloroflexi; c__Chloroflexia; o__Chloroflexales; f__Roseiflexaceae; g__uncultured; s__uncultured bacterium,,d__Bacteria; p__Chloroflexi; c__Chloroflexia; o__Chloroflexales; f__Roseiflexaceae; g__uncultured; s__uncultured bacterium,row_11,129,104.15964545432284,153.84035454567714
d__Bacteria; p__Proteobacteria; c__Alphaproteobacteria; o__Acetobacterales; f__Acetobacteraceae; g__uncultured; s__uncultured bacterium,row_12,100,,d__Bacteria; p__Proteobacteria; c__Alphaproteobacteria; o__Acetobacterales; f__Acetobacteraceae; g__uncultured; s__uncultured bacterium,,d__Bacteria; p__Proteobacteria; c__Alphaproteobacteria; o__Acetobacterales; f__Acetobacteraceae; g__uncultured; s__uncultured bacterium,row_12,100,75.15964545432284,124.84035454567716
d__Bacteria; p__Proteobacteria; c__Alphaproteobacteria; o__Sphingomonadales; f__Sphingomonadaceae; g__Sphingopyxis,row_1,134,,d__Bacteria; p__Proteobacteria; c__Alphaproteobacteria; o__Sphingomonadales; f__Sphingomonadaceae; g__Sphingopyxis,,d__Bacteria; p__Proteobacteria; c__Alphaproteobacteria; o__Sphingomonadales; f__Sphingomonadaceae; g__Sphingopyxis,row_1,134,109.15964545432284,158.84035454567714
d__Bacteria; p__Proteobacteria; c__Gammaproteobacteria; o__Xanthomonadales; f__Xanthomonadaceae; g__Silanimonas; s__uncultured bacterium,row_2,62,,d__Bacteria; p__Proteobacteria; c__Gammaproteobacteria; o__Xanthomonadales; f__Xanthomonadaceae; g__Silanimonas; s__uncultured bacterium,,d__Bacteria; p__Proteobacteria; c__Gammaproteobacteria; o__Xanthomonadales; f__Xanthomonadaceae; g__Silanimonas; s__uncultured bacterium,row_2,62,37.15964545432284,86.84035454567716
d__Bacteria; p__Actinobacteriota; c__Actinobacteria; o__Frankiales; f__Sporichthyaceae; g__hgcI clade; s__uncultured bacterium,row_3,391,,d__Bacteria; p__Actinobacteriota; c__Actinobacteria; o__Frankiales; f__Sporichthyaceae; g__hgcI clade; s__uncultured bacterium,,d__Bacteria; p__Actinobacteriota; c__Actinobacteria; o__Frankiales; f__Sporichthyaceae; g__hgcI clade; s__uncultured bacterium,row_3,391,366.15964545432286,415.84035454567714
d__Bacteria; p__Proteobacteria; c__Alphaproteobacteria; o__Sphingomonadales; f__Sphingomonadaceae; g__Novosphingobium,row_4,3,,d__Bacteria; p__Proteobacteria; c__Alphaproteobacteria; o__Sphingomonadales; f__Sphingomonadaceae; g__Novosphingobium,,d__Bacteria; p__Proteobacteria; c__Alphaproteobacteria; o__Sphingomonadales; f__Sphingomonadaceae; g__Novosphingobium,row_4,3,-21.840354545677158,27.840354545677158
d__Bacteria; p__Cyanobacteria; c__Cyanobacteriia; o__Synechococcales; f__Cyanobiaceae; g__Cyanobium PCC-6307; s__Cyanobium sp. NIES-981,row_5,38,,d__Bacteria; p__Cyanobacteria; c__Cyanobacteriia; o__Synechococcales; f__Cyanobiaceae; g__Cyanobium PCC-6307; s__Cyanobium sp. NIES-981,,d__Bacteria; p__Cyanobacteria; c__Cyanobacteriia; o__Synechococcales; f__Cyanobiaceae; g__Cyanobium PCC-6307; s__Cyanobium sp. NIES-981,row_5,38,13.159645454322842,62.84035454567716
d__Bacteria; p__Bacteroidota; c__Bacteroidia; o__Chitinophagales; f__Saprospiraceae; g__uncultured; s__uncultured bacterium,row_6,156,,d__Bacteria; p__Bacteroidota; c__Bacteroidia; o__Chitinophagales; f__Saprospiraceae; g__uncultured; s__uncultured bacterium,,d__Bacteria; p__Bacteroidota; c__Bacteroidia; o__Chitinophagales; f__Saprospiraceae; g__uncultured; s__uncultured bacterium,row_6,156,131.15964545432286,180.84035454567714
d__Bacteria; p__Actinobacteriota; c__Acidimicrobiia; o__Microtrichales; f__Ilumatobacteraceae; g__CL500-29 marine group; s__uncultured bacterium,row_7,23,,d__Bacteria; p__Actinobacteriota; c__Acidimicrobiia; o__Microtrichales; f__Ilumatobacteraceae; g__CL500-29 marine group; s__uncultured bacterium,,d__Bacteria; p__Actinobacteriota; c__Acidimicrobiia; o__Microtrichales; f__Ilumatobacteraceae; g__CL500-29 marine group; s__uncultured bacterium,row_7,23,-1.8403545456771582,47.84035454567716
d__Bacteria; p__Proteobacteria; c__Gammaproteobacteria; o__Burkholderiales; f__Comamonadaceae,row_8,69,,d__Bacteria; p__Proteobacteria; c__Gammaproteobacteria; o__Burkholderiales; f__Comamonadaceae,,d__Bacteria; p__Proteobacteria; c__Gammaproteobacteria; o__Burkholderiales; f__Comamonadaceae,row_8,69,44.15964545432284,93.84035454567716
d__Bacteria; p__Proteobacteria; c__Gammaproteobacteria; o__Burkholderiales; f__Oxalobacteraceae; g__uncultured; s__uncultured bacterium,row_9,76,,d__Bacteria; p__Proteobacteria; c__Gammaproteobacteria; o__Burkholderiales; f__Oxalobacteraceae; g__uncultured; s__uncultured bacterium,,d__Bacteria; p__Proteobacteria; c__Gammaproteobacteria; o__Burkholderiales; f__Oxalobacteraceae; g__uncultured; s__uncultured bacterium,row_9,76,51.15964545432284,100.84035454567716
d__Bacteria; p__Actinobacteriota; c__Actinobacteria; o__PeM15; f__norank; g__norank; s__uncultured bacterium,row_10,35,,d__Bacteria; p__Actinobacteriota; c__Actinobacteria; o__PeM15; f__norank; g__norank; s__uncultured bacterium,,d__Bacteria; p__Actinobacteriota; c__Actinobacteria; o__PeM15; f__norank; g__norank; s__uncultured bacterium,row_10,35,10.159645454322842,59.84035454567716
d__Bacteria; p__Planctomycetota; c__Phycisphaerae; o__Phycisphaerales; f__Phycisphaeraceae; g__CL500-3; s__uncultured bacterium,row_11,137,,d__Bacteria; p__Planctomycetota; c__Phycisphaerae; o__Phycisphaerales; f__Phycisphaeraceae; g__CL500-3; s__uncultured bacterium,,d__Bacteria; p__Planctomycetota; c__Phycisphaerae; o__Phycisphaerales; f__Phycisphaeraceae; g__CL500-3; s__uncultured bacterium,row_11,137,112.15964545432284,161.84035454567714
d__Bacteria; p__Proteobacteria; c__Alphaproteobacteria; o__Rhizobiales; f__Beijerinckiaceae; g__Methylocystis,row_12,134,,d__Bacteria; p__Proteobacteria; c__Alphaproteobacteria; o__Rhizobiales; f__Beijerinckiaceae; g__Methylocystis,,d__Bacteria; p__Proteobacteria; c__Alphaproteobacteria; o__Rhizobiales; f__Beijerinckiaceae; g__Methylocystis,row_12,134,109.15964545432284,158.84035454567714
d__Bacteria; p__Bacteroidota; c__Bacteroidia; o__Sphingobacteriales; f__NS11-12 marine group; g__norank; s__uncultured bacterium,row_1,163,,d__Bacteria; p__Bacteroidota; c__Bacteroidia; o__Sphingobacteriales; f__NS11-12 marine group; g__norank; s__uncultured bacterium,,d__Bacteria; p__Bacteroidota; c__Bacteroidia; o__Sphingobacteriales; f__NS11-12 marine group; g__norank; s__uncultured bacterium,row_1,163,138.15964545432286,187.84035454567714
d__Bacteria; p__Proteobacteria; c__Gammaproteobacteria; o__Xanthomonadales; f__Rhodanobacteraceae; g__Rhodanobacter,row_2,26,,d__Bacteria; p__Proteobacteria; c__Gammaproteobacteria; o__Xanthomonadales; f__Rhodanobacteraceae; g__Rhodanobacter,,d__Bacteria; p__Proteobacteria; c__Gammaproteobacteria; o__Xanthomonadales; f__Rhodanobacteraceae; g__Rhodanobacter,row_2,26,1.1596454543228418,50.84035454567716
d__Bacteria; p__Chloroflexi; c__Chloroflexia; o__Chloroflexales; f__Roseiflexaceae; g__uncultured; s__uncultured bacterium,row_3,88,,d__Bacteria; p__Chloroflexi; c__Chloroflexia; o__Chloroflexales; f__Roseiflexaceae; g__uncultured; s__uncultured bacterium,,d__Bacteria; p__Chloroflexi; c__Chloroflexia; o__Chloroflexales; f__Roseiflexaceae; g__uncultured; s__uncultured bacterium,row_3,88,63.15964545432284,112.84035454567716
d__Bacteria; p__Proteobacteria; c__Alphaproteobacteria; o__Sphingomonadales; f__Sphingomonadaceae; g__Altererythrobacter; s__Altererythrobacter dongtanensis,row_4,35,,d__Bacteria; p__Proteobacteria; c__Alphaproteobacteria; o__Sphingomonadales; f__Sphingomonadaceae; g__Altererythrobacter; s__Altererythrobacter dongtanensis,,d__Bacteria; p__Proteobacteria; c__Alphaproteobacteria; o__Sphingomonadales; f__Sphingomonadaceae; g__Altererythrobacter; s__Altererythrobacter dongtanensis,row_4,35,10.159645454322842,59.84035454567716
d__Bacteria; p__Proteobacteria; c__Alphaproteobacteria; o__Rhodobacterales; f__Rhodobacteraceae; g__Rhodobacter; s__uncultured bacterium,row_5,20,,d__Bacteria; p__Proteobacteria; c__Alphaproteobacteria; o__Rhodobacterales; f__Rhodobacteraceae; g__Rhodobacter; s__uncultured bacterium,,d__Bacteria; p__Proteobacteria; c__Alphaproteobacteria; o__Rhodobacterales; f__Rhodobacteraceae; g__Rhodobacter; s__uncultured bacterium,row_5,20,-4.840354545677158,44.84035454567716
d__Bacteria; p__Cyanobacteria; c__Cyanobacteriia; o__Cyanobacteriales; f__Microcystaceae; g__Microcystis PCC-7914,row_6,59,,d__Bacteria; p__Cyanobacteria; c__Cyanobacteriia; o__Cyanobacteriales; f__Microcystaceae; g__Microcystis PCC-7914,,d__Bacteria; p__Cyanobacteria; c__Cyanobacteriia; o__Cyanobacteriales; f__Microcystaceae; g__Microcystis PCC-7914,row_6,59,34.15964545432284,83.84035454567716
d__Bacteria; p__Bdellovibrionota; c__Oligoflexia; o__Oligoflexales; f__Oligoflexaceae; g__uncultured; s__uncultured bacterium,row_7,72,,d__Bacteria; p__Bdellovibrionota; c__Oligoflexia; o__Oligoflexales; f__Oligoflexaceae; g__uncultured; s__uncultured bacterium,,d__Bacteria; p__Bdellovibrionota; c__Oligoflexia; o__Oligoflexales; f__Oligoflexaceae; g__uncultured; s__uncultured bacterium,row_7,72,47.15964545432284,96.84035454567716
d__Bacteria; p__Proteobacteria; c__Gammaproteobacteria; o__Burkholderiales; f__Methylophilaceae; g__Candidatus Methylopumilus; s__uncultured bacterium,row_8,86,,d__Bacteria; p__Proteobacteria; c__Gammaproteobacteria; o__Burkholderiales; f__Methylophilaceae; g__Candidatus Methylopumilus; s__uncultured bacterium,,d__Bacteria; p__Proteobacteria; c__Gammaproteobacteria; o__Burkholderiales; f__Methylophilaceae; g__Candidatus Methylopumilus; s__uncultured bacterium,row_8,86,61.15964545432284,110.84035454567716
d__Bacteria; p__Proteobacteria; c__Gammaproteobacteria; o__Burkholderiales; f__Sutterellaceae; g__uncultured,row_9,146,,d__Bacteria; p__Proteobacteria; c__Gammaproteobacteria; o__Burkholderiales; f__Sutterellaceae; g__uncultured,,d__Bacteria; p__Proteobacteria; c__Gammaproteobacteria; o__Burkholderiales; f__Sutterellaceae; g__uncultured,row_9,146,121.15964545432284,170.84035454567714
d__Bacteria; p__Actinobacteriota; c__Acidimicrobiia; o__Microtrichales; f__Ilumatobacteraceae; g__CL500-29 marine group; s__uncultured bacterium,row_10,25,,d__Bacteria; p__Actinobacteriota; c__Acidimicrobiia; o__Microtrichales; f__Ilumatobacteraceae; g__CL500-29 marine group; s__uncultured bacterium,,d__Bacteria; p__Actinobacteriota; c__Acidimicrobiia; o__Microtrichales; f__Ilumatobacteraceae; g__CL500-29 marine group; s__uncultured bacterium,row_10,25,0.15964545432284183,49.84035454567716
d__Bacteria; p__Actinobacteriota; c__Actinobacteria; o__PeM15; f__norank; g__norank; s__metagenome,row_11,194,,d__Bacteria; p__Actinobacteriota; c__Actinobacteria; o__PeM15; f__norank; g__norank; s__metagenome,,d__Bacteria; p__Actinobacteriota; c__Actinobacteria; o__PeM15; f__norank; g__norank; s__metagenome,row_11,194,169.15964545432286,218.84035454567714
d__Bacteria; p__Proteobacteria; c__Gammaproteobacteria; o__Burkholderiales; f__Rhodocyclaceae; g__uncultured; s__uncultured bacterium,row_12,274,,d__Bacteria; p__Proteobacteria; c__Gammaproteobacteria; o__Burkholderiales; f__Rhodocyclaceae; g__uncultured; s__uncultured bacterium,,d__Bacteria; p__Proteobacteria; c__Gammaproteobacteria; o__Burkholderiales; f__Rhodocyclaceae; g__uncultured; s__uncultured bacterium,row_12,274,249.15964545432286,298.84035454567714
d__Bacteria; p__Proteobacteria; c__Alphaproteobacteria; o__Caulobacterales; f__Hyphomonadaceae; g__Hyphomonas; s__uncultured bacterium,row_1,67,,d__Bacteria; p__Proteobacteria; c__Alphaproteobacteria; o__Caulobacterales; f__Hyphomonadaceae; g__Hyphomonas; s__uncultured bacterium,,d__Bacteria; p__Proteobacteria; c__Alphaproteobacteria; o__Caulobacterales; f__Hyphomonadaceae; g__Hyphomonas; s__uncultured bacterium,row_1,67,42.15964545432284,91.84035454567716
d__Bacteria; p__Proteobacteria; c__Gammaproteobacteria; o__Burkholderiales; f__Comamonadaceae; g__uncultured; s__uncultured bacterium,row_2,16,,d__Bacteria; p__Proteobacteria; c__Gammaproteobacteria; o__Burkholderiales; f__Comamonadaceae; g__uncultured; s__uncultured bacterium,,d__Bacteria; p__Proteobacteria; c__Gammaproteobacteria; o__Burkholderiales; f__Comamonadaceae; g__uncultured; s__uncultured bacterium,row_2,16,-8.840354545677158,40.84035454567716
d__Bacteria; p__Proteobacteria; c__Alphaproteobacteria; o__Rickettsiales; f__Rickettsiaceae; g__Candidatus Megaira; s__uncultured bacterium,row_3,84,,d__Bacteria; p__Proteobacteria; c__Alphaproteobacteria; o__Rickettsiales; f__Rickettsiaceae; g__Candidatus Megaira; s__uncultured bacterium,,d__Bacteria; p__Proteobacteria; c__Alphaproteobacteria; o__Rickettsiales; f__Rickettsiaceae; g__Candidatus Megaira; s__uncultured bacterium,row_3,84,59.15964545432284,108.84035454567716
d__Bacteria; p__Proteobacteria; c__Gammaproteobacteria; o__Xanthomonadales; f__Xanthomonadaceae; g__Arenimonas; s__uncultured bacterium,row_4,0,,d__Bacteria; p__Proteobacteria; c__Gammaproteobacteria; o__Xanthomonadales; f__Xanthomonadaceae; g__Arenimonas; s__uncultured bacterium,,d__Bacteria; p__Proteobacteria; c__Gammaproteobacteria; o__Xanthomonadales; f__Xanthomonadaceae; g__Arenimonas; s__uncultured bacterium,row_4,0,-24.840354545677158,24.840354545677158
d__Bacteria; p__Proteobacteria; c__Gammaproteobacteria; o__Burkholderiales; f__Comamonadaceae; g__Sphaerotilus; s__uncultured bacterium,row_5,70,,d__Bacteria; p__Proteobacteria; c__Gammaproteobacteria; o__Burkholderiales; f__Comamonadaceae; g__Sphaerotilus; s__uncultured bacterium,,d__Bacteria; p__Proteobacteria; c__Gammaproteobacteria; o__Burkholderiales; f__Comamonadaceae; g__Sphaerotilus; s__uncultured bacterium,row_5,70,45.15964545432284,94.84035454567716
d__Bacteria; p__Actinobacteriota; c__Actinobacteria; o__Frankiales; f__Sporichthyaceae; g__hgcI clade; s__uncultured bacterium,row_6,117,,d__Bacteria; p__Actinobacteriota; c__Actinobacteria; o__Frankiales; f__Sporichthyaceae; g__hgcI clade; s__uncultured bacterium,,d__Bacteria; p__Actinobacteriota; c__Actinobacteria; o__Frankiales; f__Sporichthyaceae; g__hgcI clade; s__uncultured bacterium,row_6,117,92.15964545432284,141.84035454567714
d__Bacteria; p__Actinobacteriota; c__Actinobacteria; o__Corynebacteriales; f__Mycobacteriaceae; g__Mycobacterium,row_7,152,,d__Bacteria; p__Actinobacteriota; c__Actinobacteria; o__Corynebacteriales; f__Mycobacteriaceae; g__Mycobacterium,,d__Bacteria; p__Actinobacteriota; c__Actinobacteria; o__Corynebacteriales; f__Mycobacteriaceae; g__Mycobacterium,row_7,152,127.15964545432284,176.84035454567714
d__Bacteria; p__Cyanobacteria; c__Cyanobacteriia; o__Synechococcales; f__Cyanobiaceae; g__Cyanobium PCC-6307,row_8,29,,d__Bacteria; p__Cyanobacteria; c__Cyanobacteriia; o__Synechococcales; f__Cyanobiaceae; g__Cyanobium PCC-6307,,d__Bacteria; p__Cyanobacteria; c__Cyanobacteriia; o__Synechococcales; f__Cyanobiaceae; g__Cyanobium PCC-6307,row_8,29,4.159645454322842,53.84035454567716
d__Bacteria; p__Verrucomicrobiota; c__Verrucomicrobiae; o__Verrucomicrobiales; f__Rubritaleaceae; g__Luteolibacter; s__uncultured bacterium,row_9,7,,d__Bacteria; p__Verrucomicrobiota; c__Verrucomicrobiae; o__Verrucomicrobiales; f__Rubritaleaceae; g__Luteolibacter; s__uncultured bacterium,,d__Bacteria; p__Verrucomicrobiota; c__Verrucomicrobiae; o__Verrucomicrobiales; f__Rubritaleaceae; g__Luteolibacter; s__uncultured bacterium,row_9,7,-17.840354545677158,31.840354545677158
d__Bacteria; p__Acidobacteriota; c__Vicinamibacteria; o__Vicinamibacterales; f__Vicinamibacteraceae; g__norank; s__uncultured bacterium,row_10,11,,d__Bacteria; p__Acidobacteriota; c__Vicinamibacteria; o__Vicinamibacterales; f__Vicinamibacteraceae; g__norank; s__uncultured bacterium,,d__Bacteria; p__Acidobacteriota; c__Vicinamibacteria; o__Vicinamibacterales; f__Vicinamibacteraceae; g__norank; s__uncultured bacterium,row_10,11,-13.840354545677158,35.84035454567716
d__Bacteria; p__Firmicutes; c__Bacilli; o__Exiguobacterales; f__Exiguobacteraceae; g__Exiguobacterium,row_11,18,,d__Bacteria; p__Firmicutes; c__Bacilli; o__Exiguobacterales; f__Exiguobacteraceae; g__Exiguobacterium,,d__Bacteria; p__Firmicutes; c__Bacilli; o__Exiguobacterales; f__Exiguobacteraceae; g__Exiguobacterium,row_11,18,-6.840354545677158,42.84035454567716
d__Bacteria; p__Verrucomicrobiota; c__Verrucomicrobiae; o__Chthoniobacterales; f__Chthoniobacteraceae; g__Chthoniobacter; s__uncultured bacterium,row_12,46,,d__Bacteria; p__Verrucomicrobiota; c__Verrucomicrobiae; o__Chthoniobacterales; f__Chthoniobacteraceae; g__Chthoniobacter; s__uncultured bacterium,,d__Bacteria; p__Verrucomicrobiota; c__Verrucomicrobiae; o__Chthoniobacterales; f__Chthoniobacteraceae; g__Chthoniobacter; s__uncultured bacterium,row_12,46,21.159645454322842,70.84035454567716
d__Bacteria; p__Firmicutes; c__Bacilli; o__Exiguobacterales; f__Exiguobacteraceae; g__Exiguobacterium; s__Exiguobacterium indicum,row_1,10,,d__Bacteria; p__Firmicutes; c__Bacilli; o__Exiguobacterales; f__Exiguobacteraceae; g__Exiguobacterium; s__Exiguobacterium indicum,,d__Bacteria; p__Firmicutes; c__Bacilli; o__Exiguobacterales; f__Exiguobacteraceae; g__Exiguobacterium; s__Exiguobacterium indicum,row_1,10,-14.840354545677158,34.84035454567716
d__Bacteria; p__Actinobacteriota; c__Actinobacteria; o__Micrococcales; f__Microbacteriaceae; g__Candidatus Aquiluna; s__uncultured bacterium,row_2,52,,d__Bacteria; p__Actinobacteriota; c__Actinobacteria; o__Micrococcales; f__Microbacteriaceae; g__Candidatus Aquiluna; s__uncultured bacterium,,d__Bacteria; p__Actinobacteriota; c__Actinobacteria; o__Micrococcales; f__Microbacteriaceae; g__Candidatus Aquiluna; s__uncultured bacterium,row_2,52,27.159645454322842,76.84035454567716
d__Bacteria; p__Cyanobacteria; c__Cyanobacteriia; o__Synechococcales; f__Cyanobiaceae; g__Cyanobium PCC-6307; s__uncultured bacterium,row_3,57,,d__Bacteria; p__Cyanobacteria; c__Cyanobacteriia; o__Synechococcales; f__Cyanobiaceae; g__Cyanobium PCC-6307; s__uncultured bacterium,,d__Bacteria; p__Cyanobacteria; c__Cyanobacteriia; o__Synechococcales; f__Cyanobiaceae; g__Cyanobium PCC-6307; s__uncultured bacterium,row_3,57,32.15964545432284,81.84035454567716
d__Bacteria; p__Cyanobacteria; c__Cyanobacteriia; o__Synechococcales; f__Cyanobiaceae; g__Cyanobium PCC-6307; s__uncultured bacterium,row_4,26,,d__Bacteria; p__Cyanobacteria; c__Cyanobacteriia; o__Synechococcales; f__Cyanobiaceae; g__Cyanobium PCC-6307; s__uncultured bacterium,,d__Bacteria; p__Cyanobacteria; c__Cyanobacteriia; o__Synechococcales; f__Cyanobiaceae; g__Cyanobium PCC-6307; s__uncultured bacterium,row_4,26,1.1596454543228418,50.84035454567716
d__Bacteria; p__Bacteroidota; c__Kapabacteria; o__Kapabacteriales; f__norank; g__norank; s__uncultured bacterium,row_5,53,,d__Bacteria; p__Bacteroidota; c__Kapabacteria; o__Kapabacteriales; f__norank; g__norank; s__uncultured bacterium,,d__Bacteria; p__Bacteroidota; c__Kapabacteria; o__Kapabacteriales; f__norank; g__norank; s__uncultured bacterium,row_5,53,28.159645454322842,77.84035454567716
d__Bacteria; p__Proteobacteria; c__Alphaproteobacteria; o__Rhizobiales; f__Labraceae; g__Labrys; s__uncultured bacterium,row_6,263,,d__Bacteria; p__Proteobacteria; c__Alphaproteobacteria; o__Rhizobiales; f__Labraceae; g__Labrys; s__uncultured bacterium,,d__Bacteria; p__Proteobacteria; c__Alphaproteobacteria; o__Rhizobiales; f__Labraceae; g__Labrys; s__uncultured bacterium,row_6,263,238.15964545432286,287.84035454567714
d__Bacteria; p__Actinobacteriota; c__Actinobacteria; o__PeM15; f__norank; g__norank; s__uncultured bacterium,row_7,72,,d__Bacteria; p__Actinobacteriota; c__Actinobacteria; o__PeM15; f__norank; g__norank; s__uncultured bacterium,,d__Bacteria; p__Actinobacteriota; c__Actinobacteria; o__PeM15; f__norank; g__norank; s__uncultured bacterium,row_7,72,47.15964545432284,96.84035454567716
d__Bacteria; p__Bacteroidota; c__Bacteroidia; o__Sphingobacteriales; f__NS11-12 marine group; g__norank; s__uncultured bacterium,row_8,335,,d__Bacteria; p__Bacteroidota; c__Bacteroidia; o__Sphingobacteriales; f__NS11-12 marine group; g__norank; s__uncultured bacterium,,d__Bacteria; p__Bacteroidota; c__Bacteroidia; o__Sphingobacteriales; f__NS11-12 marine group; g__norank; s__uncultured bacterium,row_8,335,310.15964545432286,359.84035454567714
d__Bacteria; p__Actinobacteriota; c__Actinobacteria; o__Corynebacteriales; f__Mycobacteriaceae; g__Mycobacterium,row_9,199,,d__Bacteria; p__Actinobacteriota; c__Actinobacteria; o__Corynebacteriales; f__Mycobacteriaceae; g__Mycobacterium,,d__Bacteria; p__Actinobacteriota; c__Actinobacteria; o__Corynebacteriales; f__Mycobacteriaceae; g__Mycobacterium,row_9,199,174.15964545432286,223.84035454567714
d__Bacteria; p__Proteobacteria; c__Alphaproteobacteria; o__Rhizobiales; f__Beijerinckiaceae; g__FukuN57,row_10,204,,d__Bacteria; p__Proteobacteria; c__Alphaproteobacteria; o__Rhizobiales; f__Beijerinckiaceae; g__FukuN57,,d__Bacteria; p__Proteobacteria; c__Alphaproteobacteria; o__Rhizobiales; f__Beijerinckiaceae; g__FukuN57,row_10,204,179.15964545432286,228.84035454567714
d__Bacteria; p__Actinobacteriota; c__Acidimicrobiia; o__Microtrichales; f__Ilumatobacteraceae; g__CL500-29 marine group; s__uncultured bacterium,row_11,186,,d__Bacteria; p__Actinobacteriota; c__Acidimicrobiia; o__Microtrichales; f__Ilumatobacteraceae; g__CL500-29 marine group; s__uncultured bacterium,,d__Bacteria; p__Actinobacteriota; c__Acidimicrobiia; o__Microtrichales; f__Ilumatobacteraceae; g__CL500-29 marine group; s__uncultured bacterium,row_11,186,161.15964545432286,210.84035454567714
d__Bacteria; p__Cyanobacteria; c__Cyanobacteriia; o__Chloroplast; f__norank; g__norank,row_12,3,,d__Bacteria; p__Cyanobacteria; c__Cyanobacteriia; o__Chloroplast; f__norank; g__norank,,d__Bacteria; p__Cyanobacteria; c__Cyanobacteriia; o__Chloroplast; f__norank; g__norank,row_12,3,-21.840354545677158,27.840354545677158
d__Bacteria; p__Proteobacteria; c__Alphaproteobacteria; o__Rhodobacterales; f__Rhodobacteraceae; g__Paracoccus,row_1,17,,d__Bacteria; p__Proteobacteria; c__Alphaproteobacteria; o__Rhodobacterales; f__Rhodobacteraceae; g__Paracoccus,,d__Bacteria; p__Proteobacteria; c__Alphaproteobacteria; o__Rhodobacterales; f__Rhodobacteraceae; g__Paracoccus,row_1,17,-7.840354545677158,41.84035454567716
d__Bacteria; p__Actinobacteriota; c__Thermoleophilia; o__Solirubrobacterales; f__67-14; g__norank; s__uncultured bacterium,row_2,29,,d__Bacteria; p__Actinobacteriota; c__Thermoleophilia; o__Solirubrobacterales; f__67-14; g__norank; s__uncultured bacterium,,d__Bacteria; p__Actinobacteriota; c__Thermoleophilia; o__Solirubrobacterales; f__67-14; g__norank; s__uncultured bacterium,row_2,29,4.159645454322842,53.84035454567716
d__Bacteria; p__Proteobacteria; c__Alphaproteobacteria; o__Rhodobacterales; f__Rhodobacteraceae,row_3,7,,d__Bacteria; p__Proteobacteria; c__Alphaproteobacteria; o__Rhodobacterales; f__Rhodobacteraceae,,d__Bacteria; p__Proteobacteria; c__Alphaproteobacteria; o__Rhodobacterales; f__Rhodobacteraceae,row_3,7,-17.840354545677158,31.840354545677158
d__Bacteria; p__Verrucomicrobiota; c__Verrucomicrobiae; o__Verrucomicrobiales; f__Rubritaleaceae; g__Luteolibacter; s__uncultured bacterium,row_4,3,,d__Bacteria; p__Verrucomicrobiota; c__Verrucomicrobiae; o__Verrucomicrobiales; f__Rubritaleaceae; g__Luteolibacter; s__uncultured bacterium,,d__Bacteria; p__Verrucomicrobiota; c__Verrucomicrobiae; o__Verrucomicrobiales; f__Rubritaleaceae; g__Luteolibacter; s__uncultured bacterium,row_4,3,-21.840354545677158,27.840354545677158
d__Bacteria; p__Proteobacteria; c__Gammaproteobacteria; o__Gammaproteobacteria Incertae Sedis; f__Unknown Family; g__Acidibacter; s__uncultured bacterium,row_5,12,,d__Bacteria; p__Proteobacteria; c__Gammaproteobacteria; o__Gammaproteobacteria Incertae Sedis; f__Unknown Family; g__Acidibacter; s__uncultured bacterium,,d__Bacteria; p__Proteobacteria; c__Gammaproteobacteria; o__Gammaproteobacteria Incertae Sedis; f__Unknown Family; g__Acidibacter; s__uncultured bacterium,row_5,12,-12.840354545677158,36.84035454567716
d__Bacteria; p__Proteobacteria; c__Alphaproteobacteria; o__Acetobacterales; f__Acetobacteraceae; g__Roseomonas; s__metagenome,row_6,67,,d__Bacteria; p__Proteobacteria; c__Alphaproteobacteria; o__Acetobacterales; f__Acetobacteraceae; g__Roseomonas; s__metagenome,,d__Bacteria; p__Proteobacteria; c__Alphaproteobacteria; o__Acetobacterales; f__Acetobacteraceae; g__Roseomonas; s__metagenome,row_6,67,42.15964545432284,91.84035454567716
d__Bacteria; p__Bacteroidota; c__Kapabacteria; o__Kapabacteriales; f__norank; g__norank; s__uncultured bacterium,row_7,101,,d__Bacteria; p__Bacteroidota; c__Kapabacteria; o__Kapabacteriales; f__norank; g__norank; s__uncultured bacterium,,d__Bacteria; p__Bacteroidota; c__Kapabacteria; o__Kapabacteriales; f__norank; g__norank; s__uncultured bacterium,row_7,101,76.15964545432284,125.84035454567716
d__Bacteria; p__Proteobacteria; c__Gammaproteobacteria; o__Burkholderiales; f__Comamonadaceae; g__Hydrogenophaga,row_8,3,,d__Bacteria; p__Proteobacteria; c__Gammaproteobacteria; o__Burkholderiales; f__Comamonadaceae; g__Hydrogenophaga,,d__Bacteria; p__Proteobacteria; c__Gammaproteobacteria; o__Burkholderiales; f__Comamonadaceae; g__Hydrogenophaga,row_8,3,-21.840354545677158,27.840354545677158
d__Bacteria; p__Proteobacteria; c__Gammaproteobacteria; o__Burkholderiales; f__Chromobacteriaceae; g__Vogesella,row_9,0,,d__Bacteria; p__Proteobacteria; c__Gammaproteobacteria; o__Burkholderiales; f__Chromobacteriaceae; g__Vogesella,,d__Bacteria; p__Proteobacteria; c__Gammaproteobacteria; o__Burkholderiales; f__Chromobacteriaceae; g__Vogesella,row_9,0,-24.840354545677158,24.840354545677158
d__Bacteria; p__Cyanobacteria; c__Cyanobacteriia; o__Synechococcales; f__Cyanobiaceae; g__Cyanobium PCC-6307,row_10,26,,d__Bacteria; p__Cyanobacteria; c__Cyanobacteriia; o__Synechococcales; f__Cyanobiaceae; g__Cyanobium PCC-6307,,d__Bacteria; p__Cyanobacteria; c__Cyanobacteriia; o__Synechococcales; f__Cyanobiaceae; g__Cyanobium PCC-6307,row_10,26,1.1596454543228418,50.84035454567716
d__Bacteria; p__Bacteroidota; c__Bacteroidia; o__Sphingobacteriales; f__env.OPS 17; g__norank; s__uncultured bacterium,row_11,128,,d__Bacteria; p__Bacteroidota; c__Bacteroidia; o__Sphingobacteriales; f__env.OPS 17; g__norank; s__uncultured bacterium,,d__Bacteria; p__Bacteroidota; c__Bacteroidia; o__Sphingobacteriales; f__env.OPS 17; g__norank; s__uncultured bacterium,row_11,128,103.15964545432284,152.84035454567714
d__Bacteria; p__Actinobacteriota; c__Actinobacteria; o__PeM15; f__norank; g__norank; s__metagenome,row_12,151,,d__Bacteria; p__Actinobacteriota; c__Actinobacteria; o__PeM15; f__norank; g__norank; s__metagenome,,d__Bacteria; p__Actinobacteriota; c__Actinobacteria; o__PeM15; f__norank; g__norank; s__metagenome,row_12,151,126.15964545432284,175.84035454567714
d__Bacteria; p__Proteobacteria; c__Gammaproteobacteria; o__Burkholderiales; f__Comamonadaceae; g__Comamonas,row_1,30,,d__Bacteria; p__Proteobacteria; c__Gammaproteobacteria; o__Burkholderiales; f__Comamonadaceae; g__Comamonas,,d__Bacteria; p__Proteobacteria; c__Gammaproteobacteria; o__Burkholderiales; f__Comamonadaceae; g__Comamonas,row_1,30,5.159645454322842,54.84035454567716
d__Bacteria; p__Verrucomicrobiota; c__Verrucomicrobiae; o__Chthoniobacterales; f__Chthoniobacteraceae; g__Chthoniobacter; s__uncultured bacterium,row_2,36,,d__Bacteria; p__Verrucomicrobiota; c__Verrucomicrobiae; o__Chthoniobacterales; f__Chthoniobacteraceae; g__Chthoniobacter; s__uncultured bacterium,,d__Bacteria; p__Verrucomicrobiota; c__Verrucomicrobiae; o__Chthoniobacterales; f__Chthoniobacteraceae; g__Chthoniobacter; s__uncultured bacterium,row_2,36,11.159645454322842,60.84035454567716
d__Bacteria; p__Proteobacteria; c__Alphaproteobacteria; o__Rhizobiales; f__Beijerinckiaceae; g__alphaI cluster,row_3,233,,d__Bacteria; p__Proteobacteria; c__Alphaproteobacteria; o__Rhizobiales; f__Beijerinckiaceae; g__alphaI cluster,,d__Bacteria; p__Proteobacteria; c__Alphaproteobacteria; o__Rhizobiales; f__Beijerinckiaceae; g__alphaI cluster,row_3,233,208.15964545432286,257.84035454567714
d__Bacteria; p__Planctomycetota; c__Phycisphaerae; o__Phycisphaerales; f__Phycisphaeraceae; g__CL500-3; s__uncultured bacterium,row_4,193,,d__Bacteria; p__Planctomycetota; c__Phycisphaerae; o__Phycisphaerales; f__Phycisphaeraceae; g__CL500-3; s__uncultured bacterium,,d__Bacteria; p__Planctomycetota; c__Phycisphaerae; o__Phycisphaerales; f__Phycisphaeraceae; g__CL500-3; s__uncultured bacterium,row_4,193,168.15964545432286,217.84035454567714
d__Bacteria; p__Actinobacteriota; c__Actinobacteria; o__Corynebacteriales; f__Mycobacteriaceae; g__Mycobacterium; s__uncultured bacterium,row_5,176,,d__Bacteria; p__Actinobacteriota; c__Actinobacteria; o__Corynebacteriales; f__Mycobacteriaceae; g__Mycobacterium; s__uncultured bacterium,,d__Bacteria; p__Actinobacteriota; c__Actinobacteria; o__Corynebacteriales; f__Mycobacteriaceae; g__Mycobacterium; s__uncultured bacterium,row_5,176,151.15964545432286,200.84035454567714
d__Bacteria; p__Proteobacteria; c__Alphaproteobacteria; o__Rhodobacterales; f__Rhodobacteraceae; g__Rhodobacter; s__uncultured bacterium,row_6,14,,d__Bacteria; p__Proteobacteria; c__Alphaproteobacteria; o__Rhodobacterales; f__Rhodobacteraceae; g__Rhodobacter; s__uncultured bacterium,,d__Bacteria; p__Proteobacteria; c__Alphaproteobacteria; o__Rhodobacterales; f__Rhodobacteraceae; g__Rhodobacter; s__uncultured bacterium,row_6,14,-10.840354545677158,38.84035454567716
d__Bacteria; p__Bacteroidota; c__Bacteroidia; o__Flavobacteriales; f__NS9 marine group; g__norank; s__uncultured Bacteroidetes bacterium,row_7,34,,d__Bacteria; p__Bacteroidota; c__Bacteroidia; o__Flavobacteriales; f__NS9 marine group; g__norank; s__uncultured Bacteroidetes bacterium,,d__Bacteria; p__Bacteroidota; c__Bacteroidia; o__Flavobacteriales; f__NS9 marine group; g__norank; s__uncultured Bacteroidetes bacterium,row_7,34,9.159645454322842,58.84035454567716
d__Bacteria; p__Verrucomicrobiota; c__Verrucomicrobiae; o__Chthoniobacterales; f__Terrimicrobiaceae; g__Terrimicrobium; s__uncultured bacterium,row_8,38,,d__Bacteria; p__Verrucomicrobiota; c__Verrucomicrobiae; o__Chthoniobacterales; f__Terrimicrobiaceae; g__Terrimicrobium; s__uncultured bacterium,,d__Bacteria; p__Verrucomicrobiota; c__Verrucomicrobiae; o__Chthoniobacterales; f__Terrimicrobiaceae; g__Terrimicrobium; s__uncultured bacterium,row_8,38,13.159645454322842,62.84035454567716
d__Bacteria; p__Verrucomicrobiota; c__Verrucomicrobiae; o__Verrucomicrobiales; f__DEV007; g__norank; s__uncultured bacterium,row_9,23,,d__Bacteria; p__Verrucomicrobiota; c__Verrucomicrobiae; o__Verrucomicrobiales; f__DEV007; g__norank; s__uncultured bacterium,,d__Bacteria; p__Verrucomicrobiota; c__Verrucomicrobiae; o__Verrucomicrobiales; f__DEV007; g__norank; s__uncultured bacterium,row_9,23,-1.8403545456771582,47.84035454567716
d__Bacteria; p__Proteobacteria; c__Alphaproteobacteria; o__Rhodobacterales; f__Rhodobacteraceae; g__Rhodobacter,row_10,124,,d__Bacteria; p__Proteobacteria; c__Alphaproteobacteria; o__Rhodobacterales; f__Rhodobacteraceae; g__Rhodobacter,,d__Bacteria; p__Proteobacteria; c__Alphaproteobacteria; o__Rhodobacterales; f__Rhodobacteraceae; g__Rhodobacter,row_10,124,99.15964545432284,148.84035454567714
d__Bacteria; p__Proteobacteria; c__Gammaproteobacteria; o__Burkholderiales; f__Burkholderiaceae; g__Limnobacter; s__uncultured bacterium,row_11,40,,d__Bacteria; p__Proteobacteria; c__Gammaproteobacteria; o__Burkholderiales; f__Burkholderiaceae; g__Limnobacter; s__uncultured bacterium,,d__Bacteria; p__Proteobacteria; c__Gammaproteobacteria; o__Burkholderiales; f__Burkholderiaceae; g__Limnobacter; s__uncultured bacterium,row_11,40,15.159645454322842,64.84035454567716
d__Bacteria; p__Cyanobacteria; c__Cyanobacteriia; o__Cyanobacteriales; f__Microcystaceae; g__Microcystis PCC-7914,row_12,39,,d__Bacteria; p__Cyanobacteria; c__Cyanobacteriia; o__Cyanobacteriales; f__Microcystaceae; g__Microcystis PCC-7914,,d__Bacteria; p__Cyanobacteria; c__Cyanobacteriia; o__Cyanobacteriales; f__Microcystaceae; g__Microcystis PCC-7914,row_12,39,14.159645454322842,63.84035454567716
d__Bacteria; p__Bacteroidota; c__Bacteroidia; o__Chitinophagales; f__Saprospiraceae; g__uncultured,row_1,49,,d__Bacteria; p__Bacteroidota; c__Bacteroidia; o__Chitinophagales; f__Saprospiraceae; g__uncultured,,d__Bacteria; p__Bacteroidota; c__Bacteroidia; o__Chitinophagales; f__Saprospiraceae; g__uncultured,row_1,49,24.159645454322842,73.84035454567716
d__Bacteria; p__Proteobacteria; c__Alphaproteobacteria; o__Rhizobiales; f__Beijerinckiaceae; g__alphaI cluster; s__metagenome,row_2,134,,d__Bacteria; p__Proteobacteria; c__Alphaproteobacteria; o__Rhizobiales; f__Beijerinckiaceae; g__alphaI cluster; s__metagenome,,d__Bacteria; p__Proteobacteria; c__Alphaproteobacteria; o__Rhizobiales; f__Beijerinckiaceae; g__alphaI cluster; s__metagenome,row_2,134,109.15964545432284,158.84035454567714
d__Bacteria; p__Chloroflexi; c__Chloroflexia; o__Chloroflexales; f__Herpetosiphonaceae; g__Herpetosiphon; s__Herpetosiphon aurantiacus DSM 785,row_3,4,,d__Bacteria; p__Chloroflexi; c__Chloroflexia; o__Chloroflexales; f__Herpetosiphonaceae; g__Herpetosiphon; s__Herpetosiphon aurantiacus DSM 785,,d__Bacteria; p__Chloroflexi; c__Chloroflexia; o__Chloroflexales; f__Herpetosiphonaceae; g__Herpetosiphon; s__Herpetosiphon aurantiacus DSM 785,row_3,4,-20.840354545677158,28.840354545677158
d__Bacteria; p__Chloroflexi; c__Anaerolineae; o__Caldilineales; f__Caldilineaceae; g__uncultured; s__uncultured bacterium,row_4,32,,d__Bacteria; p__Chloroflexi; c__Anaerolineae; o__Caldilineales; f__Caldilineaceae; g__uncultured; s__uncultured bacterium,,d__Bacteria; p__Chloroflexi; c__Anaerolineae; o__Caldilineales; f__Caldilineaceae; g__uncultured; s__uncultured bacterium,row_4,32,7.159645454322842,56.84035454567716
d__Bacteria; p__Proteobacteria; c__Alphaproteobacteria; o__Rhizobiales; f__Rhizobiales Incertae Sedis; g__uncultured; s__uncultured bacterium,row_5,122,,d__Bacteria; p__Proteobacteria; c__Alphaproteobacteria; o__Rhizobiales; f__Rhizobiales Incertae Sedis; g__uncultured; s__uncultured bacterium,,d__Bacteria; p__Proteobacteria; c__Alphaproteobacteria; o__Rhizobiales; f__Rhizobiales Incertae Sedis; g__uncultured; s__uncultured bacterium,row_5,122,97.15964545432284,146.84035454567714
d__Bacteria; p__Proteobacteria; c__Gammaproteobacteria; o__Burkholderiales; f__Comamonadaceae,row_6,15,,d__Bacteria; p__Proteobacteria; c__Gammaproteobacteria; o__Burkholderiales; f__Comamonadaceae,,d__Bacteria; p__Proteobacteria; c__Gammaproteobacteria; o__Burkholderiales; f__Comamonadaceae,row_6,15,-9.840354545677158,39.84035454567716
d__Bacteria; p__Proteobacteria; c__Gammaproteobacteria; o__Pseudomonadales; f__Pseudohongiellaceae; g__Pseudohongiella; s__metagenome,row_7,36,,d__Bacteria; p__Proteobacteria; c__Gammaproteobacteria; o__Pseudomonadales; f__Pseudohongiellaceae; g__Pseudohongiella; s__metagenome,,d__Bacteria; p__Proteobacteria; c__Gammaproteobacteria; o__Pseudomonadales; f__Pseudohongiellaceae; g__Pseudohongiella; s__metagenome,row_7,36,11.159645454322842,60.84035454567716
d__Bacteria; p__Actinobacteriota; c__Actinobacteria; o__Frankiales; f__Sporichthyaceae; g__hgcI clade,row_8,43,,d__Bacteria; p__Actinobacteriota; c__Actinobacteria; o__Frankiales; f__Sporichthyaceae; g__hgcI clade,,d__Bacteria; p__Actinobacteriota; c__Actinobacteria; o__Frankiales; f__Sporichthyaceae; g__hgcI clade,row_8,43,18.159645454322842,67.84035454567716
d__Bacteria; p__Actinobacteriota; c__Acidimicrobiia; o__Microtrichales; f__Ilumatobacteraceae; g__CL500-29 marine group,row_9,12,,d__Bacteria; p__Actinobacteriota; c__Acidimicrobiia; o__Microtrichales; f__Ilumatobacteraceae; g__CL500-29 marine group,,d__Bacteria; p__Actinobacteriota; c__Acidimicrobiia; o__Microtrichales; f__Ilumatobacteraceae; g__CL500-29 marine group,row_9,12,-12.840354545677158,36.84035454567716
d__Bacteria; p__Actinobacteriota; c__Acidimicrobiia; o__Microtrichales; f__Ilumatobacteraceae; g__CL500-29 marine group; s__uncultured bacterium,row_10,0,,d__Bacteria; p__Actinobacteriota; c__Acidimicrobiia; o__Microtrichales; f__Ilumatobacteraceae; g__CL500-29 marine group; s__uncultured bacterium,,d__Bacteria; p__Actinobacteriota; c__Acidimicrobiia; o__Microtrichales; f__Ilumatobacteraceae; g__CL500-29 marine group; s__uncultured bacterium,row_10,0,-24.840354545677158,24.840354545677158
d__Bacteria; p__Cyanobacteria; c__Cyanobacteriia; o__Chloroplast; f__norank; g__norank,row_11,14,,d__Bacteria; p__Cyanobacteria; c__Cyanobacteriia; o__Chloroplast; f__norank; g__norank,,d__Bacteria; p__Cyanobacteria; c__Cyanobacteriia; o__Chloroplast; f__norank; g__norank,row_11,14,-10.840354545677158,38.84035454567716
d__Bacteria; p__Cyanobacteria; c__Cyanobacteriia; o__Cyanobacteriales; f__Phormidiaceae; g__Planktothrix NIVA-CYA 15; s__uncultured bacterium,row_12,22,,d__Bacteria; p__Cyanobacteria; c__Cyanobacteriia; o__Cyanobacteriales; f__Phormidiaceae; g__Planktothrix NIVA-CYA 15; s__uncultured bacterium,,d__Bacteria; p__Cyanobacteria; c__Cyanobacteriia; o__Cyanobacteriales; f__Phormidiaceae; g__Planktothrix NIVA-CYA 15; s__uncultured bacterium,row_12,22,-2.840354545677158,46.84035454567716
d__Bacteria; p__Verrucomicrobiota; c__Verrucomicrobiae; o__Verrucomicrobiales; f__Verrucomicrobiaceae; g__Prosthecobacter; s__uncultured bacterium,row_1,41,,d__Bacteria; p__Verrucomicrobiota; c__Verrucomicrobiae; o__Verrucomicrobiales; f__Verrucomicrobiaceae; g__Prosthecobacter; s__uncultured bacterium,,d__Bacteria; p__Verrucomicrobiota; c__Verrucomicrobiae; o__Verrucomicrobiales; f__Verrucomicrobiaceae; g__Prosthecobacter; s__uncultured bacterium,row_1,41,16.159645454322842,65.84035454567716
d__Bacteria; p__Proteobacteria; c__Gammaproteobacteria; o__Burkholderiales; f__Comamonadaceae; g__Leptothrix; s__uncultured bacterium,row_2,76,,d__Bacteria; p__Proteobacteria; c__Gammaproteobacteria; o__Burkholderiales; f__Comamonadaceae; g__Leptothrix; s__uncultured bacterium,,d__Bacteria; p__Proteobacteria; c__Gammaproteobacteria; o__Burkholderiales; f__Comamonadaceae; g__Leptothrix; s__uncultured bacterium,row_2,76,51.15964545432284,100.84035454567716
d__Bacteria; p__Bacteroidota; c__Kapabacteria; o__Kapabacteriales; f__norank; g__norank,row_3,38,,d__Bacteria; p__Bacteroidota; c__Kapabacteria; o__Kapabacteriales; f__norank; g__norank,,d__Bacteria; p__Bacteroidota; c__Kapabacteria; o__Kapabacteriales; f__norank; g__norank,row_3,38,13.159645454322842,62.84035454567716
d__Bacteria; p__Cyanobacteria; c__Cyanobacteriia; o__Synechococcales; f__Cyanobiaceae; g__Cyanobium PCC-6307,row_4,35,,d__Bacteria; p__Cyanobacteria; c__Cyanobacteriia; o__Synechococcales; f__Cyanobiaceae; g__Cyanobium PCC-6307,,d__Bacteria; p__Cyanobacteria; c__Cyanobacteriia; o__Synechococcales; f__Cyanobiaceae; g__Cyanobium PCC-6307,row_4,35,10.159645454322842,59.84035454567716
d__Bacteria; p__Cyanobacteria; c__Cyanobacteriia; o__Synechococcales; f__Cyanobiaceae; g__Cyanobium PCC-6307; s__uncultured bacterium,row_5,6,,d__Bacteria; p__Cyanobacteria; c__Cyanobacteriia; o__Synechococcales; f__Cyanobiaceae; g__Cyanobium PCC-6307; s__uncultured bacterium,,d__Bacteria; p__Cyanobacteria; c__Cyanobacteriia; o__Synechococcales; f__Cyanobiaceae; g__Cyanobium PCC-6307; s__uncultured bacterium,row_5,6,-18.840354545677158,30.840354545677158
d__Bacteria; p__Proteobacteria; c__Alphaproteobacteria; o__Rhizobiales; f__Beijerinckiaceae; g__Methylosinus,row_6,27,,d__Bacteria; p__Proteobacteria; c__Alphaproteobacteria; o__Rhizobiales; f__Beijerinckiaceae; g__Methylosinus,,d__Bacteria; p__Proteobacteria; c__Alphaproteobacteria; o__Rhizobiales; f__Beijerinckiaceae; g__Methylosinus,row_6,27,2.159645454322842,51.84035454567716
d__Bacteria; p__Proteobacteria; c__Alphaproteobacteria; o__Rhodobacterales; f__Rhodobacteraceae; g__Rhodobacter,row_7,4,,d__Bacteria; p__Proteobacteria; c__Alphaproteobacteria; o__Rhodobacterales; f__Rhodobacteraceae; g__Rhodobacter,,d__Bacteria; p__Proteobacteria; c__Alphaproteobacteria; o__Rhodobacterales; f__Rhodobacteraceae; g__Rhodobacter,row_7,4,-20.840354545677158,28.840354545677158
d__Bacteria; p__Bacteroidota; c__Bacteroidia; o__Sphingobacteriales; f__NS11-12 marine group; g__norank; s__uncultured bacterium,row_8,18,,d__Bacteria; p__Bacteroidota; c__Bacteroidia; o__Sphingobacteriales; f__NS11-12 marine group; g__norank; s__uncultured bacterium,,d__Bacteria; p__Bacteroidota; c__Bacteroidia; o__Sphingobacteriales; f__NS11-12 marine group; g__norank; s__uncultured bacterium,row_8,18,-6.840354545677158,42.84035454567716
d__Bacteria; p__Acidobacteriota; c__Blastocatellia; o__11-24; f__norank; g__norank; s__uncultured bacterium,row_9,25,,d__Bacteria; p__Acidobacteriota; c__Blastocatellia; o__11-24; f__norank; g__norank; s__uncultured bacterium,,d__Bacteria; p__Acidobacteriota; c__Blastocatellia; o__11-24; f__norank; g__norank; s__uncultured bacterium,row_9,25,0.15964545432284183,49.84035454567716
d__Bacteria; p__Bacteroidota; c__Bacteroidia; o__Chitinophagales; f__Chitinophagaceae; g__Dinghuibacter,row_10,46,,d__Bacteria; p__Bacteroidota; c__Bacteroidia; o__Chitinophagales; f__Chitinophagaceae; g__Dinghuibacter,,d__Bacteria; p__Bacteroidota; c__Bacteroidia; o__Chitinophagales; f__Chitinophagaceae; g__Dinghuibacter,row_10,46,21.159645454322842,70.84035454567716
d__Bacteria; p__Bacteroidota; c__Bacteroidia; o__Flavobacteriales; f__Flavobacteriaceae; g__Flavobacterium,row_11,21,,d__Bacteria; p__Bacteroidota; c__Bacteroidia; o__Flavobacteriales; f__Flavobacteriaceae; g__Flavobacterium,,d__Bacteria; p__Bacteroidota; c__Bacteroidia; o__Flavobacteriales; f__Flavobacteriaceae; g__Flavobacterium,row_11,21,-3.840354545677158,45.84035454567716
d__Bacteria; p__Proteobacteria; c__Gammaproteobacteria; o__Burkholderiales; f__Comamonadaceae; g__Hydrogenophaga; s__uncultured bacterium,row_12,69,,d__Bacteria; p__Proteobacteria; c__Gammaproteobacteria; o__Burkholderiales; f__Comamonadaceae; g__Hydrogenophaga; s__uncultured bacterium,,d__Bacteria; p__Proteobacteria; c__Gammaproteobacteria; o__Burkholderiales; f__Comamonadaceae; g__Hydrogenophaga; s__uncultured bacterium,row_12,69,44.15964545432284,93.84035454567716
d__Bacteria; p__Proteobacteria; c__Gammaproteobacteria; o__Burkholderiales; f__Burkholderiaceae; g__Limnobacter; s__uncultured beta proteobacterium,row_1,31,,d__Bacteria; p__Proteobacteria; c__Gammaproteobacteria; o__Burkholderiales; f__Burkholderiaceae; g__Limnobacter; s__uncultured beta proteobacterium,,d__Bacteria; p__Proteobacteria; c__Gammaproteobacteria; o__Burkholderiales; f__Burkholderiaceae; g__Limnobacter; s__uncultured beta proteobacterium,row_1,31,6.159645454322842,55.84035454567716
d__Bacteria; p__Proteobacteria; c__Gammaproteobacteria; o__Burkholderiales; f__Burkholderiaceae; g__Polynucleobacter; s__Polynucleobacter cosmopolitanus,row_2,124,,d__Bacteria; p__Proteobacteria; c__Gammaproteobacteria; o__Burkholderiales; f__Burkholderiaceae; g__Polynucleobacter; s__Polynucleobacter cosmopolitanus,,d__Bacteria; p__Proteobacteria; c__Gammaproteobacteria; o__Burkholderiales; f__Burkholderiaceae; g__Polynucleobacter; s__Polynucleobacter cosmopolitanus,row_2,124,99.15964545432284,148.84035454567714
d__Bacteria; p__Proteobacteria; c__Gammaproteobacteria; o__Gammaproteobacteria Incertae Sedis; f__Unknown Family; g__Acidibacter; s__uncultured bacterium,row_3,45,,d__Bacteria; p__Proteobacteria; c__Gammaproteobacteria; o__Gammaproteobacteria Incertae Sedis; f__Unknown Family; g__Acidibacter; s__uncultured bacterium,,d__Bacteria; p__Proteobacteria; c__Gammaproteobacteria; o__Gammaproteobacteria Incertae Sedis; f__Unknown Family; g__Acidibacter; s__uncultured bacterium,row_3,45,20.159645454322842,69.84035454567716
d__Bacteria; p__Proteobacteria; c__Gammaproteobacteria; o__Burkholderiales; f__Comamonadaceae; g__Paucibacter,row_4,1,,d__Bacteria; p__Proteobacteria; c__Gammaproteobacteria; o__Burkholderiales; f__Comamonadaceae; g__Paucibacter,,d__Bacteria; p__Proteobacteria; c__Gammaproteobacteria; o__Burkholderiales; f__Comamonadaceae; g__Paucibacter,row_4,1,-23.840354545677158,25.840354545677158
d__Bacteria; p__Bacteroidota; c__Bacteroidia; o__Cytophagales; f__Microscillaceae; g__uncultured; s__uncultured bacterium,row_5,37,,d__Bacteria; p__Bacteroidota; c__Bacteroidia; o__Cytophagales; f__Microscillaceae; g__uncultured; s__uncultured bacterium,,d__Bacteria; p__Bacteroidota; c__Bacteroidia; o__Cytophagales; f__Microscillaceae; g__uncultured; s__uncultured bacterium,row_5,37,12.159645454322842,61.84035454567716
d__Bacteria; p__Proteobacteria; c__Gammaproteobacteria; o__Steroidobacterales; f__Steroidobacteraceae; g__uncultured; s__uncultured bacterium,row_6,4,,d__Bacteria; p__Proteobacteria; c__Gammaproteobacteria; o__Steroidobacterales; f__Steroidobacteraceae; g__uncultured; s__uncultured bacterium,,d__Bacteria; p__Proteobacteria; c__Gammaproteobacteria; o__Steroidobacterales; f__Steroidobacteraceae; g__uncultured; s__uncultured bacterium,row_6,4,-20.840354545677158,28.840354545677158
d__Bacteria; p__Bacteroidota; c__Bacteroidia; o__Chitinophagales; f__Saprospiraceae; g__uncultured; s__uncultured Bacteroidetes bacterium,row_7,9,,d__Bacteria; p__Bacteroidota; c__Bacteroidia; o__Chitinophagales; f__Saprospiraceae; g__uncultured; s__uncultured Bacteroidetes bacterium,,d__Bacteria; p__Bacteroidota; c__Bacteroidia; o__Chitinophagales; f__Saprospiraceae; g__uncultured; s__uncultured Bacteroidetes bacterium,row_7,9,-15.840354545677158,33.84035454567716
d__Bacteria; p__Proteobacteria; c__Gammaproteobacteria; o__Gammaproteobacteria Incertae Sedis; f__Unknown Family; g__Candidatus Berkiella; s__uncultured bacterium,row_8,0,,d__Bacteria; p__Proteobacteria; c__Gammaproteobacteria; o__Gammaproteobacteria Incertae Sedis; f__Unknown Family; g__Candidatus Berkiella; s__uncultured bacterium,,d__Bacteria; p__Proteobacteria; c__Gammaproteobacteria; o__Gammaproteobacteria Incertae Sedis; f__Unknown Family; g__Candidatus Berkiella; s__uncultured bacterium,row_8,0,-24.840354545677158,24.840354545677158
d__Bacteria; p__Proteobacteria; c__Alphaproteobacteria; o__Rhizobiales; f__Rhizobiales Incertae Sedis; g__Phreatobacter,row_9,22,,d__Bacteria; p__Proteobacteria; c__Alphaproteobacteria; o__Rhizobiales; f__Rhizobiales Incertae Sedis; g__Phreatobacter,,d__Bacteria; p__Proteobacteria; c__Alphaproteobacteria; o__Rhizobiales; f__Rhizobiales Incertae Sedis; g__Phreatobacter,row_9,22,-2.840354545677158,46.84035454567716
d__Bacteria; p__Proteobacteria; c__Gammaproteobacteria; o__Burkholderiales; f__Burkholderiaceae; g__Lautropia; s__uncultured bacterium,row_10,22,,d__Bacteria; p__Proteobacteria; c__Gammaproteobacteria; o__Burkholderiales; f__Burkholderiaceae; g__Lautropia; s__uncultured bacterium,,d__Bacteria; p__Proteobacteria; c__Gammaproteobacteria; o__Burkholderiales; f__Burkholderiaceae; g__Lautropia; s__uncultured bacterium,row_10,22,-2.840354545677158,46.84035454567716
d__Bacteria; p__Proteobacteria; c__Gammaproteobacteria; o__Legionellales; f__Legionellaceae; g__Legionella; s__uncultured bacterium,row_11,46,,d__Bacteria; p__Proteobacteria; c__Gammaproteobacteria; o__Legionellales; f__Legionellaceae; g__Legionella; s__uncultured bacterium,,d__Bacteria; p__Proteobacteria; c__Gammaproteobacteria; o__Legionellales; f__Legionellaceae; g__Legionella; s__uncultured bacterium,row_11,46,21.159645454322842,70.84035454567716
d__Bacteria; p__Proteobacteria; c__Gammaproteobacteria; o__Burkholderiales; f__Comamonadaceae,row_12,23,,d__Bacteria; p__Proteobacteria; c__Gammaproteobacteria; o__Burkholderiales; f__Comamonadaceae,,d__Bacteria; p__Proteobacteria; c__Gammaproteobacteria; o__Burkholderiales; f__Comamonadaceae,row_12,23,-1.8403545456771582,47.84035454567716
d__Bacteria; p__Bacteroidota; c__Kapabacteria; o__Kapabacteriales; f__norank; g__norank; s__metagenome,row_1,40,,d__Bacteria; p__Bacteroidota; c__Kapabacteria; o__Kapabacteriales; f__norank; g__norank; s__metagenome,,d__Bacteria; p__Bacteroidota; c__Kapabacteria; o__Kapabacteriales; f__norank; g__norank; s__metagenome,row_1,40,15.159645454322842,64.84035454567716
d__Bacteria; p__Proteobacteria; c__Alphaproteobacteria; o__Rhizobiales; f__Rhizobiaceae; g__Allorhizobium-Neorhizobium-Pararhizobium-Rhizobium; s__uncultured bacterium,row_2,8,,d__Bacteria; p__Proteobacteria; c__Alphaproteobacteria; o__Rhizobiales; f__Rhizobiaceae; g__Allorhizobium-Neorhizobium-Pararhizobium-Rhizobium; s__uncultured bacterium,,d__Bacteria; p__Proteobacteria; c__Alphaproteobacteria; o__Rhizobiales; f__Rhizobiaceae; g__Allorhizobium-Neorhizobium-Pararhizobium-Rhizobium; s__uncultured bacterium,row_2,8,-16.840354545677158,32.84035454567716
d__Bacteria; p__Bacteroidota; c__Bacteroidia; o__Chitinophagales; f__Chitinophagaceae,row_3,1,,d__Bacteria; p__Bacteroidota; c__Bacteroidia; o__Chitinophagales; f__Chitinophagaceae,,d__Bacteria; p__Bacteroidota; c__Bacteroidia; o__Chitinophagales; f__Chitinophagaceae,row_3,1,-23.840354545677158,25.840354545677158
d__Bacteria; p__Proteobacteria; c__Gammaproteobacteria; o__Burkholderiales; f__Comamonadaceae; g__Rhizobacter,row_4,3,,d__Bacteria; p__Proteobacteria; c__Gammaproteobacteria; o__Burkholderiales; f__Comamonadaceae; g__Rhizobacter,,d__Bacteria; p__Proteobacteria; c__Gammaproteobacteria; o__Burkholderiales; f__Comamonadaceae; g__Rhizobacter,row_4,3,-21.840354545677158,27.840354545677158
d__Bacteria; p__Actinobacteriota; c__Thermoleophilia; o__Gaiellales; f__uncultured; g__norank; s__uncultured bacterium,row_5,37,,d__Bacteria; p__Actinobacteriota; c__Thermoleophilia; o__Gaiellales; f__uncultured; g__norank; s__uncultured bacterium,,d__Bacteria; p__Actinobacteriota; c__Thermoleophilia; o__Gaiellales; f__uncultured; g__norank; s__uncultured bacterium,row_5,37,12.159645454322842,61.84035454567716
d__Bacteria; p__Actinobacteriota; c__Actinobacteria; o__Frankiales; f__Sporichthyaceae; g__hgcI clade; s__uncultured bacterium,row_6,28,,d__Bacteria; p__Actinobacteriota; c__Actinobacteria; o__Frankiales; f__Sporichthyaceae; g__hgcI clade; s__uncultured bacterium,,d__Bacteria; p__Actinobacteriota; c__Actinobacteria; o__Frankiales; f__Sporichthyaceae; g__hgcI clade; s__uncultured bacterium,row_6,28,3.159645454322842,52.84035454567716
d__Bacteria; p__Actinobacteriota; c__Actinobacteria; o__Frankiales; f__Sporichthyaceae; g__hgcI clade,row_7,18,,d__Bacteria; p__Actinobacteriota; c__Actinobacteria; o__Frankiales; f__Sporichthyaceae; g__hgcI clade,,d__Bacteria; p__Actinobacteriota; c__Actinobacteria; o__Frankiales; f__Sporichthyaceae; g__hgcI clade,row_7,18,-6.840354545677158,42.84035454567716
d__Bacteria; p__Actinobacteriota; c__Acidimicrobiia; o__Microtrichales; f__Ilumatobacteraceae; g__CL500-29 marine group; s__uncultured bacterium,row_8,57,,d__Bacteria; p__Actinobacteriota; c__Acidimicrobiia; o__Microtrichales; f__Ilumatobacteraceae; g__CL500-29 marine group; s__uncultured bacterium,,d__Bacteria; p__Actinobacteriota; c__Acidimicrobiia; o__Microtrichales; f__Ilumatobacteraceae; g__CL500-29 marine group; s__uncultured bacterium,row_8,57,32.15964545432284,81.84035454567716
d__Bacteria; p__Proteobacteria; c__Gammaproteobacteria; o__Burkholderiales; f__Nitrosomonadaceae; g__966-1; s__uncultured bacterium,row_9,22,,d__Bacteria; p__Proteobacteria; c__Gammaproteobacteria; o__Burkholderiales; f__Nitrosomonadaceae; g__966-1; s__uncultured bacterium,,d__Bacteria; p__Proteobacteria; c__Gammaproteobacteria; o__Burkholderiales; f__Nitrosomonadaceae; g__966-1; s__uncultured bacterium,row_9,22,-2.840354545677158,46.84035454567716
d__Bacteria; p__Proteobacteria; c__Alphaproteobacteria; o__Rhodobacterales; f__Rhodobacteraceae; g__Gemmobacter,row_10,7,,d__Bacteria; p__Proteobacteria; c__Alphaproteobacteria; o__Rhodobacterales; f__Rhodobacteraceae; g__Gemmobacter,,d__Bacteria; p__Proteobacteria; c__Alphaproteobacteria; o__Rhodobacterales; f__Rhodobacteraceae; g__Gemmobacter,row_10,7,-17.840354545677158,31.840354545677158
d__Bacteria; p__Proteobacteria; c__Gammaproteobacteria; o__Burkholderiales; f__Comamonadaceae,row_11,1,,d__Bacteria; p__Proteobacteria; c__Gammaproteobacteria; o__Burkholderiales; f__Comamonadaceae,,d__Bacteria; p__Proteobacteria; c__Gammaproteobacteria; o__Burkholderiales; f__Comamonadaceae,row_11,1,-23.840354545677158,25.840354545677158
d__Bacteria; p__Actinobacteriota; c__Acidimicrobiia; o__Microtrichales; f__Ilumatobacteraceae; g__CL500-29 marine group; s__uncultured bacterium,row_12,22,,d__Bacteria; p__Actinobacteriota; c__Acidimicrobiia; o__Microtrichales; f__Ilumatobacteraceae; g__CL500-29 marine group; s__uncultured bacterium,,d__Bacteria; p__Actinobacteriota; c__Acidimicrobiia; o__Microtrichales; f__Ilumatobacteraceae; g__CL500-29 marine group; s__uncultured bacterium,row_12,22,-2.840354545677158,46.84035454567716
d__Bacteria; p__Verrucomicrobiota; c__Verrucomicrobiae; o__Opitutales; f__Opitutaceae; g__Opitutus,row_1,7,,d__Bacteria; p__Verrucomicrobiota; c__Verrucomicrobiae; o__Opitutales; f__Opitutaceae; g__Opitutus,,d__Bacteria; p__Verrucomicrobiota; c__Verrucomicrobiae; o__Opitutales; f__Opitutaceae; g__Opitutus,row_1,7,-17.840354545677158,31.840354545677158
d__Bacteria; p__Bdellovibrionota; c__Oligoflexia; o__Oligoflexales; f__Oligoflexaceae; g__uncultured; s__uncultured bacterium,row_2,48,,d__Bacteria; p__Bdellovibrionota; c__Oligoflexia; o__Oligoflexales; f__Oligoflexaceae; g__uncultured; s__uncultured bacterium,,d__Bacteria; p__Bdellovibrionota; c__Oligoflexia; o__Oligoflexales; f__Oligoflexaceae; g__uncultured; s__uncultured bacterium,row_2,48,23.159645454322842,72.84035454567716
d__Bacteria; p__Proteobacteria; c__Gammaproteobacteria; o__Xanthomonadales; f__Rhodanobacteraceae; g__Ahniella; s__uncultured bacterium,row_3,99,,d__Bacteria; p__Proteobacteria; c__Gammaproteobacteria; o__Xanthomonadales; f__Rhodanobacteraceae; g__Ahniella; s__uncultured bacterium,,d__Bacteria; p__Proteobacteria; c__Gammaproteobacteria; o__Xanthomonadales; f__Rhodanobacteraceae; g__Ahniella; s__uncultured bacterium,row_3,99,74.15964545432284,123.84035454567716
d__Bacteria; p__Bacteroidota; c__Bacteroidia; o__Chitinophagales; f__Chitinophagaceae; g__Sediminibacterium,row_4,23,,d__Bacteria; p__Bacteroidota; c__Bacteroidia; o__Chitinophagales; f__Chitinophagaceae; g__Sediminibacterium,,d__Bacteria; p__Bacteroidota; c__Bacteroidia; o__Chitinophagales; f__Chitinophagaceae; g__Sediminibacterium,row_4,23,-1.8403545456771582,47.84035454567716
d__Bacteria; p__Actinobacteriota; c__Actinobacteria; o__Corynebacteriales; f__Mycobacteriaceae; g__Mycobacterium; s__uncultured bacterium,row_5,78,,d__Bacteria; p__Actinobacteriota; c__Actinobacteria; o__Corynebacteriales; f__Mycobacteriaceae; g__Mycobacterium; s__uncultured bacterium,,d__Bacteria; p__Actinobacteriota; c__Actinobacteria; o__Corynebacteriales; f__Mycobacteriaceae; g__Mycobacterium; s__uncultured bacterium,row_5,78,53.15964545432284,102.84035454567716
d__Bacteria; p__Proteobacteria; c__Gammaproteobacteria; o__Burkholderiales; f__Burkholderiaceae; g__Limnobacter; s__uncultured organism,row_6,23,,d__Bacteria; p__Proteobacteria; c__Gammaproteobacteria; o__Burkholderiales; f__Burkholderiaceae; g__Limnobacter; s__uncultured organism,,d__Bacteria; p__Proteobacteria; c__Gammaproteobacteria; o__Burkholderiales; f__Burkholderiaceae; g__Limnobacter; s__uncultured organism,row_6,23,-1.8403545456771582,47.84035454567716
d__Bacteria; p__Proteobacteria; c__Gammaproteobacteria; o__Burkholderiales; f__Burkholderiaceae; g__Burkholderia-Caballeronia-Paraburkholderia; s__Paraburkholderia fungorum,row_7,7,,d__Bacteria; p__Proteobacteria; c__Gammaproteobacteria; o__Burkholderiales; f__Burkholderiaceae; g__Burkholderia-Caballeronia-Paraburkholderia; s__Paraburkholderia fungorum,,d__Bacteria; p__Proteobacteria; c__Gammaproteobacteria; o__Burkholderiales; f__Burkholderiaceae; g__Burkholderia-Caballeronia-Paraburkholderia; s__Paraburkholderia fungorum,row_7,7,-17.840354545677158,31.840354545677158
d__Bacteria; p__Verrucomicrobiota; c__Verrucomicrobiae; o__Verrucomicrobiales; f__Verrucomicrobiaceae; g__Brevifollis,row_8,32,,d__Bacteria; p__Verrucomicrobiota; c__Verrucomicrobiae; o__Verrucomicrobiales; f__Verrucomicrobiaceae; g__Brevifollis,,d__Bacteria; p__Verrucomicrobiota; c__Verrucomicrobiae; o__Verrucomicrobiales; f__Verrucomicrobiaceae; g__Brevifollis,row_8,32,7.159645454322842,56.84035454567716
d__Bacteria; p__Myxococcota; c__Polyangia; o__VHS-B3-70; f__norank; g__norank; s__uncultured bacterium,row_9,111,,d__Bacteria; p__Myxococcota; c__Polyangia; o__VHS-B3-70; f__norank; g__norank; s__uncultured bacterium,,d__Bacteria; p__Myxococcota; c__Polyangia; o__VHS-B3-70; f__norank; g__norank; s__uncultured bacterium,row_9,111,86.15964545432284,135.84035454567714
d__Bacteria; p__Bacteroidota; c__Bacteroidia; o__Chitinophagales; f__Chitinophagaceae; g__Lacibacter,row_10,0,,d__Bacteria; p__Bacteroidota; c__Bacteroidia; o__Chitinophagales; f__Chitinophagaceae; g__Lacibacter,,d__Bacteria; p__Bacteroidota; c__Bacteroidia; o__Chitinophagales; f__Chitinophagaceae; g__Lacibacter,row_10,0,-24.840354545677158,24.840354545677158
d__Bacteria; p__Cyanobacteria; c__Cyanobacteriia; o__Cyanobacteriales; f__Microcystaceae; g__Synechocystis PCC-6803; s__uncultured bacterium,row_11,12,,d__Bacteria; p__Cyanobacteria; c__Cyanobacteriia; o__Cyanobacteriales; f__Microcystaceae; g__Synechocystis PCC-6803; s__uncultured bacterium,,d__Bacteria; p__Cyanobacteria; c__Cyanobacteriia; o__Cyanobacteriales; f__Microcystaceae; g__Synechocystis PCC-6803; s__uncultured bacterium,row_11,12,-12.840354545677158,36.84035454567716
d__Bacteria; p__Bdellovibrionota; c__Oligoflexia; o__Silvanigrellales; f__Silvanigrellaceae; g__Silvanigrella,row_12,80,,d__Bacteria; p__Bdellovibrionota; c__Oligoflexia; o__Silvanigrellales; f__Silvanigrellaceae; g__Silvanigrella,,d__Bacteria; p__Bdellovibrionota; c__Oligoflexia; o__Silvanigrellales; f__Silvanigrellaceae; g__Silvanigrella,row_12,80,55.15964545432284,104.84035454567716
d__Bacteria; p__Desulfobacterota; c__Desulfuromonadia; o__Bradymonadales; f__norank; g__norank; s__uncultured bacterium,row_1,10,,d__Bacteria; p__Desulfobacterota; c__Desulfuromonadia; o__Bradymonadales; f__norank; g__norank; s__uncultured bacterium,,d__Bacteria; p__Desulfobacterota; c__Desulfuromonadia; o__Bradymonadales; f__norank; g__norank; s__uncultured bacterium,row_1,10,-14.840354545677158,34.84035454567716
d__Bacteria; p__Bacteroidota; c__Bacteroidia; o__Sphingobacteriales; f__NS11-12 marine group; g__norank; s__uncultured bacterium,row_2,12,,d__Bacteria; p__Bacteroidota; c__Bacteroidia; o__Sphingobacteriales; f__NS11-12 marine group; g__norank; s__uncultured bacterium,,d__Bacteria; p__Bacteroidota; c__Bacteroidia; o__Sphingobacteriales; f__NS11-12 marine group; g__norank; s__uncultured bacterium,row_2,12,-12.840354545677158,36.84035454567716
d__Bacteria; p__Actinobacteriota; c__Acidimicrobiia; o__Microtrichales; f__Microtrichaceae; g__IMCC26207; s__uncultured bacterium,row_3,10,,d__Bacteria; p__Actinobacteriota; c__Acidimicrobiia; o__Microtrichales; f__Microtrichaceae; g__IMCC26207; s__uncultured bacterium,,d__Bacteria; p__Actinobacteriota; c__Acidimicrobiia; o__Microtrichales; f__Microtrichaceae; g__IMCC26207; s__uncultured bacterium,row_3,10,-14.840354545677158,34.84035454567716
d__Bacteria; p__Acidobacteriota; c__Blastocatellia; o__11-24; f__norank; g__norank; s__uncultured bacterium,row_4,20,,d__Bacteria; p__Acidobacteriota; c__Blastocatellia; o__11-24; f__norank; g__norank; s__uncultured bacterium,,d__Bacteria; p__Acidobacteriota; c__Blastocatellia; o__11-24; f__norank; g__norank; s__uncultured bacterium,row_4,20,-4.840354545677158,44.84035454567716
d__Bacteria; p__Proteobacteria; c__Alphaproteobacteria; o__Acetobacterales; f__Acetobacteraceae; g__Roseomonas; s__metagenome,row_5,66,,d__Bacteria; p__Proteobacteria; c__Alphaproteobacteria; o__Acetobacterales; f__Acetobacteraceae; g__Roseomonas; s__metagenome,,d__Bacteria; p__Proteobacteria; c__Alphaproteobacteria; o__Acetobacterales; f__Acetobacteraceae; g__Roseomonas; s__metagenome,row_5,66,41.15964545432284,90.84035454567716
d__Bacteria; p__Cyanobacteria; c__Cyanobacteriia; o__Cyanobacteriales; f__Nostocaceae; g__Dolichospermum NIES41,row_6,25,,d__Bacteria; p__Cyanobacteria; c__Cyanobacteriia; o__Cyanobacteriales; f__Nostocaceae; g__Dolichospermum NIES41,,d__Bacteria; p__Cyanobacteria; c__Cyanobacteriia; o__Cyanobacteriales; f__Nostocaceae; g__Dolichospermum NIES41,row_6,25,0.15964545432284183,49.84035454567716
d__Bacteria; p__Verrucomicrobiota; c__Verrucomicrobiae; o__Pedosphaerales; f__Pedosphaeraceae; g__SH3-11,row_7,0,,d__Bacteria; p__Verrucomicrobiota; c__Verrucomicrobiae; o__Pedosphaerales; f__Pedosphaeraceae; g__SH3-11,,d__Bacteria; p__Verrucomicrobiota; c__Verrucomicrobiae; o__Pedosphaerales; f__Pedosphaeraceae; g__SH3-11,row_7,0,-24.840354545677158,24.840354545677158
d__Bacteria; p__Verrucomicrobiota; c__Verrucomicrobiae; o__Pedosphaerales; f__Pedosphaeraceae; g__SH3-11,row_8,0,,d__Bacteria; p__Verrucomicrobiota; c__Verrucomicrobiae; o__Pedosphaerales; f__Pedosphaeraceae; g__SH3-11,,d__Bacteria; p__Verrucomicrobiota; c__Verrucomicrobiae; o__Pedosphaerales; f__Pedosphaeraceae; g__SH3-11,row_8,0,-24.840354545677158,24.840354545677158
d__Bacteria; p__Bacteroidota; c__Bacteroidia; o__Flavobacteriales; f__Flavobacteriaceae; g__Flavobacterium,row_9,27,,d__Bacteria; p__Bacteroidota; c__Bacteroidia; o__Flavobacteriales; f__Flavobacteriaceae; g__Flavobacterium,,d__Bacteria; p__Bacteroidota; c__Bacteroidia; o__Flavobacteriales; f__Flavobacteriaceae; g__Flavobacterium,row_9,27,2.159645454322842,51.84035454567716
d__Bacteria; p__Verrucomicrobiota; c__Verrucomicrobiae; o__Verrucomicrobiales; f__Verrucomicrobiaceae; g__Brevifollis; s__uncultured bacterium,row_10,34,,d__Bacteria; p__Verrucomicrobiota; c__Verrucomicrobiae; o__Verrucomicrobiales; f__Verrucomicrobiaceae; g__Brevifollis; s__uncultured bacterium,,d__Bacteria; p__Verrucomicrobiota; c__Verrucomicrobiae; o__Verrucomicrobiales; f__Verrucomicrobiaceae; g__Brevifollis; s__uncultured bacterium,row_10,34,9.159645454322842,58.84035454567716
d__Bacteria; p__Bacteroidota; c__Kapabacteria; o__Kapabacteriales; f__norank; g__norank; s__uncultured bacterium,row_11,84,,d__Bacteria; p__Bacteroidota; c__Kapabacteria; o__Kapabacteriales; f__norank; g__norank; s__uncultured bacterium,,d__Bacteria; p__Bacteroidota; c__Kapabacteria; o__Kapabacteriales; f__norank; g__norank; s__uncultured bacterium,row_11,84,59.15964545432284,108.84035454567716
d__Bacteria; p__Bacteroidota; c__Bacteroidia; o__Chitinophagales; f__Saprospiraceae; g__Haliscomenobacter; s__uncultured bacterium,row_12,54,,d__Bacteria; p__Bacteroidota; c__Bacteroidia; o__Chitinophagales; f__Saprospiraceae; g__Haliscomenobacter; s__uncultured bacterium,,d__Bacteria; p__Bacteroidota; c__Bacteroidia; o__Chitinophagales; f__Saprospiraceae; g__Haliscomenobacter; s__uncultured bacterium,row_12,54,29.159645454322842,78.84035454567716
d__Bacteria; p__Bacteroidota; c__Bacteroidia; o__Sphingobacteriales; f__env.OPS 17; g__norank; s__uncultured bacterium,row_1,36,,d__Bacteria; p__Bacteroidota; c__Bacteroidia; o__Sphingobacteriales; f__env.OPS 17; g__norank; s__uncultured bacterium,,d__Bacteria; p__Bacteroidota; c__Bacteroidia; o__Sphingobacteriales; f__env.OPS 17; g__norank; s__uncultured bacterium,row_1,36,11.159645454322842,60.84035454567716
d__Bacteria; p__Bacteroidota; c__Bacteroidia; o__Cytophagales; f__Microscillaceae; g__uncultured; s__uncultured bacterium,row_2,64,,d__Bacteria; p__Bacteroidota; c__Bacteroidia; o__Cytophagales; f__Microscillaceae; g__uncultured; s__uncultured bacterium,,d__Bacteria; p__Bacteroidota; c__Bacteroidia; o__Cytophagales; f__Microscillaceae; g__uncultured; s__uncultured bacterium,row_2,64,39.15964545432284,88.84035454567716
d__Bacteria; p__Proteobacteria; c__Alphaproteobacteria; o__Rhizobiales; f__Rhizobiaceae; g__Mesorhizobium; s__uncultured bacterium,row_3,11,,d__Bacteria; p__Proteobacteria; c__Alphaproteobacteria; o__Rhizobiales; f__Rhizobiaceae; g__Mesorhizobium; s__uncultured bacterium,,d__Bacteria; p__Proteobacteria; c__Alphaproteobacteria; o__Rhizobiales; f__Rhizobiaceae; g__Mesorhizobium; s__uncultured bacterium,row_3,11,-13.840354545677158,35.84035454567716
d__Bacteria; p__Proteobacteria; c__Alphaproteobacteria; o__Rhodobacterales; f__Rhodobacteraceae,row_4,3,,d__Bacteria; p__Proteobacteria; c__Alphaproteobacteria; o__Rhodobacterales; f__Rhodobacteraceae,,d__Bacteria; p__Proteobacteria; c__Alphaproteobacteria; o__Rhodobacterales; f__Rhodobacteraceae,row_4,3,-21.840354545677158,27.840354545677158
d__Bacteria; p__Myxococcota; c__Polyangia; o__mle1-27; f__norank; g__norank,row_5,77,,d__Bacteria; p__Myxococcota; c__Polyangia; o__mle1-27; f__norank; g__norank,,d__Bacteria; p__Myxococcota; c__Polyangia; o__mle1-27; f__norank; g__norank,row_5,77,52.15964545432284,101.84035454567716
d__Bacteria; p__Cyanobacteria; c__Cyanobacteriia; o__Synechococcales; f__Cyanobiaceae; g__Cyanobium PCC-6307,row_6,10,,d__Bacteria; p__Cyanobacteria; c__Cyanobacteriia; o__Synechococcales; f__Cyanobiaceae; g__Cyanobium PCC-6307,,d__Bacteria; p__Cyanobacteria; c__Cyanobacteriia; o__Synechococcales; f__Cyanobiaceae; g__Cyanobium PCC-6307,row_6,10,-14.840354545677158,34.84035454567716
d__Bacteria; p__Cyanobacteria; c__Cyanobacteriia; o__Chloroplast; f__norank; g__norank,row_7,4,,d__Bacteria; p__Cyanobacteria; c__Cyanobacteriia; o__Chloroplast; f__norank; g__norank,,d__Bacteria; p__Cyanobacteria; c__Cyanobacteriia; o__Chloroplast; f__norank; g__norank,row_7,4,-20.840354545677158,28.840354545677158
d__Bacteria; p__Proteobacteria; c__Alphaproteobacteria; o__Caulobacterales; f__Hyphomonadaceae; g__SWB02; s__uncultured bacterium,row_8,91,,d__Bacteria; p__Proteobacteria; c__Alphaproteobacteria; o__Caulobacterales; f__Hyphomonadaceae; g__SWB02; s__uncultured bacterium,,d__Bacteria; p__Proteobacteria; c__Alphaproteobacteria; o__Caulobacterales; f__Hyphomonadaceae; g__SWB02; s__uncultured bacterium,row_8,91,66.15964545432284,115.84035454567716
d__Bacteria; p__Proteobacteria; c__Gammaproteobacteria; o__Burkholderiales; f__Methylophilaceae; g__MM2; s__uncultured bacterium,row_9,157,,d__Bacteria; p__Proteobacteria; c__Gammaproteobacteria; o__Burkholderiales; f__Methylophilaceae; g__MM2; s__uncultured bacterium,,d__Bacteria; p__Proteobacteria; c__Gammaproteobacteria; o__Burkholderiales; f__Methylophilaceae; g__MM2; s__uncultured bacterium,row_9,157,132.15964545432286,181.84035454567714
d__Bacteria; p__Armatimonadota; c__Fimbriimonadia; o__Fimbriimonadales; f__Fimbriimonadaceae; g__norank; s__uncultured bacterium,row_10,31,,d__Bacteria; p__Armatimonadota; c__Fimbriimonadia; o__Fimbriimonadales; f__Fimbriimonadaceae; g__norank; s__uncultured bacterium,,d__Bacteria; p__Armatimonadota; c__Fimbriimonadia; o__Fimbriimonadales; f__Fimbriimonadaceae; g__norank; s__uncultured bacterium,row_10,31,6.159645454322842,55.84035454567716
d__Bacteria; p__Bacteroidota; c__Bacteroidia; o__Chitinophagales; f__Chitinophagaceae; g__Terrimonas; s__uncultured bacterium,row_11,1,,d__Bacteria; p__Bacteroidota; c__Bacteroidia; o__Chitinophagales; f__Chitinophagaceae; g__Terrimonas; s__uncultured bacterium,,d__Bacteria; p__Bacteroidota; c__Bacteroidia; o__Chitinophagales; f__Chitinophagaceae; g__Terrimonas; s__uncultured bacterium,row_11,1,-23.840354545677158,25.840354545677158
d__Bacteria; p__Chloroflexi; c__Chloroflexia; o__Chloroflexales; f__Roseiflexaceae; g__uncultured; s__uncultured bacterium,row_12,7,,d__Bacteria; p__Chloroflexi; c__Chloroflexia; o__Chloroflexales; f__Roseiflexaceae; g__uncultured; s__uncultured bacterium,,d__Bacteria; p__Chloroflexi; c__Chloroflexia; o__Chloroflexales; f__Roseiflexaceae; g__uncultured; s__uncultured bacterium,row_12,7,-17.840354545677158,31.840354545677158
d__Bacteria; p__Myxococcota; c__Myxococcia; o__Myxococcales; f__Myxococcaceae; g__P3OB-42; s__uncultured organism,row_1,2,,d__Bacteria; p__Myxococcota; c__Myxococcia; o__Myxococcales; f__Myxococcaceae; g__P3OB-42; s__uncultured organism,,d__Bacteria; p__Myxococcota; c__Myxococcia; o__Myxococcales; f__Myxococcaceae; g__P3OB-42; s__uncultured organism,row_1,2,-22.840354545677158,26.840354545677158
d__Bacteria; p__Chloroflexi; c__Chloroflexia; o__Thermomicrobiales; f__JG30-KF-CM45; g__norank,row_2,10,,d__Bacteria; p__Chloroflexi; c__Chloroflexia; o__Thermomicrobiales; f__JG30-KF-CM45; g__norank,,d__Bacteria; p__Chloroflexi; c__Chloroflexia; o__Thermomicrobiales; f__JG30-KF-CM45; g__norank,row_2,10,-14.840354545677158,34.84035454567716
d__Bacteria; p__Proteobacteria; c__Gammaproteobacteria; o__Burkholderiales; f__Burkholderiaceae; g__Lautropia; s__uncultured bacterium,row_3,3,,d__Bacteria; p__Proteobacteria; c__Gammaproteobacteria; o__Burkholderiales; f__Burkholderiaceae; g__Lautropia; s__uncultured bacterium,,d__Bacteria; p__Proteobacteria; c__Gammaproteobacteria; o__Burkholderiales; f__Burkholderiaceae; g__Lautropia; s__uncultured bacterium,row_3,3,-21.840354545677158,27.840354545677158
d__Bacteria; p__Proteobacteria; c__Alphaproteobacteria; o__Rhodobacterales; f__Rhodobacteraceae; g__Rhodobacter,row_4,0,,d__Bacteria; p__Proteobacteria; c__Alphaproteobacteria; o__Rhodobacterales; f__Rhodobacteraceae; g__Rhodobacter,,d__Bacteria; p__Proteobacteria; c__Alphaproteobacteria; o__Rhodobacterales; f__Rhodobacteraceae; g__Rhodobacter,row_4,0,-24.840354545677158,24.840354545677158
d__Bacteria; p__Proteobacteria; c__Gammaproteobacteria; o__Burkholderiales; f__Burkholderiaceae; g__Ralstonia,row_5,7,,d__Bacteria; p__Proteobacteria; c__Gammaproteobacteria; o__Burkholderiales; f__Burkholderiaceae; g__Ralstonia,,d__Bacteria; p__Proteobacteria; c__Gammaproteobacteria; o__Burkholderiales; f__Burkholderiaceae; g__Ralstonia,row_5,7,-17.840354545677158,31.840354545677158
d__Bacteria; p__Proteobacteria; c__Alphaproteobacteria; o__Rhizobiales; f__Hyphomicrobiaceae; g__Hyphomicrobium; s__uncultured bacterium,row_6,58,,d__Bacteria; p__Proteobacteria; c__Alphaproteobacteria; o__Rhizobiales; f__Hyphomicrobiaceae; g__Hyphomicrobium; s__uncultured bacterium,,d__Bacteria; p__Proteobacteria; c__Alphaproteobacteria; o__Rhizobiales; f__Hyphomicrobiaceae; g__Hyphomicrobium; s__uncultured bacterium,row_6,58,33.15964545432284,82.84035454567716
d__Bacteria; p__Bdellovibrionota; c__Oligoflexia; o__Silvanigrellales; f__Silvanigrellaceae; g__uncultured; s__uncultured bacterium,row_7,1,,d__Bacteria; p__Bdellovibrionota; c__Oligoflexia; o__Silvanigrellales; f__Silvanigrellaceae; g__uncultured; s__uncultured bacterium,,d__Bacteria; p__Bdellovibrionota; c__Oligoflexia; o__Silvanigrellales; f__Silvanigrellaceae; g__uncultured; s__uncultured bacterium,row_7,1,-23.840354545677158,25.840354545677158
d__Bacteria; p__Bdellovibrionota; c__Oligoflexia; o__053A03-B-DI-P58; f__norank; g__norank; s__uncultured bacterium,row_8,0,,d__Bacteria; p__Bdellovibrionota; c__Oligoflexia; o__053A03-B-DI-P58; f__norank; g__norank; s__uncultured bacterium,,d__Bacteria; p__Bdellovibrionota; c__Oligoflexia; o__053A03-B-DI-P58; f__norank; g__norank; s__uncultured bacterium,row_8,0,-24.840354545677158,24.840354545677158
d__Bacteria; p__Actinobacteriota; c__Actinobacteria; o__Corynebacteriales; f__Mycobacteriaceae; g__Mycobacterium,row_9,38,,d__Bacteria; p__Actinobacteriota; c__Actinobacteria; o__Corynebacteriales; f__Mycobacteriaceae; g__Mycobacterium,,d__Bacteria; p__Actinobacteriota; c__Actinobacteria; o__Corynebacteriales; f__Mycobacteriaceae; g__Mycobacterium,row_9,38,13.159645454322842,62.84035454567716
d__Bacteria; p__Proteobacteria; c__Gammaproteobacteria; o__Burkholderiales; f__Burkholderiaceae; g__Limnobacter; s__uncultured bacterium,row_10,60,,d__Bacteria; p__Proteobacteria; c__Gammaproteobacteria; o__Burkholderiales; f__Burkholderiaceae; g__Limnobacter; s__uncultured bacterium,,d__Bacteria; p__Proteobacteria; c__Gammaproteobacteria; o__Burkholderiales; f__Burkholderiaceae; g__Limnobacter; s__uncultured bacterium,row_10,60,35.15964545432284,84.84035454567716
d__Bacteria; p__Actinobacteriota; c__Acidimicrobiia; o__Microtrichales; f__Ilumatobacteraceae; g__CL500-29 marine group; s__uncultured bacterium,row_11,128,,d__Bacteria; p__Actinobacteriota; c__Acidimicrobiia; o__Microtrichales; f__Ilumatobacteraceae; g__CL500-29 marine group; s__uncultured bacterium,,d__Bacteria; p__Actinobacteriota; c__Acidimicrobiia; o__Microtrichales; f__Ilumatobacteraceae; g__CL500-29 marine group; s__uncultured bacterium,row_11,128,103.15964545432284,152.84035454567714
d__Bacteria; p__Proteobacteria; c__Gammaproteobacteria; o__Burkholderiales; f__Comamonadaceae; g__uncultured; s__uncultured bacterium,row_12,26,,d__Bacteria; p__Proteobacteria; c__Gammaproteobacteria; o__Burkholderiales; f__Comamonadaceae; g__uncultured; s__uncultured bacterium,,d__Bacteria; p__Proteobacteria; c__Gammaproteobacteria; o__Burkholderiales; f__Comamonadaceae; g__uncultured; s__uncultured bacterium,row_12,26,1.1596454543228418,50.84035454567716
d__Bacteria; p__Cyanobacteria; c__Cyanobacteriia; o__Synechococcales; f__Cyanobiaceae; g__Cyanobium PCC-6307,row_1,20,,d__Bacteria; p__Cyanobacteria; c__Cyanobacteriia; o__Synechococcales; f__Cyanobiaceae; g__Cyanobium PCC-6307,,d__Bacteria; p__Cyanobacteria; c__Cyanobacteriia; o__Synechococcales; f__Cyanobiaceae; g__Cyanobium PCC-6307,row_1,20,-4.840354545677158,44.84035454567716
d__Bacteria; p__Proteobacteria; c__Alphaproteobacteria; o__Rhizobiales; f__Rhizobiaceae; g__Phyllobacterium; s__Phyllobacterium myrsinacearum,row_2,7,,d__Bacteria; p__Proteobacteria; c__Alphaproteobacteria; o__Rhizobiales; f__Rhizobiaceae; g__Phyllobacterium; s__Phyllobacterium myrsinacearum,,d__Bacteria; p__Proteobacteria; c__Alphaproteobacteria; o__Rhizobiales; f__Rhizobiaceae; g__Phyllobacterium; s__Phyllobacterium myrsinacearum,row_2,7,-17.840354545677158,31.840354545677158
d__Bacteria; p__Planctomycetota; c__Phycisphaerae; o__Phycisphaerales; f__Phycisphaeraceae; g__CL500-3; s__uncultured bacterium,row_3,173,,d__Bacteria; p__Planctomycetota; c__Phycisphaerae; o__Phycisphaerales; f__Phycisphaeraceae; g__CL500-3; s__uncultured bacterium,,d__Bacteria; p__Planctomycetota; c__Phycisphaerae; o__Phycisphaerales; f__Phycisphaeraceae; g__CL500-3; s__uncultured bacterium,row_3,173,148.15964545432286,197.84035454567714
d__Bacteria; p__Proteobacteria; c__Alphaproteobacteria; o__Rhizobiales; f__A0839; g__norank; s__uncultured bacterium,row_4,57,,d__Bacteria; p__Proteobacteria; c__Alphaproteobacteria; o__Rhizobiales; f__A0839; g__norank; s__uncultured bacterium,,d__Bacteria; p__Proteobacteria; c__Alphaproteobacteria; o__Rhizobiales; f__A0839; g__norank; s__uncultured bacterium,row_4,57,32.15964545432284,81.84035454567716
d__Bacteria; p__Bacteroidota; c__Bacteroidia; o__Sphingobacteriales; f__NS11-12 marine group; g__norank; s__uncultured bacterium,row_5,171,,d__Bacteria; p__Bacteroidota; c__Bacteroidia; o__Sphingobacteriales; f__NS11-12 marine group; g__norank; s__uncultured bacterium,,d__Bacteria; p__Bacteroidota; c__Bacteroidia; o__Sphingobacteriales; f__NS11-12 marine group; g__norank; s__uncultured bacterium,row_5,171,146.15964545432286,195.84035454567714
d__Bacteria; p__Bacteroidota; c__Bacteroidia; o__Sphingobacteriales; f__AKYH767; g__norank; s__uncultured bacterium,row_6,65,,d__Bacteria; p__Bacteroidota; c__Bacteroidia; o__Sphingobacteriales; f__AKYH767; g__norank; s__uncultured bacterium,,d__Bacteria; p__Bacteroidota; c__Bacteroidia; o__Sphingobacteriales; f__AKYH767; g__norank; s__uncultured bacterium,row_6,65,40.15964545432284,89.84035454567716
d__Bacteria; p__Cyanobacteria; c__Cyanobacteriia; o__Synechococcales; f__Prochlorotrichaceae; g__Prochlorothrix PCC-9006; s__Prochlorothrix hollandica PCC 9006 = CALU 1027,row_7,2,,d__Bacteria; p__Cyanobacteria; c__Cyanobacteriia; o__Synechococcales; f__Prochlorotrichaceae; g__Prochlorothrix PCC-9006; s__Prochlorothrix hollandica PCC 9006 = CALU 1027,,d__Bacteria; p__Cyanobacteria; c__Cyanobacteriia; o__Synechococcales; f__Prochlorotrichaceae; g__Prochlorothrix PCC-9006; s__Prochlorothrix hollandica PCC 9006 = CALU 1027,row_7,2,-22.840354545677158,26.840354545677158
d__Bacteria; p__Bacteroidota; c__Bacteroidia; o__Sphingobacteriales; f__env.OPS 17; g__norank; s__uncultured bacterium,row_8,6,,d__Bacteria; p__Bacteroidota; c__Bacteroidia; o__Sphingobacteriales; f__env.OPS 17; g__norank; s__uncultured bacterium,,d__Bacteria; p__Bacteroidota; c__Bacteroidia; o__Sphingobacteriales; f__env.OPS 17; g__norank; s__uncultured bacterium,row_8,6,-18.840354545677158,30.840354545677158
d__Bacteria; p__SAR324 clade(Marine group B); c__norank; o__norank; f__norank; g__norank; s__uncultured bacterium,row_9,2,,d__Bacteria; p__SAR324 clade(Marine group B); c__norank; o__norank; f__norank; g__norank; s__uncultured bacterium,,d__Bacteria; p__SAR324 clade(Marine group B); c__norank; o__norank; f__norank; g__norank; s__uncultured bacterium,row_9,2,-22.840354545677158,26.840354545677158
d__Bacteria; p__Chloroflexi; c__Chloroflexia; o__Chloroflexales; f__Roseiflexaceae; g__uncultured; s__uncultured bacterium,row_10,7,,d__Bacteria; p__Chloroflexi; c__Chloroflexia; o__Chloroflexales; f__Roseiflexaceae; g__uncultured; s__uncultured bacterium,,d__Bacteria; p__Chloroflexi; c__Chloroflexia; o__Chloroflexales; f__Roseiflexaceae; g__uncultured; s__uncultured bacterium,row_10,7,-17.840354545677158,31.840354545677158
d__Bacteria; p__Actinobacteriota; c__Acidimicrobiia; o__uncultured; f__norank; g__norank; s__uncultured bacterium,row_11,162,,d__Bacteria; p__Actinobacteriota; c__Acidimicrobiia; o__uncultured; f__norank; g__norank; s__uncultured bacterium,,d__Bacteria; p__Actinobacteriota; c__Acidimicrobiia; o__uncultured; f__norank; g__norank; s__uncultured bacterium,row_11,162,137.15964545432286,186.84035454567714
d__Bacteria; p__Cyanobacteria; c__Cyanobacteriia; o__Synechococcales; f__Cyanobiaceae; g__Cyanobium PCC-6307; s__uncultured bacterium,row_12,12,,d__Bacteria; p__Cyanobacteria; c__Cyanobacteriia; o__Synechococcales; f__Cyanobiaceae; g__Cyanobium PCC-6307; s__uncultured bacterium,,d__Bacteria; p__Cyanobacteria; c__Cyanobacteriia; o__Synechococcales; f__Cyanobiaceae; g__Cyanobium PCC-6307; s__uncultured bacterium,row_12,12,-12.840354545677158,36.84035454567716
d__Bacteria; p__Actinobacteriota; c__Actinobacteria; o__Frankiales; f__Sporichthyaceae; g__hgcI clade; s__Candidatus Planktophila lacus,row_1,56,,d__Bacteria; p__Actinobacteriota; c__Actinobacteria; o__Frankiales; f__Sporichthyaceae; g__hgcI clade; s__Candidatus Planktophila lacus,,d__Bacteria; p__Actinobacteriota; c__Actinobacteria; o__Frankiales; f__Sporichthyaceae; g__hgcI clade; s__Candidatus Planktophila lacus,row_1,56,31.159645454322842,80.84035454567716
d__Bacteria; p__Planctomycetota; c__Planctomycetes; o__Gemmatales; f__Gemmataceae; g__uncultured; s__uncultured bacterium,row_2,30,,d__Bacteria; p__Planctomycetota; c__Planctomycetes; o__Gemmatales; f__Gemmataceae; g__uncultured; s__uncultured bacterium,,d__Bacteria; p__Planctomycetota; c__Planctomycetes; o__Gemmatales; f__Gemmataceae; g__uncultured; s__uncultured bacterium,row_2,30,5.159645454322842,54.84035454567716
d__Bacteria; p__Bdellovibrionota; c__Oligoflexia; o__Oligoflexales; f__Oligoflexaceae; g__uncultured; s__uncultured bacterium,row_3,68,,d__Bacteria; p__Bdellovibrionota; c__Oligoflexia; o__Oligoflexales; f__Oligoflexaceae; g__uncultured; s__uncultured bacterium,,d__Bacteria; p__Bdellovibrionota; c__Oligoflexia; o__Oligoflexales; f__Oligoflexaceae; g__uncultured; s__uncultured bacterium,row_3,68,43.15964545432284,92.84035454567716
d__Bacteria; p__Proteobacteria; c__Alphaproteobacteria; o__Rhizobiales; f__A0839; g__norank; s__uncultured bacterium,row_4,47,,d__Bacteria; p__Proteobacteria; c__Alphaproteobacteria; o__Rhizobiales; f__A0839; g__norank; s__uncultured bacterium,,d__Bacteria; p__Proteobacteria; c__Alphaproteobacteria; o__Rhizobiales; f__A0839; g__norank; s__uncultured bacterium,row_4,47,22.159645454322842,71.84035454567716
d__Bacteria; p__Proteobacteria; c__Gammaproteobacteria; o__Burkholderiales; f__Comamonadaceae; g__Acidovorax,row_5,6,,d__Bacteria; p__Proteobacteria; c__Gammaproteobacteria; o__Burkholderiales; f__Comamonadaceae; g__Acidovorax,,d__Bacteria; p__Proteobacteria; c__Gammaproteobacteria; o__Burkholderiales; f__Comamonadaceae; g__Acidovorax,row_5,6,-18.840354545677158,30.840354545677158
d__Bacteria; p__Cyanobacteria; c__Cyanobacteriia; o__Synechococcales; f__Cyanobiaceae; g__Cyanobium PCC-6307,row_6,14,,d__Bacteria; p__Cyanobacteria; c__Cyanobacteriia; o__Synechococcales; f__Cyanobiaceae; g__Cyanobium PCC-6307,,d__Bacteria; p__Cyanobacteria; c__Cyanobacteriia; o__Synechococcales; f__Cyanobiaceae; g__Cyanobium PCC-6307,row_6,14,-10.840354545677158,38.84035454567716
d__Bacteria; p__Proteobacteria; c__Gammaproteobacteria; o__Burkholderiales; f__Comamonadaceae; g__Hydrogenophaga; s__uncultured bacterium,row_7,27,,d__Bacteria; p__Proteobacteria; c__Gammaproteobacteria; o__Burkholderiales; f__Comamonadaceae; g__Hydrogenophaga; s__uncultured bacterium,,d__Bacteria; p__Proteobacteria; c__Gammaproteobacteria; o__Burkholderiales; f__Comamonadaceae; g__Hydrogenophaga; s__uncultured bacterium,row_7,27,2.159645454322842,51.84035454567716
d__Bacteria; p__Bacteroidota; c__Bacteroidia; o__Flavobacteriales; f__NS9 marine group; g__norank; s__uncultured bacterium,row_8,44,,d__Bacteria; p__Bacteroidota; c__Bacteroidia; o__Flavobacteriales; f__NS9 marine group; g__norank; s__uncultured bacterium,,d__Bacteria; p__Bacteroidota; c__Bacteroidia; o__Flavobacteriales; f__NS9 marine group; g__norank; s__uncultured bacterium,row_8,44,19.159645454322842,68.84035454567716
d__Bacteria; p__Cyanobacteria; c__Cyanobacteriia; o__Cyanobacteriales; f__Nostocaceae; g__Cuspidothrix LMECYA 163,row_9,6,,d__Bacteria; p__Cyanobacteria; c__Cyanobacteriia; o__Cyanobacteriales; f__Nostocaceae; g__Cuspidothrix LMECYA 163,,d__Bacteria; p__Cyanobacteria; c__Cyanobacteriia; o__Cyanobacteriales; f__Nostocaceae; g__Cuspidothrix LMECYA 163,row_9,6,-18.840354545677158,30.840354545677158
d__Bacteria; p__Chloroflexi; c__Anaerolineae; o__RBG-13-54-9; f__norank; g__norank,row_10,98,,d__Bacteria; p__Chloroflexi; c__Anaerolineae; o__RBG-13-54-9; f__norank; g__norank,,d__Bacteria; p__Chloroflexi; c__Anaerolineae; o__RBG-13-54-9; f__norank; g__norank,row_10,98,73.15964545432284,122.84035454567716
d__Bacteria; p__Chloroflexi; c__SL56 marine group; o__norank; f__norank; g__norank; s__uncultured bacterium,row_11,6,,d__Bacteria; p__Chloroflexi; c__SL56 marine group; o__norank; f__norank; g__norank; s__uncultured bacterium,,d__Bacteria; p__Chloroflexi; c__SL56 marine group; o__norank; f__norank; g__norank; s__uncultured bacterium,row_11,6,-18.840354545677158,30.840354545677158
d__Bacteria; p__Desulfobacterota; c__Desulfuromonadia; o__PB19; f__norank; g__norank,row_12,11,,d__Bacteria; p__Desulfobacterota; c__Desulfuromonadia; o__PB19; f__norank; g__norank,,d__Bacteria; p__Desulfobacterota; c__Desulfuromonadia; o__PB19; f__norank; g__norank,row_12,11,-13.840354545677158,35.84035454567716
d__Bacteria; p__Proteobacteria; c__Alphaproteobacteria; o__Rhizobiales; f__Rhizobiales Incertae Sedis; g__Alsobacter,row_1,47,,d__Bacteria; p__Proteobacteria; c__Alphaproteobacteria; o__Rhizobiales; f__Rhizobiales Incertae Sedis; g__Alsobacter,,d__Bacteria; p__Proteobacteria; c__Alphaproteobacteria; o__Rhizobiales; f__Rhizobiales Incertae Sedis; g__Alsobacter,row_1,47,22.159645454322842,71.84035454567716
d__Bacteria; p__Proteobacteria; c__Alphaproteobacteria; o__Rhizobiales; f__Hyphomicrobiaceae; g__Pedomicrobium; s__uncultured bacterium,row_2,69,,d__Bacteria; p__Proteobacteria; c__Alphaproteobacteria; o__Rhizobiales; f__Hyphomicrobiaceae; g__Pedomicrobium; s__uncultured bacterium,,d__Bacteria; p__Proteobacteria; c__Alphaproteobacteria; o__Rhizobiales; f__Hyphomicrobiaceae; g__Pedomicrobium; s__uncultured bacterium,row_2,69,44.15964545432284,93.84035454567716
d__Bacteria; p__Proteobacteria; c__Gammaproteobacteria; o__Legionellales; f__Legionellaceae; g__Legionella; s__uncultured bacterium,row_3,0,,d__Bacteria; p__Proteobacteria; c__Gammaproteobacteria; o__Legionellales; f__Legionellaceae; g__Legionella; s__uncultured bacterium,,d__Bacteria; p__Proteobacteria; c__Gammaproteobacteria; o__Legionellales; f__Legionellaceae; g__Legionella; s__uncultured bacterium,row_3,0,-24.840354545677158,24.840354545677158
d__Bacteria; p__Actinobacteriota; c__Actinobacteria; o__Frankiales; f__Sporichthyaceae; g__hgcI clade; s__uncultured bacterium,row_4,22,,d__Bacteria; p__Actinobacteriota; c__Actinobacteria; o__Frankiales; f__Sporichthyaceae; g__hgcI clade; s__uncultured bacterium,,d__Bacteria; p__Actinobacteriota; c__Actinobacteria; o__Frankiales; f__Sporichthyaceae; g__hgcI clade; s__uncultured bacterium,row_4,22,-2.840354545677158,46.84035454567716
d__Bacteria; p__Cyanobacteria; c__Cyanobacteriia; o__Cyanobacteriales; f__Nostocaceae; g__Dolichospermum NIES41; s__Dolichospermum affine NIES-40,row_5,19,,d__Bacteria; p__Cyanobacteria; c__Cyanobacteriia; o__Cyanobacteriales; f__Nostocaceae; g__Dolichospermum NIES41; s__Dolichospermum affine NIES-40,,d__Bacteria; p__Cyanobacteria; c__Cyanobacteriia; o__Cyanobacteriales; f__Nostocaceae; g__Dolichospermum NIES41; s__Dolichospermum affine NIES-40,row_5,19,-5.840354545677158,43.84035454567716
d__Bacteria; p__Planctomycetota; c__Phycisphaerae; o__Phycisphaerales; f__Phycisphaeraceae; g__CL500-3; s__uncultured bacterium,row_6,37,,d__Bacteria; p__Planctomycetota; c__Phycisphaerae; o__Phycisphaerales; f__Phycisphaeraceae; g__CL500-3; s__uncultured bacterium,,d__Bacteria; p__Planctomycetota; c__Phycisphaerae; o__Phycisphaerales; f__Phycisphaeraceae; g__CL500-3; s__uncultured bacterium,row_6,37,12.159645454322842,61.84035454567716
d__Bacteria; p__Acidobacteriota; c__Blastocatellia; o__11-24; f__norank; g__norank; s__uncultured bacterium,row_7,17,,d__Bacteria; p__Acidobacteriota; c__Blastocatellia; o__11-24; f__norank; g__norank; s__uncultured bacterium,,d__Bacteria; p__Acidobacteriota; c__Blastocatellia; o__11-24; f__norank; g__norank; s__uncultured bacterium,row_7,17,-7.840354545677158,41.84035454567716
d__Bacteria; p__Proteobacteria; c__Alphaproteobacteria; o__Rickettsiales; f__AB1; g__norank; s__uncultured bacterium,row_8,64,,d__Bacteria; p__Proteobacteria; c__Alphaproteobacteria; o__Rickettsiales; f__AB1; g__norank; s__uncultured bacterium,,d__Bacteria; p__Proteobacteria; c__Alphaproteobacteria; o__Rickettsiales; f__AB1; g__norank; s__uncultured bacterium,row_8,64,39.15964545432284,88.84035454567716
d__Bacteria; p__Actinobacteriota; c__Actinobacteria; o__Frankiales; f__Sporichthyaceae; g__Candidatus Planktophila; s__uncultured actinobacterium,row_9,41,,d__Bacteria; p__Actinobacteriota; c__Actinobacteria; o__Frankiales; f__Sporichthyaceae; g__Candidatus Planktophila; s__uncultured actinobacterium,,d__Bacteria; p__Actinobacteriota; c__Actinobacteria; o__Frankiales; f__Sporichthyaceae; g__Candidatus Planktophila; s__uncultured actinobacterium,row_9,41,16.159645454322842,65.84035454567716
d__Bacteria; p__Verrucomicrobiota; c__Verrucomicrobiae; o__Methylacidiphilales; f__Methylacidiphilaceae; g__uncultured; s__uncultured bacterium,row_10,11,,d__Bacteria; p__Verrucomicrobiota; c__Verrucomicrobiae; o__Methylacidiphilales; f__Methylacidiphilaceae; g__uncultured; s__uncultured bacterium,,d__Bacteria; p__Verrucomicrobiota; c__Verrucomicrobiae; o__Methylacidiphilales; f__Methylacidiphilaceae; g__uncultured; s__uncultured bacterium,row_10,11,-13.840354545677158,35.84035454567716
d__Bacteria; p__Deinococcota; c__Deinococci; o__Deinococcales; f__Deinococcaceae; g__Deinococcus,row_11,3,,d__Bacteria; p__Deinococcota; c__Deinococci; o__Deinococcales; f__Deinococcaceae; g__Deinococcus,,d__Bacteria; p__Deinococcota; c__Deinococci; o__Deinococcales; f__Deinococcaceae; g__Deinococcus,row_11,3,-21.840354545677158,27.840354545677158
d__Bacteria; p__Proteobacteria; c__Gammaproteobacteria; o__Gammaproteobacteria Incertae Sedis; f__Unknown Family; g__Acidibacter; s__uncultured bacterium,row_12,14,,d__Bacteria; p__Proteobacteria; c__Gammaproteobacteria; o__Gammaproteobacteria Incertae Sedis; f__Unknown Family; g__Acidibacter; s__uncultured bacterium,,d__Bacteria; p__Proteobacteria; c__Gammaproteobacteria; o__Gammaproteobacteria Incertae Sedis; f__Unknown Family; g__Acidibacter; s__uncultured bacterium,row_12,14,-10.840354545677158,38.84035454567716
d__Bacteria; p__Bacteroidota; c__Bacteroidia; o__Sphingobacteriales; f__env.OPS 17; g__norank; s__uncultured bacterium,row_1,5,,d__Bacteria; p__Bacteroidota; c__Bacteroidia; o__Sphingobacteriales; f__env.OPS 17; g__norank; s__uncultured bacterium,,d__Bacteria; p__Bacteroidota; c__Bacteroidia; o__Sphingobacteriales; f__env.OPS 17; g__norank; s__uncultured bacterium,row_1,5,-19.840354545677158,29.840354545677158
d__Bacteria; p__Proteobacteria; c__Alphaproteobacteria; o__Caulobacterales; f__Caulobacteraceae; g__Phenylobacterium,row_2,16,,d__Bacteria; p__Proteobacteria; c__Alphaproteobacteria; o__Caulobacterales; f__Caulobacteraceae; g__Phenylobacterium,,d__Bacteria; p__Proteobacteria; c__Alphaproteobacteria; o__Caulobacterales; f__Caulobacteraceae; g__Phenylobacterium,row_2,16,-8.840354545677158,40.84035454567716
d__Bacteria; p__Proteobacteria; c__Alphaproteobacteria; o__Rhizobiales; f__Rhizobiaceae; g__Allorhizobium-Neorhizobium-Pararhizobium-Rhizobium,row_3,3,,d__Bacteria; p__Proteobacteria; c__Alphaproteobacteria; o__Rhizobiales; f__Rhizobiaceae; g__Allorhizobium-Neorhizobium-Pararhizobium-Rhizobium,,d__Bacteria; p__Proteobacteria; c__Alphaproteobacteria; o__Rhizobiales; f__Rhizobiaceae; g__Allorhizobium-Neorhizobium-Pararhizobium-Rhizobium,row_3,3,-21.840354545677158,27.840354545677158
d__Bacteria; p__Verrucomicrobiota; c__Verrucomicrobiae; o__Opitutales; f__Opitutaceae; g__Lacunisphaera; s__metagenome,row_4,15,,d__Bacteria; p__Verrucomicrobiota; c__Verrucomicrobiae; o__Opitutales; f__Opitutaceae; g__Lacunisphaera; s__metagenome,,d__Bacteria; p__Verrucomicrobiota; c__Verrucomicrobiae; o__Opitutales; f__Opitutaceae; g__Lacunisphaera; s__metagenome,row_4,15,-9.840354545677158,39.84035454567716
d__Bacteria; p__Verrucomicrobiota; c__Verrucomicrobiae; o__Verrucomicrobiales; f__Verrucomicrobiaceae; g__Prosthecobacter; s__uncultured bacterium,row_5,37,,d__Bacteria; p__Verrucomicrobiota; c__Verrucomicrobiae; o__Verrucomicrobiales; f__Verrucomicrobiaceae; g__Prosthecobacter; s__uncultured bacterium,,d__Bacteria; p__Verrucomicrobiota; c__Verrucomicrobiae; o__Verrucomicrobiales; f__Verrucomicrobiaceae; g__Prosthecobacter; s__uncultured bacterium,row_5,37,12.159645454322842,61.84035454567716
d__Bacteria; p__Actinobacteriota; c__Acidimicrobiia; o__Microtrichales; f__Ilumatobacteraceae; g__CL500-29 marine group; s__uncultured bacterium,row_6,69,,d__Bacteria; p__Actinobacteriota; c__Acidimicrobiia; o__Microtrichales; f__Ilumatobacteraceae; g__CL500-29 marine group; s__uncultured bacterium,,d__Bacteria; p__Actinobacteriota; c__Acidimicrobiia; o__Microtrichales; f__Ilumatobacteraceae; g__CL500-29 marine group; s__uncultured bacterium,row_6,69,44.15964545432284,93.84035454567716
d__Bacteria; p__Proteobacteria; c__Alphaproteobacteria; o__Rhizobiales; f__Rhizobiales Incertae Sedis; g__uncultured; s__uncultured bacterium,row_7,75,,d__Bacteria; p__Proteobacteria; c__Alphaproteobacteria; o__Rhizobiales; f__Rhizobiales Incertae Sedis; g__uncultured; s__uncultured bacterium,,d__Bacteria; p__Proteobacteria; c__Alphaproteobacteria; o__Rhizobiales; f__Rhizobiales Incertae Sedis; g__uncultured; s__uncultured bacterium,row_7,75,50.15964545432284,99.84035454567716
d__Bacteria; p__Proteobacteria; c__Gammaproteobacteria; o__Burkholderiales; f__TRA3-20; g__norank; s__uncultured bacterium,row_8,55,,d__Bacteria; p__Proteobacteria; c__Gammaproteobacteria; o__Burkholderiales; f__TRA3-20; g__norank; s__uncultured bacterium,,d__Bacteria; p__Proteobacteria; c__Gammaproteobacteria; o__Burkholderiales; f__TRA3-20; g__norank; s__uncultured bacterium,row_8,55,30.159645454322842,79.84035454567716
d__Bacteria; p__Proteobacteria; c__Alphaproteobacteria; o__Rhizobiales; f__A0839; g__norank; s__uncultured bacterium,row_9,38,,d__Bacteria; p__Proteobacteria; c__Alphaproteobacteria; o__Rhizobiales; f__A0839; g__norank; s__uncultured bacterium,,d__Bacteria; p__Proteobacteria; c__Alphaproteobacteria; o__Rhizobiales; f__A0839; g__norank; s__uncultured bacterium,row_9,38,13.159645454322842,62.84035454567716
d__Bacteria; p__Proteobacteria; c__Gammaproteobacteria; o__Burkholderiales; f__Comamonadaceae; g__uncultured; s__uncultured bacterium,row_10,8,,d__Bacteria; p__Proteobacteria; c__Gammaproteobacteria; o__Burkholderiales; f__Comamonadaceae; g__uncultured; s__uncultured bacterium,,d__Bacteria; p__Proteobacteria; c__Gammaproteobacteria; o__Burkholderiales; f__Comamonadaceae; g__uncultured; s__uncultured bacterium,row_10,8,-16.840354545677158,32.84035454567716
d__Bacteria; p__Proteobacteria; c__Alphaproteobacteria; o__Caulobacterales; f__Hyphomonadaceae; g__UKL13-1,row_11,60,,d__Bacteria; p__Proteobacteria; c__Alphaproteobacteria; o__Caulobacterales; f__Hyphomonadaceae; g__UKL13-1,,d__Bacteria; p__Proteobacteria; c__Alphaproteobacteria; o__Caulobacterales; f__Hyphomonadaceae; g__UKL13-1,row_11,60,35.15964545432284,84.84035454567716
d__Bacteria; p__Actinobacteriota; c__Actinobacteria; o__PeM15; f__norank; g__norank; s__uncultured bacterium,row_12,39,,d__Bacteria; p__Actinobacteriota; c__Actinobacteria; o__PeM15; f__norank; g__norank; s__uncultured bacterium,,d__Bacteria; p__Actinobacteriota; c__Actinobacteria; o__PeM15; f__norank; g__norank; s__uncultured bacterium,row_12,39,14.159645454322842,63.84035454567716
d__Bacteria; p__Proteobacteria; c__Alphaproteobacteria; o__Rhizobiales; f__Beijerinckiaceae; g__alphaI cluster; s__uncultured bacterium,row_1,12,,d__Bacteria; p__Proteobacteria; c__Alphaproteobacteria; o__Rhizobiales; f__Beijerinckiaceae; g__alphaI cluster; s__uncultured bacterium,,d__Bacteria; p__Proteobacteria; c__Alphaproteobacteria; o__Rhizobiales; f__Beijerinckiaceae; g__alphaI cluster; s__uncultured bacterium,row_1,12,-12.840354545677158,36.84035454567716
d__Bacteria; p__Bdellovibrionota; c__Oligoflexia; o__0319-6G20; f__norank; g__norank; s__uncultured bacterium,row_2,1,,d__Bacteria; p__Bdellovibrionota; c__Oligoflexia; o__0319-6G20; f__norank; g__norank; s__uncultured bacterium,,d__Bacteria; p__Bdellovibrionota; c__Oligoflexia; o__0319-6G20; f__norank; g__norank; s__uncultured bacterium,row_2,1,-23.840354545677158,25.840354545677158
d__Bacteria; p__Planctomycetota; c__OM190; o__norank; f__norank; g__norank; s__uncultured bacterium,row_3,10,,d__Bacteria; p__Planctomycetota; c__OM190; o__norank; f__norank; g__norank; s__uncultured bacterium,,d__Bacteria; p__Planctomycetota; c__OM190; o__norank; f__norank; g__norank; s__uncultured bacterium,row_3,10,-14.840354545677158,34.84035454567716
d__Bacteria; p__Proteobacteria; c__Gammaproteobacteria; o__Ga0077536; f__norank; g__norank; s__uncultured bacterium,row_4,37,,d__Bacteria; p__Proteobacteria; c__Gammaproteobacteria; o__Ga0077536; f__norank; g__norank; s__uncultured bacterium,,d__Bacteria; p__Proteobacteria; c__Gammaproteobacteria; o__Ga0077536; f__norank; g__norank; s__uncultured bacterium,row_4,37,12.159645454322842,61.84035454567716
d__Bacteria; p__Gemmatimonadota; c__Gemmatimonadetes; o__Gemmatimonadales; f__Gemmatimonadaceae; g__Gemmatimonas; s__uncultured bacterium,row_5,0,,d__Bacteria; p__Gemmatimonadota; c__Gemmatimonadetes; o__Gemmatimonadales; f__Gemmatimonadaceae; g__Gemmatimonas; s__uncultured bacterium,,d__Bacteria; p__Gemmatimonadota; c__Gemmatimonadetes; o__Gemmatimonadales; f__Gemmatimonadaceae; g__Gemmatimonas; s__uncultured bacterium,row_5,0,-24.840354545677158,24.840354545677158
d__Bacteria; p__Proteobacteria; c__Gammaproteobacteria; o__Burkholderiales; f__Sutterellaceae; g__uncultured,row_6,5,,d__Bacteria; p__Proteobacteria; c__Gammaproteobacteria; o__Burkholderiales; f__Sutterellaceae; g__uncultured,,d__Bacteria; p__Proteobacteria; c__Gammaproteobacteria; o__Burkholderiales; f__Sutterellaceae; g__uncultured,row_6,5,-19.840354545677158,29.840354545677158
d__Bacteria; p__Cyanobacteria; c__Cyanobacteriia; o__Cyanobacteriales; f__Phormidiaceae; g__Planktothrix NIVA-CYA 15; s__uncultured bacterium,row_7,17,,d__Bacteria; p__Cyanobacteria; c__Cyanobacteriia; o__Cyanobacteriales; f__Phormidiaceae; g__Planktothrix NIVA-CYA 15; s__uncultured bacterium,,d__Bacteria; p__Cyanobacteria; c__Cyanobacteriia; o__Cyanobacteriales; f__Phormidiaceae; g__Planktothrix NIVA-CYA 15; s__uncultured bacterium,row_7,17,-7.840354545677158,41.84035454567716
d__Bacteria; p__Cyanobacteria; c__Cyanobacteriia; o__Cyanobacteriales; f__Nostocaceae; g__Dolichospermum NIES41,row_8,30,,d__Bacteria; p__Cyanobacteria; c__Cyanobacteriia; o__Cyanobacteriales; f__Nostocaceae; g__Dolichospermum NIES41,,d__Bacteria; p__Cyanobacteria; c__Cyanobacteriia; o__Cyanobacteriales; f__Nostocaceae; g__Dolichospermum NIES41,row_8,30,5.159645454322842,54.84035454567716
d__Bacteria; p__Proteobacteria; c__Alphaproteobacteria; o__Caulobacterales; f__Hyphomonadaceae; g__Hyphomonas,row_9,32,,d__Bacteria; p__Proteobacteria; c__Alphaproteobacteria; o__Caulobacterales; f__Hyphomonadaceae; g__Hyphomonas,,d__Bacteria; p__Proteobacteria; c__Alphaproteobacteria; o__Caulobacterales; f__Hyphomonadaceae; g__Hyphomonas,row_9,32,7.159645454322842,56.84035454567716
d__Bacteria; p__Bacteroidota; c__Bacteroidia; o__Sphingobacteriales; f__NS11-12 marine group; g__norank; s__uncultured bacterium,row_10,41,,d__Bacteria; p__Bacteroidota; c__Bacteroidia; o__Sphingobacteriales; f__NS11-12 marine group; g__norank; s__uncultured bacterium,,d__Bacteria; p__Bacteroidota; c__Bacteroidia; o__Sphingobacteriales; f__NS11-12 marine group; g__norank; s__uncultured bacterium,row_10,41,16.159645454322842,65.84035454567716
d__Bacteria; p__Spirochaetota; c__Leptospirae; o__Leptospirales; f__Leptospiraceae; g__Leptospira; s__uncultured bacterium,row_11,16,,d__Bacteria; p__Spirochaetota; c__Leptospirae; o__Leptospirales; f__Leptospiraceae; g__Leptospira; s__uncultured bacterium,,d__Bacteria; p__Spirochaetota; c__Leptospirae; o__Leptospirales; f__Leptospiraceae; g__Leptospira; s__uncultured bacterium,row_11,16,-8.840354545677158,40.84035454567716
d__Bacteria; p__Firmicutes; c__Bacilli; o__Exiguobacterales; f__Exiguobacteraceae; g__Exiguobacterium; s__Exiguobacterium indicum,row_12,4,,d__Bacteria; p__Firmicutes; c__Bacilli; o__Exiguobacterales; f__Exiguobacteraceae; g__Exiguobacterium; s__Exiguobacterium indicum,,d__Bacteria; p__Firmicutes; c__Bacilli; o__Exiguobacterales; f__Exiguobacteraceae; g__Exiguobacterium; s__Exiguobacterium indicum,row_12,4,-20.840354545677158,28.840354545677158
d__Bacteria; p__Verrucomicrobiota; c__Verrucomicrobiae; o__Verrucomicrobiales; f__DEV007; g__norank; s__uncultured bacterium,row_1,9,,d__Bacteria; p__Verrucomicrobiota; c__Verrucomicrobiae; o__Verrucomicrobiales; f__DEV007; g__norank; s__uncultured bacterium,,d__Bacteria; p__Verrucomicrobiota; c__Verrucomicrobiae; o__Verrucomicrobiales; f__DEV007; g__norank; s__uncultured bacterium,row_1,9,-15.840354545677158,33.84035454567716
d__Bacteria; p__Proteobacteria; c__Gammaproteobacteria; o__Burkholderiales; f__Neisseriaceae; g__uncultured,row_2,0,,d__Bacteria; p__Proteobacteria; c__Gammaproteobacteria; o__Burkholderiales; f__Neisseriaceae; g__uncultured,,d__Bacteria; p__Proteobacteria; c__Gammaproteobacteria; o__Burkholderiales; f__Neisseriaceae; g__uncultured,row_2,0,-24.840354545677158,24.840354545677158
d__Bacteria; p__Actinobacteriota; c__Acidimicrobiia; o__Microtrichales; f__Ilumatobacteraceae; g__CL500-29 marine group; s__uncultured Acidimicrobiaceae bacterium,row_3,0,,d__Bacteria; p__Actinobacteriota; c__Acidimicrobiia; o__Microtrichales; f__Ilumatobacteraceae; g__CL500-29 marine group; s__uncultured Acidimicrobiaceae bacterium,,d__Bacteria; p__Actinobacteriota; c__Acidimicrobiia; o__Microtrichales; f__Ilumatobacteraceae; g__CL500-29 marine group; s__uncultured Acidimicrobiaceae bacterium,row_3,0,-24.840354545677158,24.840354545677158
d__Bacteria; p__Bacteroidota; c__Kapabacteria; o__Kapabacteriales; f__norank; g__norank; s__uncultured bacterium,row_4,51,,d__Bacteria; p__Bacteroidota; c__Kapabacteria; o__Kapabacteriales; f__norank; g__norank; s__uncultured bacterium,,d__Bacteria; p__Bacteroidota; c__Kapabacteria; o__Kapabacteriales; f__norank; g__norank; s__uncultured bacterium,row_4,51,26.159645454322842,75.84035454567716
d__Bacteria; p__Actinobacteriota; c__Actinobacteria; o__Frankiales; f__Sporichthyaceae; g__hgcI clade; s__uncultured bacterium,row_5,69,,d__Bacteria; p__Actinobacteriota; c__Actinobacteria; o__Frankiales; f__Sporichthyaceae; g__hgcI clade; s__uncultured bacterium,,d__Bacteria; p__Actinobacteriota; c__Actinobacteria; o__Frankiales; f__Sporichthyaceae; g__hgcI clade; s__uncultured bacterium,row_5,69,44.15964545432284,93.84035454567716
d__Bacteria; p__Proteobacteria; c__Alphaproteobacteria; o__Rhizobiales; f__Rhizobiales Incertae Sedis; g__uncultured; s__uncultured bacterium,row_6,22,,d__Bacteria; p__Proteobacteria; c__Alphaproteobacteria; o__Rhizobiales; f__Rhizobiales Incertae Sedis; g__uncultured; s__uncultured bacterium,,d__Bacteria; p__Proteobacteria; c__Alphaproteobacteria; o__Rhizobiales; f__Rhizobiales Incertae Sedis; g__uncultured; s__uncultured bacterium,row_6,22,-2.840354545677158,46.84035454567716
d__Bacteria; p__Proteobacteria; c__Gammaproteobacteria; o__Burkholderiales; f__MWH-UniP1 aquatic group; g__norank; s__uncultured bacterium,row_7,43,,d__Bacteria; p__Proteobacteria; c__Gammaproteobacteria; o__Burkholderiales; f__MWH-UniP1 aquatic group; g__norank; s__uncultured bacterium,,d__Bacteria; p__Proteobacteria; c__Gammaproteobacteria; o__Burkholderiales; f__MWH-UniP1 aquatic group; g__norank; s__uncultured bacterium,row_7,43,18.159645454322842,67.84035454567716
d__Bacteria; p__Proteobacteria; c__Gammaproteobacteria; o__Burkholderiales; f__Sutterellaceae; g__uncultured; s__uncultured bacterium,row_8,1,,d__Bacteria; p__Proteobacteria; c__Gammaproteobacteria; o__Burkholderiales; f__Sutterellaceae; g__uncultured; s__uncultured bacterium,,d__Bacteria; p__Proteobacteria; c__Gammaproteobacteria; o__Burkholderiales; f__Sutterellaceae; g__uncultured; s__uncultured bacterium,row_8,1,-23.840354545677158,25.840354545677158
d__Bacteria; p__Proteobacteria; c__Alphaproteobacteria; o__Rhodobacterales; f__Rhodobacteraceae; g__Paracoccus; s__uncultured bacterium,row_9,5,,d__Bacteria; p__Proteobacteria; c__Alphaproteobacteria; o__Rhodobacterales; f__Rhodobacteraceae; g__Paracoccus; s__uncultured bacterium,,d__Bacteria; p__Proteobacteria; c__Alphaproteobacteria; o__Rhodobacterales; f__Rhodobacteraceae; g__Paracoccus; s__uncultured bacterium,row_9,5,-19.840354545677158,29.840354545677158
d__Bacteria; p__Actinobacteriota; c__Actinobacteria; o__Frankiales; f__Sporichthyaceae; g__hgcI clade; s__uncultured bacterium,row_10,22,,d__Bacteria; p__Actinobacteriota; c__Actinobacteria; o__Frankiales; f__Sporichthyaceae; g__hgcI clade; s__uncultured bacterium,,d__Bacteria; p__Actinobacteriota; c__Actinobacteria; o__Frankiales; f__Sporichthyaceae; g__hgcI clade; s__uncultured bacterium,row_10,22,-2.840354545677158,46.84035454567716
d__Bacteria; p__Planctomycetota; c__Phycisphaerae; o__Phycisphaerales; f__Phycisphaeraceae; g__CL500-3; s__uncultured bacterium,row_11,41,,d__Bacteria; p__Planctomycetota; c__Phycisphaerae; o__Phycisphaerales; f__Phycisphaeraceae; g__CL500-3; s__uncultured bacterium,,d__Bacteria; p__Planctomycetota; c__Phycisphaerae; o__Phycisphaerales; f__Phycisphaeraceae; g__CL500-3; s__uncultured bacterium,row_11,41,16.159645454322842,65.84035454567716
d__Bacteria; p__Bacteroidota; c__Bacteroidia; o__Flavobacteriales; f__Crocinitomicaceae; g__Fluviicola; s__uncultured bacterium,row_12,2,,d__Bacteria; p__Bacteroidota; c__Bacteroidia; o__Flavobacteriales; f__Crocinitomicaceae; g__Fluviicola; s__uncultured bacterium,,d__Bacteria; p__Bacteroidota; c__Bacteroidia; o__Flavobacteriales; f__Crocinitomicaceae; g__Fluviicola; s__uncultured bacterium,row_12,2,-22.840354545677158,26.840354545677158
d__Bacteria; p__Proteobacteria; c__Gammaproteobacteria; o__Burkholderiales; f__Comamonadaceae,row_1,20,,d__Bacteria; p__Proteobacteria; c__Gammaproteobacteria; o__Burkholderiales; f__Comamonadaceae,,d__Bacteria; p__Proteobacteria; c__Gammaproteobacteria; o__Burkholderiales; f__Comamonadaceae,row_1,20,-4.840354545677158,44.84035454567716
d__Bacteria; p__Proteobacteria; c__Alphaproteobacteria; o__Sphingomonadales; f__Sphingomonadaceae; g__Sandarakinorhabdus,row_2,0,,d__Bacteria; p__Proteobacteria; c__Alphaproteobacteria; o__Sphingomonadales; f__Sphingomonadaceae; g__Sandarakinorhabdus,,d__Bacteria; p__Proteobacteria; c__Alphaproteobacteria; o__Sphingomonadales; f__Sphingomonadaceae; g__Sandarakinorhabdus,row_2,0,-24.840354545677158,24.840354545677158
d__Bacteria; p__SAR324 clade(Marine group B); c__norank; o__norank; f__norank; g__norank; s__uncultured bacterium,row_3,9,,d__Bacteria; p__SAR324 clade(Marine group B); c__norank; o__norank; f__norank; g__norank; s__uncultured bacterium,,d__Bacteria; p__SAR324 clade(Marine group B); c__norank; o__norank; f__norank; g__norank; s__uncultured bacterium,row_3,9,-15.840354545677158,33.84035454567716
d__Bacteria; p__Acidobacteriota; c__Acidobacteriae; o__GOUTB8; f__norank; g__Paludibaculum; s__uncultured bacterium,row_4,94,,d__Bacteria; p__Acidobacteriota; c__Acidobacteriae; o__GOUTB8; f__norank; g__Paludibaculum; s__uncultured bacterium,,d__Bacteria; p__Acidobacteriota; c__Acidobacteriae; o__GOUTB8; f__norank; g__Paludibaculum; s__uncultured bacterium,row_4,94,69.15964545432284,118.84035454567716
d__Bacteria; p__Actinobacteriota; c__Actinobacteria; o__PeM15; f__norank; g__norank; s__uncultured bacterium,row_5,15,,d__Bacteria; p__Actinobacteriota; c__Actinobacteria; o__PeM15; f__norank; g__norank; s__uncultured bacterium,,d__Bacteria; p__Actinobacteriota; c__Actinobacteria; o__PeM15; f__norank; g__norank; s__uncultured bacterium,row_5,15,-9.840354545677158,39.84035454567716
d__Bacteria; p__Planctomycetota; c__Phycisphaerae; o__Phycisphaerales; f__Phycisphaeraceae; g__CL500-3; s__uncultured bacterium,row_6,70,,d__Bacteria; p__Planctomycetota; c__Phycisphaerae; o__Phycisphaerales; f__Phycisphaeraceae; g__CL500-3; s__uncultured bacterium,,d__Bacteria; p__Planctomycetota; c__Phycisphaerae; o__Phycisphaerales; f__Phycisphaeraceae; g__CL500-3; s__uncultured bacterium,row_6,70,45.15964545432284,94.84035454567716
d__Bacteria; p__Planctomycetota; c__Phycisphaerae; o__Phycisphaerales; f__Phycisphaeraceae; g__CL500-3; s__uncultured bacterium,row_7,89,,d__Bacteria; p__Planctomycetota; c__Phycisphaerae; o__Phycisphaerales; f__Phycisphaeraceae; g__CL500-3; s__uncultured bacterium,,d__Bacteria; p__Planctomycetota; c__Phycisphaerae; o__Phycisphaerales; f__Phycisphaeraceae; g__CL500-3; s__uncultured bacterium,row_7,89,64.15964545432284,113.84035454567716
d__Bacteria; p__Cyanobacteria; c__Cyanobacteriia; o__Cyanobacteriales; f__Nostocaceae; g__Sphaerospermopsis BCCUSP55; s__Sphaerospermopsis kisseleviana NIES-73,row_8,2,,d__Bacteria; p__Cyanobacteria; c__Cyanobacteriia; o__Cyanobacteriales; f__Nostocaceae; g__Sphaerospermopsis BCCUSP55; s__Sphaerospermopsis kisseleviana NIES-73,,d__Bacteria; p__Cyanobacteria; c__Cyanobacteriia; o__Cyanobacteriales; f__Nostocaceae; g__Sphaerospermopsis BCCUSP55; s__Sphaerospermopsis kisseleviana NIES-73,row_8,2,-22.840354545677158,26.840354545677158
d__Bacteria; p__Verrucomicrobiota; c__Verrucomicrobiae; o__Pedosphaerales; f__Pedosphaeraceae; g__SH3-11; s__uncultured bacterium,row_9,0,,d__Bacteria; p__Verrucomicrobiota; c__Verrucomicrobiae; o__Pedosphaerales; f__Pedosphaeraceae; g__SH3-11; s__uncultured bacterium,,d__Bacteria; p__Verrucomicrobiota; c__Verrucomicrobiae; o__Pedosphaerales; f__Pedosphaeraceae; g__SH3-11; s__uncultured bacterium,row_9,0,-24.840354545677158,24.840354545677158
d__Bacteria; p__Verrucomicrobiota; c__Verrucomicrobiae; o__uncultured; f__norank; g__norank; s__uncultured bacterium,row_10,42,,d__Bacteria; p__Verrucomicrobiota; c__Verrucomicrobiae; o__uncultured; f__norank; g__norank; s__uncultured bacterium,,d__Bacteria; p__Verrucomicrobiota; c__Verrucomicrobiae; o__uncultured; f__norank; g__norank; s__uncultured bacterium,row_10,42,17.159645454322842,66.84035454567716
d__Bacteria; p__Actinobacteriota; c__Acidimicrobiia; o__Microtrichales; f__Ilumatobacteraceae; g__CL500-29 marine group; s__uncultured bacterium,row_11,5,,d__Bacteria; p__Actinobacteriota; c__Acidimicrobiia; o__Microtrichales; f__Ilumatobacteraceae; g__CL500-29 marine group; s__uncultured bacterium,,d__Bacteria; p__Actinobacteriota; c__Acidimicrobiia; o__Microtrichales; f__Ilumatobacteraceae; g__CL500-29 marine group; s__uncultured bacterium,row_11,5,-19.840354545677158,29.840354545677158
d__Bacteria; p__Proteobacteria; c__Alphaproteobacteria; o__Rhodobacterales; f__Rhodobacteraceae; g__Rhodobacter,row_12,0,,d__Bacteria; p__Proteobacteria; c__Alphaproteobacteria; o__Rhodobacterales; f__Rhodobacteraceae; g__Rhodobacter,,d__Bacteria; p__Proteobacteria; c__Alphaproteobacteria; o__Rhodobacterales; f__Rhodobacteraceae; g__Rhodobacter,row_12,0,-24.840354545677158,24.840354545677158
d__Bacteria; p__Proteobacteria; c__Gammaproteobacteria; o__Burkholderiales; f__Burkholderiaceae; g__Polynucleobacter; s__uncultured bacterium,row_1,33,,d__Bacteria; p__Proteobacteria; c__Gammaproteobacteria; o__Burkholderiales; f__Burkholderiaceae; g__Polynucleobacter; s__uncultured bacterium,,d__Bacteria; p__Proteobacteria; c__Gammaproteobacteria; o__Burkholderiales; f__Burkholderiaceae; g__Polynucleobacter; s__uncultured bacterium,row_1,33,8.159645454322842,57.84035454567716
d__Bacteria; p__Proteobacteria; c__Gammaproteobacteria; o__Burkholderiales; f__Comamonadaceae; g__Hydrogenophaga; s__uncultured bacterium,row_2,0,,d__Bacteria; p__Proteobacteria; c__Gammaproteobacteria; o__Burkholderiales; f__Comamonadaceae; g__Hydrogenophaga; s__uncultured bacterium,,d__Bacteria; p__Proteobacteria; c__Gammaproteobacteria; o__Burkholderiales; f__Comamonadaceae; g__Hydrogenophaga; s__uncultured bacterium,row_2,0,-24.840354545677158,24.840354545677158
d__Bacteria; p__Actinobacteriota; c__Acidimicrobiia; o__Microtrichales; f__Ilumatobacteraceae; g__Ilumatobacter; s__uncultured bacterium,row_3,2,,d__Bacteria; p__Actinobacteriota; c__Acidimicrobiia; o__Microtrichales; f__Ilumatobacteraceae; g__Ilumatobacter; s__uncultured bacterium,,d__Bacteria; p__Actinobacteriota; c__Acidimicrobiia; o__Microtrichales; f__Ilumatobacteraceae; g__Ilumatobacter; s__uncultured bacterium,row_3,2,-22.840354545677158,26.840354545677158
d__Bacteria; p__Proteobacteria; c__Gammaproteobacteria; o__Burkholderiales; f__Chromobacteriaceae; g__Vogesella; s__Vogesella sp. LIG4,row_4,0,,d__Bacteria; p__Proteobacteria; c__Gammaproteobacteria; o__Burkholderiales; f__Chromobacteriaceae; g__Vogesella; s__Vogesella sp. LIG4,,d__Bacteria; p__Proteobacteria; c__Gammaproteobacteria; o__Burkholderiales; f__Chromobacteriaceae; g__Vogesella; s__Vogesella sp. LIG4,row_4,0,-24.840354545677158,24.840354545677158
d__Bacteria; p__Proteobacteria; c__Alphaproteobacteria; o__Rhodobacterales; f__Rhodobacteraceae; g__Tabrizicola; s__uncultured bacterium,row_5,51,,d__Bacteria; p__Proteobacteria; c__Alphaproteobacteria; o__Rhodobacterales; f__Rhodobacteraceae; g__Tabrizicola; s__uncultured bacterium,,d__Bacteria; p__Proteobacteria; c__Alphaproteobacteria; o__Rhodobacterales; f__Rhodobacteraceae; g__Tabrizicola; s__uncultured bacterium,row_5,51,26.159645454322842,75.84035454567716
d__Bacteria; p__Chloroflexi; c__Chloroflexia; o__Thermomicrobiales; f__JG30-KF-CM45; g__norank,row_6,6,,d__Bacteria; p__Chloroflexi; c__Chloroflexia; o__Thermomicrobiales; f__JG30-KF-CM45; g__norank,,d__Bacteria; p__Chloroflexi; c__Chloroflexia; o__Thermomicrobiales; f__JG30-KF-CM45; g__norank,row_6,6,-18.840354545677158,30.840354545677158
d__Bacteria; p__Gemmatimonadota; c__Gemmatimonadetes; o__Gemmatimonadales; f__Gemmatimonadaceae; g__uncultured; s__uncultured bacterium,row_7,3,,d__Bacteria; p__Gemmatimonadota; c__Gemmatimonadetes; o__Gemmatimonadales; f__Gemmatimonadaceae; g__uncultured; s__uncultured bacterium,,d__Bacteria; p__Gemmatimonadota; c__Gemmatimonadetes; o__Gemmatimonadales; f__Gemmatimonadaceae; g__uncultured; s__uncultured bacterium,row_7,3,-21.840354545677158,27.840354545677158
d__Bacteria; p__Proteobacteria; c__Gammaproteobacteria; o__Pseudomonadales; f__Spongiibacteraceae; g__BD1-7 clade,row_8,33,,d__Bacteria; p__Proteobacteria; c__Gammaproteobacteria; o__Pseudomonadales; f__Spongiibacteraceae; g__BD1-7 clade,,d__Bacteria; p__Proteobacteria; c__Gammaproteobacteria; o__Pseudomonadales; f__Spongiibacteraceae; g__BD1-7 clade,row_8,33,8.159645454322842,57.84035454567716
d__Bacteria; p__Actinobacteriota; c__Actinobacteria; o__Corynebacteriales; f__Mycobacteriaceae; g__Mycobacterium,row_9,6,,d__Bacteria; p__Actinobacteriota; c__Actinobacteria; o__Corynebacteriales; f__Mycobacteriaceae; g__Mycobacterium,,d__Bacteria; p__Actinobacteriota; c__Actinobacteria; o__Corynebacteriales; f__Mycobacteriaceae; g__Mycobacterium,row_9,6,-18.840354545677158,30.840354545677158
d__Bacteria; p__Bacteroidota; c__Bacteroidia; o__Chitinophagales; f__Chitinophagaceae; g__Chitinophaga; s__uncultured Chitinophaga sp.,row_10,5,,d__Bacteria; p__Bacteroidota; c__Bacteroidia; o__Chitinophagales; f__Chitinophagaceae; g__Chitinophaga; s__uncultured Chitinophaga sp.,,d__Bacteria; p__Bacteroidota; c__Bacteroidia; o__Chitinophagales; f__Chitinophagaceae; g__Chitinophaga; s__uncultured Chitinophaga sp.,row_10,5,-19.840354545677158,29.840354545677158
d__Bacteria; p__Proteobacteria; c__Alphaproteobacteria; o__Rhizobiales; f__Rhizobiales Incertae Sedis; g__uncultured; s__uncultured bacterium,row_11,37,,d__Bacteria; p__Proteobacteria; c__Alphaproteobacteria; o__Rhizobiales; f__Rhizobiales Incertae Sedis; g__uncultured; s__uncultured bacterium,,d__Bacteria; p__Proteobacteria; c__Alphaproteobacteria; o__Rhizobiales; f__Rhizobiales Incertae Sedis; g__uncultured; s__uncultured bacterium,row_11,37,12.159645454322842,61.84035454567716
d__Bacteria; p__Bacteroidota; c__Bacteroidia; o__Sphingobacteriales; f__NS11-12 marine group; g__norank; s__uncultured bacterium,row_12,172,,d__Bacteria; p__Bacteroidota; c__Bacteroidia; o__Sphingobacteriales; f__NS11-12 marine group; g__norank; s__uncultured bacterium,,d__Bacteria; p__Bacteroidota; c__Bacteroidia; o__Sphingobacteriales; f__NS11-12 marine group; g__norank; s__uncultured bacterium,row_12,172,147.15964545432286,196.84035454567714
d__Bacteria; p__Actinobacteriota; c__Actinobacteria; o__Frankiales; f__Sporichthyaceae; g__hgcI clade; s__uncultured bacterium,row_1,9,,d__Bacteria; p__Actinobacteriota; c__Actinobacteria; o__Frankiales; f__Sporichthyaceae; g__hgcI clade; s__uncultured bacterium,,d__Bacteria; p__Actinobacteriota; c__Actinobacteria; o__Frankiales; f__Sporichthyaceae; g__hgcI clade; s__uncultured bacterium,row_1,9,-15.840354545677158,33.84035454567716
d__Bacteria; p__Actinobacteriota; c__Actinobacteria; o__Frankiales; f__Sporichthyaceae; g__hgcI clade; s__uncultured bacterium,row_2,14,,d__Bacteria; p__Actinobacteriota; c__Actinobacteria; o__Frankiales; f__Sporichthyaceae; g__hgcI clade; s__uncultured bacterium,,d__Bacteria; p__Actinobacteriota; c__Actinobacteria; o__Frankiales; f__Sporichthyaceae; g__hgcI clade; s__uncultured bacterium,row_2,14,-10.840354545677158,38.84035454567716
d__Bacteria; p__Cyanobacteria; c__Cyanobacteriia; o__Synechococcales; f__Cyanobiaceae; g__Cyanobium PCC-6307,row_3,10,,d__Bacteria; p__Cyanobacteria; c__Cyanobacteriia; o__Synechococcales; f__Cyanobiaceae; g__Cyanobium PCC-6307,,d__Bacteria; p__Cyanobacteria; c__Cyanobacteriia; o__Synechococcales; f__Cyanobiaceae; g__Cyanobium PCC-6307,row_3,10,-14.840354545677158,34.84035454567716
d__Bacteria; p__Proteobacteria; c__Alphaproteobacteria; o__Rhizobiales; f__Beijerinckiaceae; g__Methylorosula; s__uncultured bacterium,row_4,31,,d__Bacteria; p__Proteobacteria; c__Alphaproteobacteria; o__Rhizobiales; f__Beijerinckiaceae; g__Methylorosula; s__uncultured bacterium,,d__Bacteria; p__Proteobacteria; c__Alphaproteobacteria; o__Rhizobiales; f__Beijerinckiaceae; g__Methylorosula; s__uncultured bacterium,row_4,31,6.159645454322842,55.84035454567716
d__Bacteria; p__Proteobacteria; c__Alphaproteobacteria; o__Rhodobacterales; f__Rhodobacteraceae; g__Pseudorhodobacter; s__uncultured bacterium,row_5,1,,d__Bacteria; p__Proteobacteria; c__Alphaproteobacteria; o__Rhodobacterales; f__Rhodobacteraceae; g__Pseudorhodobacter; s__uncultured bacterium,,d__Bacteria; p__Proteobacteria; c__Alphaproteobacteria; o__Rhodobacterales; f__Rhodobacteraceae; g__Pseudorhodobacter; s__uncultured bacterium,row_5,1,-23.840354545677158,25.840354545677158
d__Bacteria; p__Proteobacteria; c__Alphaproteobacteria; o__Caulobacterales; f__Hyphomonadaceae; g__Hirschia; s__metagenome,row_6,27,,d__Bacteria; p__Proteobacteria; c__Alphaproteobacteria; o__Caulobacterales; f__Hyphomonadaceae; g__Hirschia; s__metagenome,,d__Bacteria; p__Proteobacteria; c__Alphaproteobacteria; o__Caulobacterales; f__Hyphomonadaceae; g__Hirschia; s__metagenome,row_6,27,2.159645454322842,51.84035454567716
d__Bacteria; p__Cyanobacteria; c__Cyanobacteriia; o__Phormidesmiales; f__Nodosilineaceae; g__Nodosilinea PCC-7104; s__uncultured bacterium,row_7,2,,d__Bacteria; p__Cyanobacteria; c__Cyanobacteriia; o__Phormidesmiales; f__Nodosilineaceae; g__Nodosilinea PCC-7104; s__uncultured bacterium,,d__Bacteria; p__Cyanobacteria; c__Cyanobacteriia; o__Phormidesmiales; f__Nodosilineaceae; g__Nodosilinea PCC-7104; s__uncultured bacterium,row_7,2,-22.840354545677158,26.840354545677158
d__Bacteria; p__Cyanobacteria; c__Cyanobacteriia; o__Chloroplast; f__norank; g__norank; s__uncultured bacterium,row_8,1,,d__Bacteria; p__Cyanobacteria; c__Cyanobacteriia; o__Chloroplast; f__norank; g__norank; s__uncultured bacterium,,d__Bacteria; p__Cyanobacteria; c__Cyanobacteriia; o__Chloroplast; f__norank; g__norank; s__uncultured bacterium,row_8,1,-23.840354545677158,25.840354545677158
d__Bacteria; p__Proteobacteria; c__Gammaproteobacteria; o__Burkholderiales; f__Nitrosomonadaceae; g__DSSD61; s__uncultured bacterium,row_9,35,,d__Bacteria; p__Proteobacteria; c__Gammaproteobacteria; o__Burkholderiales; f__Nitrosomonadaceae; g__DSSD61; s__uncultured bacterium,,d__Bacteria; p__Proteobacteria; c__Gammaproteobacteria; o__Burkholderiales; f__Nitrosomonadaceae; g__DSSD61; s__uncultured bacterium,row_9,35,10.159645454322842,59.84035454567716
d__Bacteria; p__Verrucomicrobiota; c__Verrucomicrobiae; o__Chthoniobacterales; f__Chthoniobacteraceae; g__Chthoniobacter; s__metagenome,row_10,0,,d__Bacteria; p__Verrucomicrobiota; c__Verrucomicrobiae; o__Chthoniobacterales; f__Chthoniobacteraceae; g__Chthoniobacter; s__metagenome,,d__Bacteria; p__Verrucomicrobiota; c__Verrucomicrobiae; o__Chthoniobacterales; f__Chthoniobacteraceae; g__Chthoniobacter; s__metagenome,row_10,0,-24.840354545677158,24.840354545677158
d__Bacteria; p__Chloroflexi; c__Chloroflexia; o__Chloroflexales; f__Chloroflexaceae; g__Candidatus Chloroploca,row_11,14,,d__Bacteria; p__Chloroflexi; c__Chloroflexia; o__Chloroflexales; f__Chloroflexaceae; g__Candidatus Chloroploca,,d__Bacteria; p__Chloroflexi; c__Chloroflexia; o__Chloroflexales; f__Chloroflexaceae; g__Candidatus Chloroploca,row_11,14,-10.840354545677158,38.84035454567716
d__Bacteria; p__Acidobacteriota; c__Vicinamibacteria; o__Vicinamibacterales; f__Vicinamibacteraceae; g__norank; s__uncultured bacterium,row_12,14,,d__Bacteria; p__Acidobacteriota; c__Vicinamibacteria; o__Vicinamibacterales; f__Vicinamibacteraceae; g__norank; s__uncultured bacterium,,d__Bacteria; p__Acidobacteriota; c__Vicinamibacteria; o__Vicinamibacterales; f__Vicinamibacteraceae; g__norank; s__uncultured bacterium,row_12,14,-10.840354545677158,38.84035454567716
d__Bacteria; p__Verrucomicrobiota; c__Verrucomicrobiae; o__Chthoniobacterales; f__Chthoniobacteraceae; g__Chthoniobacter; s__uncultured bacterium,row_1,4,,d__Bacteria; p__Verrucomicrobiota; c__Verrucomicrobiae; o__Chthoniobacterales; f__Chthoniobacteraceae; g__Chthoniobacter; s__uncultured bacterium,,d__Bacteria; p__Verrucomicrobiota; c__Verrucomicrobiae; o__Chthoniobacterales; f__Chthoniobacteraceae; g__Chthoniobacter; s__uncultured bacterium,row_1,4,-20.840354545677158,28.840354545677158
d__Bacteria; p__Bacteroidota; c__Bacteroidia; o__Chitinophagales; f__Saprospiraceae; g__uncultured; s__uncultured bacterium,row_2,23,,d__Bacteria; p__Bacteroidota; c__Bacteroidia; o__Chitinophagales; f__Saprospiraceae; g__uncultured; s__uncultured bacterium,,d__Bacteria; p__Bacteroidota; c__Bacteroidia; o__Chitinophagales; f__Saprospiraceae; g__uncultured; s__uncultured bacterium,row_2,23,-1.8403545456771582,47.84035454567716
d__Bacteria; p__Actinobacteriota; c__Actinobacteria; o__PeM15; f__norank; g__norank,row_3,5,,d__Bacteria; p__Actinobacteriota; c__Actinobacteria; o__PeM15; f__norank; g__norank,,d__Bacteria; p__Actinobacteriota; c__Actinobacteria; o__PeM15; f__norank; g__norank,row_3,5,-19.840354545677158,29.840354545677158
d__Bacteria; p__Bacteroidota; c__Bacteroidia; o__Chitinophagales; f__Saprospiraceae; g__uncultured; s__uncultured Bacteroidetes bacterium,row_4,7,,d__Bacteria; p__Bacteroidota; c__Bacteroidia; o__Chitinophagales; f__Saprospiraceae; g__uncultured; s__uncultured Bacteroidetes bacterium,,d__Bacteria; p__Bacteroidota; c__Bacteroidia; o__Chitinophagales; f__Saprospiraceae; g__uncultured; s__uncultured Bacteroidetes bacterium,row_4,7,-17.840354545677158,31.840354545677158
d__Bacteria; p__Actinobacteriota; c__Actinobacteria; o__Frankiales; f__Sporichthyaceae; g__hgcI clade; s__uncultured bacterium,row_5,28,,d__Bacteria; p__Actinobacteriota; c__Actinobacteria; o__Frankiales; f__Sporichthyaceae; g__hgcI clade; s__uncultured bacterium,,d__Bacteria; p__Actinobacteriota; c__Actinobacteria; o__Frankiales; f__Sporichthyaceae; g__hgcI clade; s__uncultured bacterium,row_5,28,3.159645454322842,52.84035454567716
d__Bacteria; p__Proteobacteria; c__Gammaproteobacteria; o__Salinisphaerales; f__Solimonadaceae; g__Hydrocarboniphaga; s__Hydrocarboniphaga daqingensis,row_6,25,,d__Bacteria; p__Proteobacteria; c__Gammaproteobacteria; o__Salinisphaerales; f__Solimonadaceae; g__Hydrocarboniphaga; s__Hydrocarboniphaga daqingensis,,d__Bacteria; p__Proteobacteria; c__Gammaproteobacteria; o__Salinisphaerales; f__Solimonadaceae; g__Hydrocarboniphaga; s__Hydrocarboniphaga daqingensis,row_6,25,0.15964545432284183,49.84035454567716
d__Bacteria; p__Bacteroidota; c__Bacteroidia; o__Chitinophagales; f__Chitinophagaceae; g__Dinghuibacter; s__uncultured bacterium,row_7,1,,d__Bacteria; p__Bacteroidota; c__Bacteroidia; o__Chitinophagales; f__Chitinophagaceae; g__Dinghuibacter; s__uncultured bacterium,,d__Bacteria; p__Bacteroidota; c__Bacteroidia; o__Chitinophagales; f__Chitinophagaceae; g__Dinghuibacter; s__uncultured bacterium,row_7,1,-23.840354545677158,25.840354545677158
d__Bacteria; p__Cyanobacteria; c__Cyanobacteriia; o__Oxyphotobacteria Incertae Sedis; f__Unknown Family; g__Pseudanabaena NgrPSln22,row_8,2,,d__Bacteria; p__Cyanobacteria; c__Cyanobacteriia; o__Oxyphotobacteria Incertae Sedis; f__Unknown Family; g__Pseudanabaena NgrPSln22,,d__Bacteria; p__Cyanobacteria; c__Cyanobacteriia; o__Oxyphotobacteria Incertae Sedis; f__Unknown Family; g__Pseudanabaena NgrPSln22,row_8,2,-22.840354545677158,26.840354545677158
d__Bacteria; p__Actinobacteriota; c__Actinobacteria; o__Corynebacteriales; f__Mycobacteriaceae; g__Mycobacterium,row_9,147,,d__Bacteria; p__Actinobacteriota; c__Actinobacteria; o__Corynebacteriales; f__Mycobacteriaceae; g__Mycobacterium,,d__Bacteria; p__Actinobacteriota; c__Actinobacteria; o__Corynebacteriales; f__Mycobacteriaceae; g__Mycobacterium,row_9,147,122.15964545432284,171.84035454567714
d__Bacteria; p__Proteobacteria; c__Gammaproteobacteria; o__Burkholderiales; f__Methylophilaceae; g__uncultured; s__uncultured bacterium,row_10,36,,d__Bacteria; p__Proteobacteria; c__Gammaproteobacteria; o__Burkholderiales; f__Methylophilaceae; g__uncultured; s__uncultured bacterium,,d__Bacteria; p__Proteobacteria; c__Gammaproteobacteria; o__Burkholderiales; f__Methylophilaceae; g__uncultured; s__uncultured bacterium,row_10,36,11.159645454322842,60.84035454567716
d__Bacteria; p__Proteobacteria; c__Alphaproteobacteria; o__Rhizobiales; f__Rhizobiales Incertae Sedis; g__uncultured; s__uncultured bacterium,row_11,86,,d__Bacteria; p__Proteobacteria; c__Alphaproteobacteria; o__Rhizobiales; f__Rhizobiales Incertae Sedis; g__uncultured; s__uncultured bacterium,,d__Bacteria; p__Proteobacteria; c__Alphaproteobacteria; o__Rhizobiales; f__Rhizobiales Incertae Sedis; g__uncultured; s__uncultured bacterium,row_11,86,61.15964545432284,110.84035454567716
d__Bacteria; p__Actinobacteriota; c__Acidimicrobiia; o__Microtrichales; f__Microtrichaceae; g__uncultured; s__metagenome,row_12,19,,d__Bacteria; p__Actinobacteriota; c__Acidimicrobiia; o__Microtrichales; f__Microtrichaceae; g__uncultured; s__metagenome,,d__Bacteria; p__Actinobacteriota; c__Acidimicrobiia; o__Microtrichales; f__Microtrichaceae; g__uncultured; s__metagenome,row_12,19,-5.840354545677158,43.84035454567716
d__Bacteria; p__Proteobacteria; c__Gammaproteobacteria; o__Burkholderiales; f__Comamonadaceae; g__Pelomonas,row_1,42,,d__Bacteria; p__Proteobacteria; c__Gammaproteobacteria; o__Burkholderiales; f__Comamonadaceae; g__Pelomonas,,d__Bacteria; p__Proteobacteria; c__Gammaproteobacteria; o__Burkholderiales; f__Comamonadaceae; g__Pelomonas,row_1,42,17.159645454322842,66.84035454567716
d__Bacteria; p__Cyanobacteria; c__Cyanobacteriia; o__Cyanobacteriales; f__Cyanobacteriaceae; g__Synechocystis SAG 90.79,row_2,5,,d__Bacteria; p__Cyanobacteria; c__Cyanobacteriia; o__Cyanobacteriales; f__Cyanobacteriaceae; g__Synechocystis SAG 90.79,,d__Bacteria; p__Cyanobacteria; c__Cyanobacteriia; o__Cyanobacteriales; f__Cyanobacteriaceae; g__Synechocystis SAG 90.79,row_2,5,-19.840354545677158,29.840354545677158
d__Bacteria; p__Proteobacteria; c__Alphaproteobacteria; o__Rhodobacterales; f__Rhodobacteraceae; g__Rhodobacter; s__uncultured bacterium,row_3,53,,d__Bacteria; p__Proteobacteria; c__Alphaproteobacteria; o__Rhodobacterales; f__Rhodobacteraceae; g__Rhodobacter; s__uncultured bacterium,,d__Bacteria; p__Proteobacteria; c__Alphaproteobacteria; o__Rhodobacterales; f__Rhodobacteraceae; g__Rhodobacter; s__uncultured bacterium,row_3,53,28.159645454322842,77.84035454567716
d__Bacteria; p__Actinobacteriota; c__Acidimicrobiia; o__Microtrichales; f__Ilumatobacteraceae; g__CL500-29 marine group; s__uncultured bacterium,row_4,14,,d__Bacteria; p__Actinobacteriota; c__Acidimicrobiia; o__Microtrichales; f__Ilumatobacteraceae; g__CL500-29 marine group; s__uncultured bacterium,,d__Bacteria; p__Actinobacteriota; c__Acidimicrobiia; o__Microtrichales; f__Ilumatobacteraceae; g__CL500-29 marine group; s__uncultured bacterium,row_4,14,-10.840354545677158,38.84035454567716
d__Bacteria; p__Proteobacteria; c__Gammaproteobacteria; o__Burkholderiales; f__Chromobacteriaceae; g__Vogesella,row_5,0,,d__Bacteria; p__Proteobacteria; c__Gammaproteobacteria; o__Burkholderiales; f__Chromobacteriaceae; g__Vogesella,,d__Bacteria; p__Proteobacteria; c__Gammaproteobacteria; o__Burkholderiales; f__Chromobacteriaceae; g__Vogesella,row_5,0,-24.840354545677158,24.840354545677158
d__Bacteria; p__Proteobacteria; c__Gammaproteobacteria; o__Burkholderiales; f__Burkholderiaceae; g__Limnobacter; s__uncultured bacterium,row_6,32,,d__Bacteria; p__Proteobacteria; c__Gammaproteobacteria; o__Burkholderiales; f__Burkholderiaceae; g__Limnobacter; s__uncultured bacterium,,d__Bacteria; p__Proteobacteria; c__Gammaproteobacteria; o__Burkholderiales; f__Burkholderiaceae; g__Limnobacter; s__uncultured bacterium,row_6,32,7.159645454322842,56.84035454567716
d__Bacteria; p__Proteobacteria; c__Alphaproteobacteria; o__Caulobacterales; f__Hyphomonadaceae; g__uncultured; s__uncultured bacterium,row_7,64,,d__Bacteria; p__Proteobacteria; c__Alphaproteobacteria; o__Caulobacterales; f__Hyphomonadaceae; g__uncultured; s__uncultured bacterium,,d__Bacteria; p__Proteobacteria; c__Alphaproteobacteria; o__Caulobacterales; f__Hyphomonadaceae; g__uncultured; s__uncultured bacterium,row_7,64,39.15964545432284,88.84035454567716
d__Bacteria; p__Proteobacteria; c__Gammaproteobacteria; o__Burkholderiales; f__Chromobacteriaceae; g__Vogesella,row_8,0,,d__Bacteria; p__Proteobacteria; c__Gammaproteobacteria; o__Burkholderiales; f__Chromobacteriaceae; g__Vogesella,,d__Bacteria; p__Proteobacteria; c__Gammaproteobacteria; o__Burkholderiales; f__Chromobacteriaceae; g__Vogesella,row_8,0,-24.840354545677158,24.840354545677158
d__Bacteria; p__Actinobacteriota; c__Actinobacteria; o__Frankiales; f__Sporichthyaceae; g__hgcI clade; s__uncultured bacterium,row_9,29,,d__Bacteria; p__Actinobacteriota; c__Actinobacteria; o__Frankiales; f__Sporichthyaceae; g__hgcI clade; s__uncultured bacterium,,d__Bacteria; p__Actinobacteriota; c__Actinobacteria; o__Frankiales; f__Sporichthyaceae; g__hgcI clade; s__uncultured bacterium,row_9,29,4.159645454322842,53.84035454567716
d__Bacteria; p__Bacteroidota; c__Bacteroidia; o__Chitinophagales; f__Chitinophagaceae; g__Dinghuibacter; s__uncultured bacterium,row_10,1,,d__Bacteria; p__Bacteroidota; c__Bacteroidia; o__Chitinophagales; f__Chitinophagaceae; g__Dinghuibacter; s__uncultured bacterium,,d__Bacteria; p__Bacteroidota; c__Bacteroidia; o__Chitinophagales; f__Chitinophagaceae; g__Dinghuibacter; s__uncultured bacterium,row_10,1,-23.840354545677158,25.840354545677158
d__Bacteria; p__Proteobacteria; c__Alphaproteobacteria; o__Rhizobiales; f__Beijerinckiaceae; g__FukuN57; s__uncultured bacterium,row_11,6,,d__Bacteria; p__Proteobacteria; c__Alphaproteobacteria; o__Rhizobiales; f__Beijerinckiaceae; g__FukuN57; s__uncultured bacterium,,d__Bacteria; p__Proteobacteria; c__Alphaproteobacteria; o__Rhizobiales; f__Beijerinckiaceae; g__FukuN57; s__uncultured bacterium,row_11,6,-18.840354545677158,30.840354545677158
d__Bacteria; p__Cyanobacteria; c__Cyanobacteriia; o__Chloroplast; f__norank; g__norank,row_12,1,,d__Bacteria; p__Cyanobacteria; c__Cyanobacteriia; o__Chloroplast; f__norank; g__norank,,d__Bacteria; p__Cyanobacteria; c__Cyanobacteriia; o__Chloroplast; f__norank; g__norank,row_12,1,-23.840354545677158,25.840354545677158
d__Bacteria; p__Bacteroidota; c__Bacteroidia; o__Cytophagales; f__Microscillaceae; g__uncultured; s__uncultured bacterium,row_1,11,,d__Bacteria; p__Bacteroidota; c__Bacteroidia; o__Cytophagales; f__Microscillaceae; g__uncultured; s__uncultured bacterium,,d__Bacteria; p__Bacteroidota; c__Bacteroidia; o__Cytophagales; f__Microscillaceae; g__uncultured; s__uncultured bacterium,row_1,11,-13.840354545677158,35.84035454567716
d__Bacteria; p__Proteobacteria; c__Gammaproteobacteria; o__Pseudomonadales; f__Spongiibacteraceae; g__BD1-7 clade; s__uncultured bacterium,row_2,1,,d__Bacteria; p__Proteobacteria; c__Gammaproteobacteria; o__Pseudomonadales; f__Spongiibacteraceae; g__BD1-7 clade; s__uncultured bacterium,,d__Bacteria; p__Proteobacteria; c__Gammaproteobacteria; o__Pseudomonadales; f__Spongiibacteraceae; g__BD1-7 clade; s__uncultured bacterium,row_2,1,-23.840354545677158,25.840354545677158
d__Bacteria; p__Armatimonadota; c__Fimbriimonadia; o__Fimbriimonadales; f__Fimbriimonadaceae; g__norank; s__metagenome,row_3,45,,d__Bacteria; p__Armatimonadota; c__Fimbriimonadia; o__Fimbriimonadales; f__Fimbriimonadaceae; g__norank; s__metagenome,,d__Bacteria; p__Armatimonadota; c__Fimbriimonadia; o__Fimbriimonadales; f__Fimbriimonadaceae; g__norank; s__metagenome,row_3,45,20.159645454322842,69.84035454567716
d__Bacteria; p__Actinobacteriota; c__Thermoleophilia; o__Gaiellales; f__uncultured; g__norank; s__uncultured bacterium,row_4,16,,d__Bacteria; p__Actinobacteriota; c__Thermoleophilia; o__Gaiellales; f__uncultured; g__norank; s__uncultured bacterium,,d__Bacteria; p__Actinobacteriota; c__Thermoleophilia; o__Gaiellales; f__uncultured; g__norank; s__uncultured bacterium,row_4,16,-8.840354545677158,40.84035454567716
d__Bacteria; p__Proteobacteria; c__Alphaproteobacteria; o__Caulobacterales; f__Caulobacteraceae; g__Phenylobacterium,row_5,20,,d__Bacteria; p__Proteobacteria; c__Alphaproteobacteria; o__Caulobacterales; f__Caulobacteraceae; g__Phenylobacterium,,d__Bacteria; p__Proteobacteria; c__Alphaproteobacteria; o__Caulobacterales; f__Caulobacteraceae; g__Phenylobacterium,row_5,20,-4.840354545677158,44.84035454567716
d__Bacteria; p__Planctomycetota; c__OM190; o__norank; f__norank; g__norank; s__uncultured bacterium,row_6,2,,d__Bacteria; p__Planctomycetota; c__OM190; o__norank; f__norank; g__norank; s__uncultured bacterium,,d__Bacteria; p__Planctomycetota; c__OM190; o__norank; f__norank; g__norank; s__uncultured bacterium,row_6,2,-22.840354545677158,26.840354545677158
d__Bacteria; p__Actinobacteriota; c__Actinobacteria; o__Frankiales; f__Sporichthyaceae; g__hgcI clade; s__uncultured bacterium,row_7,94,,d__Bacteria; p__Actinobacteriota; c__Actinobacteria; o__Frankiales; f__Sporichthyaceae; g__hgcI clade; s__uncultured bacterium,,d__Bacteria; p__Actinobacteriota; c__Actinobacteria; o__Frankiales; f__Sporichthyaceae; g__hgcI clade; s__uncultured bacterium,row_7,94,69.15964545432284,118.84035454567716
d__Bacteria; p__Proteobacteria; c__Gammaproteobacteria; o__Burkholderiales; f__Comamonadaceae; g__Malikia,row_8,0,,d__Bacteria; p__Proteobacteria; c__Gammaproteobacteria; o__Burkholderiales; f__Comamonadaceae; g__Malikia,,d__Bacteria; p__Proteobacteria; c__Gammaproteobacteria; o__Burkholderiales; f__Comamonadaceae; g__Malikia,row_8,0,-24.840354545677158,24.840354545677158
d__Bacteria; p__Proteobacteria; c__Alphaproteobacteria; o__Rhizobiales; f__Hyphomicrobiaceae; g__Pedomicrobium; s__uncultured bacterium,row_9,0,,d__Bacteria; p__Proteobacteria; c__Alphaproteobacteria; o__Rhizobiales; f__Hyphomicrobiaceae; g__Pedomicrobium; s__uncultured bacterium,,d__Bacteria; p__Proteobacteria; c__Alphaproteobacteria; o__Rhizobiales; f__Hyphomicrobiaceae; g__Pedomicrobium; s__uncultured bacterium,row_9,0,-24.840354545677158,24.840354545677158
d__Bacteria; p__Proteobacteria; c__Gammaproteobacteria; o__Burkholderiales; f__Sutterellaceae; g__uncultured; s__uncultured bacterium,row_10,30,,d__Bacteria; p__Proteobacteria; c__Gammaproteobacteria; o__Burkholderiales; f__Sutterellaceae; g__uncultured; s__uncultured bacterium,,d__Bacteria; p__Proteobacteria; c__Gammaproteobacteria; o__Burkholderiales; f__Sutterellaceae; g__uncultured; s__uncultured bacterium,row_10,30,5.159645454322842,54.84035454567716
d__Bacteria; p__Bacteroidota; c__Bacteroidia; o__Sphingobacteriales; f__NS11-12 marine group; g__norank; s__uncultured bacterium,row_11,27,,d__Bacteria; p__Bacteroidota; c__Bacteroidia; o__Sphingobacteriales; f__NS11-12 marine group; g__norank; s__uncultured bacterium,,d__Bacteria; p__Bacteroidota; c__Bacteroidia; o__Sphingobacteriales; f__NS11-12 marine group; g__norank; s__uncultured bacterium,row_11,27,2.159645454322842,51.84035454567716
d__Bacteria; p__Dependentiae; c__Babeliae; o__Babeliales; f__norank; g__norank; s__uncultured bacterium,row_12,1,,d__Bacteria; p__Dependentiae; c__Babeliae; o__Babeliales; f__norank; g__norank; s__uncultured bacterium,,d__Bacteria; p__Dependentiae; c__Babeliae; o__Babeliales; f__norank; g__norank; s__uncultured bacterium,row_12,1,-23.840354545677158,25.840354545677158
d__Bacteria; p__Proteobacteria; c__Gammaproteobacteria; o__Burkholderiales; f__Comamonadaceae; g__Limnohabitans; s__uncultured bacterium,row_1,8,,d__Bacteria; p__Proteobacteria; c__Gammaproteobacteria; o__Burkholderiales; f__Comamonadaceae; g__Limnohabitans; s__uncultured bacterium,,d__Bacteria; p__Proteobacteria; c__Gammaproteobacteria; o__Burkholderiales; f__Comamonadaceae; g__Limnohabitans; s__uncultured bacterium,row_1,8,-16.840354545677158,32.84035454567716
d__Bacteria; p__Proteobacteria; c__Gammaproteobacteria; o__Burkholderiales; f__Comamonadaceae; g__Polaromonas; s__metagenome,row_2,16,,d__Bacteria; p__Proteobacteria; c__Gammaproteobacteria; o__Burkholderiales; f__Comamonadaceae; g__Polaromonas; s__metagenome,,d__Bacteria; p__Proteobacteria; c__Gammaproteobacteria; o__Burkholderiales; f__Comamonadaceae; g__Polaromonas; s__metagenome,row_2,16,-8.840354545677158,40.84035454567716
d__Bacteria; p__Bacteroidota; c__Bacteroidia; o__Cytophagales; f__Microscillaceae; g__uncultured; s__uncultured bacterium,row_3,12,,d__Bacteria; p__Bacteroidota; c__Bacteroidia; o__Cytophagales; f__Microscillaceae; g__uncultured; s__uncultured bacterium,,d__Bacteria; p__Bacteroidota; c__Bacteroidia; o__Cytophagales; f__Microscillaceae; g__uncultured; s__uncultured bacterium,row_3,12,-12.840354545677158,36.84035454567716
d__Bacteria; p__Proteobacteria; c__Alphaproteobacteria; o__Caulobacterales; f__Caulobacteraceae; g__Phenylobacterium,row_4,15,,d__Bacteria; p__Proteobacteria; c__Alphaproteobacteria; o__Caulobacterales; f__Caulobacteraceae; g__Phenylobacterium,,d__Bacteria; p__Proteobacteria; c__Alphaproteobacteria; o__Caulobacterales; f__Caulobacteraceae; g__Phenylobacterium,row_4,15,-9.840354545677158,39.84035454567716
d__Bacteria; p__Cyanobacteria; c__Cyanobacteriia; o__Limnotrichales; f__Limnotrichaceae; g__Limnothrix,row_5,18,,d__Bacteria; p__Cyanobacteria; c__Cyanobacteriia; o__Limnotrichales; f__Limnotrichaceae; g__Limnothrix,,d__Bacteria; p__Cyanobacteria; c__Cyanobacteriia; o__Limnotrichales; f__Limnotrichaceae; g__Limnothrix,row_5,18,-6.840354545677158,42.84035454567716
d__Bacteria; p__Cyanobacteria; c__Cyanobacteriia; o__Chloroplast; f__norank; g__norank,row_6,3,,d__Bacteria; p__Cyanobacteria; c__Cyanobacteriia; o__Chloroplast; f__norank; g__norank,,d__Bacteria; p__Cyanobacteria; c__Cyanobacteriia; o__Chloroplast; f__norank; g__norank,row_6,3,-21.840354545677158,27.840354545677158
d__Bacteria; p__Proteobacteria; c__Gammaproteobacteria; o__Enterobacterales; f__Alteromonadaceae; g__Rheinheimera; s__uncultured bacterium,row_7,0,,d__Bacteria; p__Proteobacteria; c__Gammaproteobacteria; o__Enterobacterales; f__Alteromonadaceae; g__Rheinheimera; s__uncultured bacterium,,d__Bacteria; p__Proteobacteria; c__Gammaproteobacteria; o__Enterobacterales; f__Alteromonadaceae; g__Rheinheimera; s__uncultured bacterium,row_7,0,-24.840354545677158,24.840354545677158
d__Bacteria; p__Proteobacteria; c__Alphaproteobacteria; o__Caulobacterales; f__Hyphomonadaceae; g__Hirschia; s__uncultured bacterium,row_8,23,,d__Bacteria; p__Proteobacteria; c__Alphaproteobacteria; o__Caulobacterales; f__Hyphomonadaceae; g__Hirschia; s__uncultured bacterium,,d__Bacteria; p__Proteobacteria; c__Alphaproteobacteria; o__Caulobacterales; f__Hyphomonadaceae; g__Hirschia; s__uncultured bacterium,row_8,23,-1.8403545456771582,47.84035454567716
d__Bacteria; p__Proteobacteria; c__Gammaproteobacteria; o__Xanthomonadales; f__Xanthomonadaceae; g__Arenimonas,row_9,1,,d__Bacteria; p__Proteobacteria; c__Gammaproteobacteria; o__Xanthomonadales; f__Xanthomonadaceae; g__Arenimonas,,d__Bacteria; p__Proteobacteria; c__Gammaproteobacteria; o__Xanthomonadales; f__Xanthomonadaceae; g__Arenimonas,row_9,1,-23.840354545677158,25.840354545677158
d__Bacteria; p__Proteobacteria; c__Alphaproteobacteria; o__Rhizobiales; f__Beijerinckiaceae; g__alphaI cluster; s__uncultured bacterium,row_10,25,,d__Bacteria; p__Proteobacteria; c__Alphaproteobacteria; o__Rhizobiales; f__Beijerinckiaceae; g__alphaI cluster; s__uncultured bacterium,,d__Bacteria; p__Proteobacteria; c__Alphaproteobacteria; o__Rhizobiales; f__Beijerinckiaceae; g__alphaI cluster; s__uncultured bacterium,row_10,25,0.15964545432284183,49.84035454567716
d__Bacteria; p__Actinobacteriota; c__Acidimicrobiia; o__Microtrichales; f__Ilumatobacteraceae; g__CL500-29 marine group; s__metagenome,row_11,70,,d__Bacteria; p__Actinobacteriota; c__Acidimicrobiia; o__Microtrichales; f__Ilumatobacteraceae; g__CL500-29 marine group; s__metagenome,,d__Bacteria; p__Actinobacteriota; c__Acidimicrobiia; o__Microtrichales; f__Ilumatobacteraceae; g__CL500-29 marine group; s__metagenome,row_11,70,45.15964545432284,94.84035454567716
d__Bacteria; p__Verrucomicrobiota; c__Verrucomicrobiae; o__Verrucomicrobiales; f__Verrucomicrobiaceae; g__Prosthecobacter; s__uncultured bacterium,row_12,20,,d__Bacteria; p__Verrucomicrobiota; c__Verrucomicrobiae; o__Verrucomicrobiales; f__Verrucomicrobiaceae; g__Prosthecobacter; s__uncultured bacterium,,d__Bacteria; p__Verrucomicrobiota; c__Verrucomicrobiae; o__Verrucomicrobiales; f__Verrucomicrobiaceae; g__Prosthecobacter; s__uncultured bacterium,row_12,20,-4.840354545677158,44.84035454567716
d__Bacteria; p__Cyanobacteria; c__Cyanobacteriia; o__Cyanobacteriales; f__Nostocaceae; g__Anabaena XPORK15F,row_1,4,,d__Bacteria; p__Cyanobacteria; c__Cyanobacteriia; o__Cyanobacteriales; f__Nostocaceae; g__Anabaena XPORK15F,,d__Bacteria; p__Cyanobacteria; c__Cyanobacteriia; o__Cyanobacteriales; f__Nostocaceae; g__Anabaena XPORK15F,row_1,4,-20.840354545677158,28.840354545677158
d__Bacteria; p__Proteobacteria; c__Alphaproteobacteria; o__Rhizobiales; f__Rhizobiales Incertae Sedis; g__uncultured; s__uncultured bacterium,row_2,71,,d__Bacteria; p__Proteobacteria; c__Alphaproteobacteria; o__Rhizobiales; f__Rhizobiales Incertae Sedis; g__uncultured; s__uncultured bacterium,,d__Bacteria; p__Proteobacteria; c__Alphaproteobacteria; o__Rhizobiales; f__Rhizobiales Incertae Sedis; g__uncultured; s__uncultured bacterium,row_2,71,46.15964545432284,95.84035454567716
d__Bacteria; p__Bacteroidota; c__Bacteroidia; o__Sphingobacteriales; f__env.OPS 17; g__norank; s__metagenome,row_3,0,,d__Bacteria; p__Bacteroidota; c__Bacteroidia; o__Sphingobacteriales; f__env.OPS 17; g__norank; s__metagenome,,d__Bacteria; p__Bacteroidota; c__Bacteroidia; o__Sphingobacteriales; f__env.OPS 17; g__norank; s__metagenome,row_3,0,-24.840354545677158,24.840354545677158
d__Bacteria; p__Bacteroidota; c__Bacteroidia; o__Flavobacteriales; f__Flavobacteriaceae; g__Flavobacterium,row_4,0,,d__Bacteria; p__Bacteroidota; c__Bacteroidia; o__Flavobacteriales; f__Flavobacteriaceae; g__Flavobacterium,,d__Bacteria; p__Bacteroidota; c__Bacteroidia; o__Flavobacteriales; f__Flavobacteriaceae; g__Flavobacterium,row_4,0,-24.840354545677158,24.840354545677158
d__Bacteria; p__Proteobacteria; c__Alphaproteobacteria; o__Sphingomonadales; f__Sphingomonadaceae; g__uncultured; s__uncultured bacterium,row_5,3,,d__Bacteria; p__Proteobacteria; c__Alphaproteobacteria; o__Sphingomonadales; f__Sphingomonadaceae; g__uncultured; s__uncultured bacterium,,d__Bacteria; p__Proteobacteria; c__Alphaproteobacteria; o__Sphingomonadales; f__Sphingomonadaceae; g__uncultured; s__uncultured bacterium,row_5,3,-21.840354545677158,27.840354545677158
d__Bacteria; p__SAR324 clade(Marine group B); c__norank; o__norank; f__norank; g__norank; s__uncultured bacterium,row_6,22,,d__Bacteria; p__SAR324 clade(Marine group B); c__norank; o__norank; f__norank; g__norank; s__uncultured bacterium,,d__Bacteria; p__SAR324 clade(Marine group B); c__norank; o__norank; f__norank; g__norank; s__uncultured bacterium,row_6,22,-2.840354545677158,46.84035454567716
d__Bacteria; p__Bacteroidota; c__Bacteroidia; o__Flavobacteriales; f__Crocinitomicaceae; g__Fluviicola; s__uncultured bacterium,row_7,4,,d__Bacteria; p__Bacteroidota; c__Bacteroidia; o__Flavobacteriales; f__Crocinitomicaceae; g__Fluviicola; s__uncultured bacterium,,d__Bacteria; p__Bacteroidota; c__Bacteroidia; o__Flavobacteriales; f__Crocinitomicaceae; g__Fluviicola; s__uncultured bacterium,row_7,4,-20.840354545677158,28.840354545677158
d__Bacteria; p__Bacteroidota; c__Bacteroidia; o__Flavobacteriales; f__Crocinitomicaceae; g__Fluviicola,row_8,40,,d__Bacteria; p__Bacteroidota; c__Bacteroidia; o__Flavobacteriales; f__Crocinitomicaceae; g__Fluviicola,,d__Bacteria; p__Bacteroidota; c__Bacteroidia; o__Flavobacteriales; f__Crocinitomicaceae; g__Fluviicola,row_8,40,15.159645454322842,64.84035454567716
d__Bacteria; p__Chloroflexi; c__Chloroflexia; o__Chloroflexales; f__Roseiflexaceae; g__uncultured; s__uncultured bacterium,row_9,13,,d__Bacteria; p__Chloroflexi; c__Chloroflexia; o__Chloroflexales; f__Roseiflexaceae; g__uncultured; s__uncultured bacterium,,d__Bacteria; p__Chloroflexi; c__Chloroflexia; o__Chloroflexales; f__Roseiflexaceae; g__uncultured; s__uncultured bacterium,row_9,13,-11.840354545677158,37.84035454567716
d__Bacteria; p__Proteobacteria; c__Alphaproteobacteria; o__Sphingomonadales; f__Sphingomonadaceae; g__Sphingopyxis,row_10,36,,d__Bacteria; p__Proteobacteria; c__Alphaproteobacteria; o__Sphingomonadales; f__Sphingomonadaceae; g__Sphingopyxis,,d__Bacteria; p__Proteobacteria; c__Alphaproteobacteria; o__Sphingomonadales; f__Sphingomonadaceae; g__Sphingopyxis,row_10,36,11.159645454322842,60.84035454567716
d__Bacteria; p__Cyanobacteria; c__Cyanobacteriia; o__Cyanobacteriales; f__Microcystaceae; g__Snowella 0TU37S04; s__uncultured bacterium,row_11,10,,d__Bacteria; p__Cyanobacteria; c__Cyanobacteriia; o__Cyanobacteriales; f__Microcystaceae; g__Snowella 0TU37S04; s__uncultured bacterium,,d__Bacteria; p__Cyanobacteria; c__Cyanobacteriia; o__Cyanobacteriales; f__Microcystaceae; g__Snowella 0TU37S04; s__uncultured bacterium,row_11,10,-14.840354545677158,34.84035454567716
d__Bacteria; p__Proteobacteria; c__Gammaproteobacteria; o__Burkholderiales; f__Burkholderiaceae; g__Limnobacter; s__uncultured bacterium,row_12,54,,d__Bacteria; p__Proteobacteria; c__Gammaproteobacteria; o__Burkholderiales; f__Burkholderiaceae; g__Limnobacter; s__uncultured bacterium,,d__Bacteria; p__Proteobacteria; c__Gammaproteobacteria; o__Burkholderiales; f__Burkholderiaceae; g__Limnobacter; s__uncultured bacterium,row_12,54,29.159645454322842,78.84035454567716
d__Bacteria; p__Proteobacteria; c__Alphaproteobacteria; o__Acetobacterales; f__Acetobacteraceae; g__Roseomonas,row_1,1,,d__Bacteria; p__Proteobacteria; c__Alphaproteobacteria; o__Acetobacterales; f__Acetobacteraceae; g__Roseomonas,,d__Bacteria; p__Proteobacteria; c__Alphaproteobacteria; o__Acetobacterales; f__Acetobacteraceae; g__Roseomonas,row_1,1,-23.840354545677158,25.840354545677158
d__Bacteria; p__Bacteroidota; c__Bacteroidia; o__Sphingobacteriales; f__NS11-12 marine group; g__norank; s__uncultured bacterium,row_2,24,,d__Bacteria; p__Bacteroidota; c__Bacteroidia; o__Sphingobacteriales; f__NS11-12 marine group; g__norank; s__uncultured bacterium,,d__Bacteria; p__Bacteroidota; c__Bacteroidia; o__Sphingobacteriales; f__NS11-12 marine group; g__norank; s__uncultured bacterium,row_2,24,-0.8403545456771582,48.84035454567716
d__Bacteria; p__Proteobacteria; c__Alphaproteobacteria; o__Rhizobiales; f__Beijerinckiaceae; g__uncultured,row_3,77,,d__Bacteria; p__Proteobacteria; c__Alphaproteobacteria; o__Rhizobiales; f__Beijerinckiaceae; g__uncultured,,d__Bacteria; p__Proteobacteria; c__Alphaproteobacteria; o__Rhizobiales; f__Beijerinckiaceae; g__uncultured,row_3,77,52.15964545432284,101.84035454567716
d__Bacteria; p__Deinococcota; c__Deinococci; o__Deinococcales; f__Deinococcaceae; g__Deinococcus; s__Deinococcus wulumuqiensis,row_4,5,,d__Bacteria; p__Deinococcota; c__Deinococci; o__Deinococcales; f__Deinococcaceae; g__Deinococcus; s__Deinococcus wulumuqiensis,,d__Bacteria; p__Deinococcota; c__Deinococci; o__Deinococcales; f__Deinococcaceae; g__Deinococcus; s__Deinococcus wulumuqiensis,row_4,5,-19.840354545677158,29.840354545677158
d__Bacteria; p__Cyanobacteria; c__Cyanobacteriia; o__Pseudanabaenales; f__Pseudanabaenaceae; g__Pseudanabaena PCC-7429; s__uncultured bacterium,row_5,5,,d__Bacteria; p__Cyanobacteria; c__Cyanobacteriia; o__Pseudanabaenales; f__Pseudanabaenaceae; g__Pseudanabaena PCC-7429; s__uncultured bacterium,,d__Bacteria; p__Cyanobacteria; c__Cyanobacteriia; o__Pseudanabaenales; f__Pseudanabaenaceae; g__Pseudanabaena PCC-7429; s__uncultured bacterium,row_5,5,-19.840354545677158,29.840354545677158
d__Bacteria; p__Chloroflexi; c__Chloroflexia; o__Chloroflexales; f__Roseiflexaceae; g__uncultured; s__uncultured bacterium,row_6,13,,d__Bacteria; p__Chloroflexi; c__Chloroflexia; o__Chloroflexales; f__Roseiflexaceae; g__uncultured; s__uncultured bacterium,,d__Bacteria; p__Chloroflexi; c__Chloroflexia; o__Chloroflexales; f__Roseiflexaceae; g__uncultured; s__uncultured bacterium,row_6,13,-11.840354545677158,37.84035454567716
d__Bacteria; p__Planctomycetota; c__Planctomycetes; o__Pirellulales; f__Pirellulaceae; g__Pirellula,row_7,0,,d__Bacteria; p__Planctomycetota; c__Planctomycetes; o__Pirellulales; f__Pirellulaceae; g__Pirellula,,d__Bacteria; p__Planctomycetota; c__Planctomycetes; o__Pirellulales; f__Pirellulaceae; g__Pirellula,row_7,0,-24.840354545677158,24.840354545677158
d__Bacteria; p__Verrucomicrobiota; c__Verrucomicrobiae; o__Pedosphaerales; f__Pedosphaeraceae; g__DEV114; s__uncultured bacterium,row_8,1,,d__Bacteria; p__Verrucomicrobiota; c__Verrucomicrobiae; o__Pedosphaerales; f__Pedosphaeraceae; g__DEV114; s__uncultured bacterium,,d__Bacteria; p__Verrucomicrobiota; c__Verrucomicrobiae; o__Pedosphaerales; f__Pedosphaeraceae; g__DEV114; s__uncultured bacterium,row_8,1,-23.840354545677158,25.840354545677158
d__Bacteria; p__Bdellovibrionota; c__Oligoflexia; o__Oligoflexales; f__Oligoflexaceae; g__uncultured; s__uncultured bacterium,row_9,10,,d__Bacteria; p__Bdellovibrionota; c__Oligoflexia; o__Oligoflexales; f__Oligoflexaceae; g__uncultured; s__uncultured bacterium,,d__Bacteria; p__Bdellovibrionota; c__Oligoflexia; o__Oligoflexales; f__Oligoflexaceae; g__uncultured; s__uncultured bacterium,row_9,10,-14.840354545677158,34.84035454567716
d__Bacteria; p__Cyanobacteria; c__Cyanobacteriia; o__Chloroplast; f__norank; g__norank,row_10,7,,d__Bacteria; p__Cyanobacteria; c__Cyanobacteriia; o__Chloroplast; f__norank; g__norank,,d__Bacteria; p__Cyanobacteria; c__Cyanobacteriia; o__Chloroplast; f__norank; g__norank,row_10,7,-17.840354545677158,31.840354545677158
d__Bacteria; p__Bacteroidota; c__Bacteroidia; o__Chitinophagales; f__uncultured; g__norank; s__uncultured Bacteroidetes bacterium,row_11,0,,d__Bacteria; p__Bacteroidota; c__Bacteroidia; o__Chitinophagales; f__uncultured; g__norank; s__uncultured Bacteroidetes bacterium,,d__Bacteria; p__Bacteroidota; c__Bacteroidia; o__Chitinophagales; f__uncultured; g__norank; s__uncultured Bacteroidetes bacterium,row_11,0,-24.840354545677158,24.840354545677158
d__Bacteria; p__Actinobacteriota; c__Acidimicrobiia; o__Microtrichales; f__Ilumatobacteraceae; g__CL500-29 marine group; s__uncultured bacterium,row_12,1,,d__Bacteria; p__Actinobacteriota; c__Acidimicrobiia; o__Microtrichales; f__Ilumatobacteraceae; g__CL500-29 marine group; s__uncultured bacterium,,d__Bacteria; p__Actinobacteriota; c__Acidimicrobiia; o__Microtrichales; f__Ilumatobacteraceae; g__CL500-29 marine group; s__uncultured bacterium,row_12,1,-23.840354545677158,25.840354545677158
d__Bacteria; p__Bacteroidota; c__Bacteroidia; o__Chitinophagales; f__Saprospiraceae; g__Candidatus Aquirestis; s__uncultured bacterium,row_1,14,,d__Bacteria; p__Bacteroidota; c__Bacteroidia; o__Chitinophagales; f__Saprospiraceae; g__Candidatus Aquirestis; s__uncultured bacterium,,d__Bacteria; p__Bacteroidota; c__Bacteroidia; o__Chitinophagales; f__Saprospiraceae; g__Candidatus Aquirestis; s__uncultured bacterium,row_1,14,-10.840354545677158,38.84035454567716
d__Bacteria; p__Verrucomicrobiota; c__Verrucomicrobiae; o__Chthoniobacterales; f__Chthoniobacteraceae; g__Chthoniobacter; s__uncultured bacterium,row_2,17,,d__Bacteria; p__Verrucomicrobiota; c__Verrucomicrobiae; o__Chthoniobacterales; f__Chthoniobacteraceae; g__Chthoniobacter; s__uncultured bacterium,,d__Bacteria; p__Verrucomicrobiota; c__Verrucomicrobiae; o__Chthoniobacterales; f__Chthoniobacteraceae; g__Chthoniobacter; s__uncultured bacterium,row_2,17,-7.840354545677158,41.84035454567716
d__Bacteria; p__Proteobacteria; c__Alphaproteobacteria; o__Rhizobiales; f__Hyphomicrobiaceae; g__Hyphomicrobium; s__metagenome,row_3,41,,d__Bacteria; p__Proteobacteria; c__Alphaproteobacteria; o__Rhizobiales; f__Hyphomicrobiaceae; g__Hyphomicrobium; s__metagenome,,d__Bacteria; p__Proteobacteria; c__Alphaproteobacteria; o__Rhizobiales; f__Hyphomicrobiaceae; g__Hyphomicrobium; s__metagenome,row_3,41,16.159645454322842,65.84035454567716
d__Bacteria; p__Bacteroidota; c__Bacteroidia; o__Chitinophagales; f__Saprospiraceae; g__Candidatus Aquirestis; s__uncultured bacterium,row_4,17,,d__Bacteria; p__Bacteroidota; c__Bacteroidia; o__Chitinophagales; f__Saprospiraceae; g__Candidatus Aquirestis; s__uncultured bacterium,,d__Bacteria; p__Bacteroidota; c__Bacteroidia; o__Chitinophagales; f__Saprospiraceae; g__Candidatus Aquirestis; s__uncultured bacterium,row_4,17,-7.840354545677158,41.84035454567716
d__Bacteria; p__Actinobacteriota; c__Acidimicrobiia; o__Microtrichales; f__Ilumatobacteraceae; g__CL500-29 marine group; s__uncultured bacterium,row_5,17,,d__Bacteria; p__Actinobacteriota; c__Acidimicrobiia; o__Microtrichales; f__Ilumatobacteraceae; g__CL500-29 marine group; s__uncultured bacterium,,d__Bacteria; p__Actinobacteriota; c__Acidimicrobiia; o__Microtrichales; f__Ilumatobacteraceae; g__CL500-29 marine group; s__uncultured bacterium,row_5,17,-7.840354545677158,41.84035454567716
d__Bacteria; p__Bdellovibrionota; c__Oligoflexia; o__0319-6G20; f__norank; g__norank; s__uncultured bacterium,row_6,5,,d__Bacteria; p__Bdellovibrionota; c__Oligoflexia; o__0319-6G20; f__norank; g__norank; s__uncultured bacterium,,d__Bacteria; p__Bdellovibrionota; c__Oligoflexia; o__0319-6G20; f__norank; g__norank; s__uncultured bacterium,row_6,5,-19.840354545677158,29.840354545677158
d__Bacteria; p__Proteobacteria; c__Gammaproteobacteria; o__Burkholderiales; f__Comamonadaceae; g__Ramlibacter; s__uncultured bacterium,row_7,2,,d__Bacteria; p__Proteobacteria; c__Gammaproteobacteria; o__Burkholderiales; f__Comamonadaceae; g__Ramlibacter; s__uncultured bacterium,,d__Bacteria; p__Proteobacteria; c__Gammaproteobacteria; o__Burkholderiales; f__Comamonadaceae; g__Ramlibacter; s__uncultured bacterium,row_7,2,-22.840354545677158,26.840354545677158
d__Bacteria; p__Gemmatimonadota; c__Gemmatimonadetes; o__Gemmatimonadales; f__Gemmatimonadaceae; g__Gemmatimonas; s__uncultured bacterium,row_8,13,,d__Bacteria; p__Gemmatimonadota; c__Gemmatimonadetes; o__Gemmatimonadales; f__Gemmatimonadaceae; g__Gemmatimonas; s__uncultured bacterium,,d__Bacteria; p__Gemmatimonadota; c__Gemmatimonadetes; o__Gemmatimonadales; f__Gemmatimonadaceae; g__Gemmatimonas; s__uncultured bacterium,row_8,13,-11.840354545677158,37.84035454567716
d__Bacteria; p__Bacteroidota; c__Bacteroidia; o__Sphingobacteriales; f__NS11-12 marine group; g__norank; s__uncultured bacterium,row_9,16,,d__Bacteria; p__Bacteroidota; c__Bacteroidia; o__Sphingobacteriales; f__NS11-12 marine group; g__norank; s__uncultured bacterium,,d__Bacteria; p__Bacteroidota; c__Bacteroidia; o__Sphingobacteriales; f__NS11-12 marine group; g__norank; s__uncultured bacterium,row_9,16,-8.840354545677158,40.84035454567716
d__Bacteria; p__Cyanobacteria; c__Cyanobacteriia; o__Synechococcales; f__Cyanobiaceae; g__Cyanobium PCC-6307; s__uncultured bacterium,row_10,19,,d__Bacteria; p__Cyanobacteria; c__Cyanobacteriia; o__Synechococcales; f__Cyanobiaceae; g__Cyanobium PCC-6307; s__uncultured bacterium,,d__Bacteria; p__Cyanobacteria; c__Cyanobacteriia; o__Synechococcales; f__Cyanobiaceae; g__Cyanobium PCC-6307; s__uncultured bacterium,row_10,19,-5.840354545677158,43.84035454567716
d__Bacteria; p__Proteobacteria; c__Alphaproteobacteria; o__Rhizobiales; f__Rhizobiaceae; g__Allorhizobium-Neorhizobium-Pararhizobium-Rhizobium; s__Dinobryon sp. FU22KAK,row_11,1,,d__Bacteria; p__Proteobacteria; c__Alphaproteobacteria; o__Rhizobiales; f__Rhizobiaceae; g__Allorhizobium-Neorhizobium-Pararhizobium-Rhizobium; s__Dinobryon sp. FU22KAK,,d__Bacteria; p__Proteobacteria; c__Alphaproteobacteria; o__Rhizobiales; f__Rhizobiaceae; g__Allorhizobium-Neorhizobium-Pararhizobium-Rhizobium; s__Dinobryon sp. FU22KAK,row_11,1,-23.840354545677158,25.840354545677158
d__Bacteria; p__Actinobacteriota; c__Actinobacteria; o__Micrococcales; f__Microbacteriaceae; g__Aurantimicrobium; s__uncultured bacterium,row_12,1,,d__Bacteria; p__Actinobacteriota; c__Actinobacteria; o__Micrococcales; f__Microbacteriaceae; g__Aurantimicrobium; s__uncultured bacterium,,d__Bacteria; p__Actinobacteriota; c__Actinobacteria; o__Micrococcales; f__Microbacteriaceae; g__Aurantimicrobium; s__uncultured bacterium,row_12,1,-23.840354545677158,25.840354545677158
d__Bacteria; p__Bacteroidota; c__Bacteroidia; o__Chitinophagales; f__Saprospiraceae; g__uncultured; s__metagenome,row_1,0,,d__Bacteria; p__Bacteroidota; c__Bacteroidia; o__Chitinophagales; f__Saprospiraceae; g__uncultured; s__metagenome,,d__Bacteria; p__Bacteroidota; c__Bacteroidia; o__Chitinophagales; f__Saprospiraceae; g__uncultured; s__metagenome,row_1,0,-24.840354545677158,24.840354545677158
d__Bacteria; p__Bacteroidota; c__Bacteroidia; o__Cytophagales; f__Cyclobacteriaceae; g__Algoriphagus; s__uncultured bacterium,row_2,14,,d__Bacteria; p__Bacteroidota; c__Bacteroidia; o__Cytophagales; f__Cyclobacteriaceae; g__Algoriphagus; s__uncultured bacterium,,d__Bacteria; p__Bacteroidota; c__Bacteroidia; o__Cytophagales; f__Cyclobacteriaceae; g__Algoriphagus; s__uncultured bacterium,row_2,14,-10.840354545677158,38.84035454567716
d__Bacteria; p__Bacteroidota; c__Kapabacteria; o__Kapabacteriales; f__norank; g__norank,row_3,26,,d__Bacteria; p__Bacteroidota; c__Kapabacteria; o__Kapabacteriales; f__norank; g__norank,,d__Bacteria; p__Bacteroidota; c__Kapabacteria; o__Kapabacteriales; f__norank; g__norank,row_3,26,1.1596454543228418,50.84035454567716
d__Bacteria; p__Bdellovibrionota; c__Oligoflexia; o__0319-6G20; f__norank; g__norank; s__uncultured bacterium,row_4,0,,d__Bacteria; p__Bdellovibrionota; c__Oligoflexia; o__0319-6G20; f__norank; g__norank; s__uncultured bacterium,,d__Bacteria; p__Bdellovibrionota; c__Oligoflexia; o__0319-6G20; f__norank; g__norank; s__uncultured bacterium,row_4,0,-24.840354545677158,24.840354545677158
d__Bacteria; p__Proteobacteria; c__Alphaproteobacteria; o__Sphingomonadales; f__Sphingomonadaceae; g__Sandarakinorhabdus,row_5,1,,d__Bacteria; p__Proteobacteria; c__Alphaproteobacteria; o__Sphingomonadales; f__Sphingomonadaceae; g__Sandarakinorhabdus,,d__Bacteria; p__Proteobacteria; c__Alphaproteobacteria; o__Sphingomonadales; f__Sphingomonadaceae; g__Sandarakinorhabdus,row_5,1,-23.840354545677158,25.840354545677158
d__Bacteria; p__Cyanobacteria; c__Cyanobacteriia; o__Synechococcales; f__Cyanobiaceae; g__Cyanobium PCC-6307,row_6,5,,d__Bacteria; p__Cyanobacteria; c__Cyanobacteriia; o__Synechococcales; f__Cyanobiaceae; g__Cyanobium PCC-6307,,d__Bacteria; p__Cyanobacteria; c__Cyanobacteriia; o__Synechococcales; f__Cyanobiaceae; g__Cyanobium PCC-6307,row_6,5,-19.840354545677158,29.840354545677158
d__Bacteria; p__Verrucomicrobiota; c__Verrucomicrobiae; o__Chthoniobacterales; f__Chthoniobacteraceae; g__Chthoniobacter; s__uncultured bacterium,row_7,3,,d__Bacteria; p__Verrucomicrobiota; c__Verrucomicrobiae; o__Chthoniobacterales; f__Chthoniobacteraceae; g__Chthoniobacter; s__uncultured bacterium,,d__Bacteria; p__Verrucomicrobiota; c__Verrucomicrobiae; o__Chthoniobacterales; f__Chthoniobacteraceae; g__Chthoniobacter; s__uncultured bacterium,row_7,3,-21.840354545677158,27.840354545677158
d__Bacteria; p__Proteobacteria; c__Gammaproteobacteria; o__Burkholderiales; f__Comamonadaceae; g__Leptothrix,row_8,2,,d__Bacteria; p__Proteobacteria; c__Gammaproteobacteria; o__Burkholderiales; f__Comamonadaceae; g__Leptothrix,,d__Bacteria; p__Proteobacteria; c__Gammaproteobacteria; o__Burkholderiales; f__Comamonadaceae; g__Leptothrix,row_8,2,-22.840354545677158,26.840354545677158
d__Bacteria; p__Proteobacteria; c__Gammaproteobacteria; o__Burkholderiales; f__Comamonadaceae; g__Pelomonas; s__uncultured bacterium,row_9,13,,d__Bacteria; p__Proteobacteria; c__Gammaproteobacteria; o__Burkholderiales; f__Comamonadaceae; g__Pelomonas; s__uncultured bacterium,,d__Bacteria; p__Proteobacteria; c__Gammaproteobacteria; o__Burkholderiales; f__Comamonadaceae; g__Pelomonas; s__uncultured bacterium,row_9,13,-11.840354545677158,37.84035454567716
d__Bacteria; p__Proteobacteria; c__Alphaproteobacteria; o__Caulobacterales; f__Hyphomonadaceae; g__SWB02; s__uncultured bacterium,row_10,12,,d__Bacteria; p__Proteobacteria; c__Alphaproteobacteria; o__Caulobacterales; f__Hyphomonadaceae; g__SWB02; s__uncultured bacterium,,d__Bacteria; p__Proteobacteria; c__Alphaproteobacteria; o__Caulobacterales; f__Hyphomonadaceae; g__SWB02; s__uncultured bacterium,row_10,12,-12.840354545677158,36.84035454567716
d__Bacteria; p__Proteobacteria; c__Alphaproteobacteria; o__Rhodobacterales; f__Rhodobacteraceae,row_11,1,,d__Bacteria; p__Proteobacteria; c__Alphaproteobacteria; o__Rhodobacterales; f__Rhodobacteraceae,,d__Bacteria; p__Proteobacteria; c__Alphaproteobacteria; o__Rhodobacterales; f__Rhodobacteraceae,row_11,1,-23.840354545677158,25.840354545677158
d__Bacteria; p__Bacteroidota; c__Bacteroidia; o__Cytophagales; f__Microscillaceae; g__uncultured; s__uncultured bacterium,row_12,19,,d__Bacteria; p__Bacteroidota; c__Bacteroidia; o__Cytophagales; f__Microscillaceae; g__uncultured; s__uncultured bacterium,,d__Bacteria; p__Bacteroidota; c__Bacteroidia; o__Cytophagales; f__Microscillaceae; g__uncultured; s__uncultured bacterium,row_12,19,-5.840354545677158,43.84035454567716
d__Bacteria; p__Bacteroidota; c__Bacteroidia; o__Sphingobacteriales; f__NS11-12 marine group; g__norank; s__uncultured bacterium,row_1,4,,d__Bacteria; p__Bacteroidota; c__Bacteroidia; o__Sphingobacteriales; f__NS11-12 marine group; g__norank; s__uncultured bacterium,,d__Bacteria; p__Bacteroidota; c__Bacteroidia; o__Sphingobacteriales; f__NS11-12 marine group; g__norank; s__uncultured bacterium,row_1,4,-20.840354545677158,28.840354545677158
d__Bacteria; p__Proteobacteria; c__Gammaproteobacteria; o__Burkholderiales; f__Oxalobacteraceae; g__uncultured; s__uncultured bacterium,row_2,62,,d__Bacteria; p__Proteobacteria; c__Gammaproteobacteria; o__Burkholderiales; f__Oxalobacteraceae; g__uncultured; s__uncultured bacterium,,d__Bacteria; p__Proteobacteria; c__Gammaproteobacteria; o__Burkholderiales; f__Oxalobacteraceae; g__uncultured; s__uncultured bacterium,row_2,62,37.15964545432284,86.84035454567716
d__Bacteria; p__Cyanobacteria; c__Cyanobacteriia; o__Chloroplast; f__norank; g__norank; s__uncultured organism,row_3,6,,d__Bacteria; p__Cyanobacteria; c__Cyanobacteriia; o__Chloroplast; f__norank; g__norank; s__uncultured organism,,d__Bacteria; p__Cyanobacteria; c__Cyanobacteriia; o__Chloroplast; f__norank; g__norank; s__uncultured organism,row_3,6,-18.840354545677158,30.840354545677158
d__Bacteria; p__Verrucomicrobiota; c__Verrucomicrobiae; o__Methylacidiphilales; f__Methylacidiphilaceae; g__uncultured; s__uncultured bacterium,row_4,2,,d__Bacteria; p__Verrucomicrobiota; c__Verrucomicrobiae; o__Methylacidiphilales; f__Methylacidiphilaceae; g__uncultured; s__uncultured bacterium,,d__Bacteria; p__Verrucomicrobiota; c__Verrucomicrobiae; o__Methylacidiphilales; f__Methylacidiphilaceae; g__uncultured; s__uncultured bacterium,row_4,2,-22.840354545677158,26.840354545677158
d__Bacteria; p__Proteobacteria; c__Alphaproteobacteria; o__SAR11 clade; f__Clade III; g__norank; s__uncultured bacterium,row_5,2,,d__Bacteria; p__Proteobacteria; c__Alphaproteobacteria; o__SAR11 clade; f__Clade III; g__norank; s__uncultured bacterium,,d__Bacteria; p__Proteobacteria; c__Alphaproteobacteria; o__SAR11 clade; f__Clade III; g__norank; s__uncultured bacterium,row_5,2,-22.840354545677158,26.840354545677158
d__Bacteria; p__Cyanobacteria; c__Cyanobacteriia; o__Chloroplast; f__norank; g__norank; s__uncultured bacterium,row_6,11,,d__Bacteria; p__Cyanobacteria; c__Cyanobacteriia; o__Chloroplast; f__norank; g__norank; s__uncultured bacterium,,d__Bacteria; p__Cyanobacteria; c__Cyanobacteriia; o__Chloroplast; f__norank; g__norank; s__uncultured bacterium,row_6,11,-13.840354545677158,35.84035454567716
d__Bacteria; p__Proteobacteria; c__Gammaproteobacteria; o__Steroidobacterales; f__Steroidobacteraceae; g__uncultured; s__metagenome,row_7,85,,d__Bacteria; p__Proteobacteria; c__Gammaproteobacteria; o__Steroidobacterales; f__Steroidobacteraceae; g__uncultured; s__metagenome,,d__Bacteria; p__Proteobacteria; c__Gammaproteobacteria; o__Steroidobacterales; f__Steroidobacteraceae; g__uncultured; s__metagenome,row_7,85,60.15964545432284,109.84035454567716
d__Bacteria; p__Bacteroidota; c__Bacteroidia; o__Chitinophagales; f__Chitinophagaceae; g__Dinghuibacter; s__metagenome,row_8,2,,d__Bacteria; p__Bacteroidota; c__Bacteroidia; o__Chitinophagales; f__Chitinophagaceae; g__Dinghuibacter; s__metagenome,,d__Bacteria; p__Bacteroidota; c__Bacteroidia; o__Chitinophagales; f__Chitinophagaceae; g__Dinghuibacter; s__metagenome,row_8,2,-22.840354545677158,26.840354545677158
d__Bacteria; p__Verrucomicrobiota; c__Verrucomicrobiae; o__Pedosphaerales; f__Pedosphaeraceae; g__SH3-11,row_9,0,,d__Bacteria; p__Verrucomicrobiota; c__Verrucomicrobiae; o__Pedosphaerales; f__Pedosphaeraceae; g__SH3-11,,d__Bacteria; p__Verrucomicrobiota; c__Verrucomicrobiae; o__Pedosphaerales; f__Pedosphaeraceae; g__SH3-11,row_9,0,-24.840354545677158,24.840354545677158
d__Bacteria; p__Proteobacteria; c__Gammaproteobacteria; o__Burkholderiales; f__Comamonadaceae; g__Polaromonas; s__uncultured bacterium,row_10,1,,d__Bacteria; p__Proteobacteria; c__Gammaproteobacteria; o__Burkholderiales; f__Comamonadaceae; g__Polaromonas; s__uncultured bacterium,,d__Bacteria; p__Proteobacteria; c__Gammaproteobacteria; o__Burkholderiales; f__Comamonadaceae; g__Polaromonas; s__uncultured bacterium,row_10,1,-23.840354545677158,25.840354545677158
d__Bacteria; p__Cyanobacteria; c__Cyanobacteriia; o__Chloroplast; f__norank; g__norank,row_11,11,,d__Bacteria; p__Cyanobacteria; c__Cyanobacteriia; o__Chloroplast; f__norank; g__norank,,d__Bacteria; p__Cyanobacteria; c__Cyanobacteriia; o__Chloroplast; f__norank; g__norank,row_11,11,-13.840354545677158,35.84035454567716
d__Bacteria; p__Actinobacteriota; c__Acidimicrobiia; o__Microtrichales; f__Ilumatobacteraceae; g__CL500-29 marine group,row_12,32,,d__Bacteria; p__Actinobacteriota; c__Acidimicrobiia; o__Microtrichales; f__Ilumatobacteraceae; g__CL500-29 marine group,,d__Bacteria; p__Actinobacteriota; c__Acidimicrobiia; o__Microtrichales; f__Ilumatobacteraceae; g__CL500-29 marine group,row_12,32,7.159645454322842,56.84035454567716
d__Bacteria; p__Proteobacteria; c__Gammaproteobacteria; o__Burkholderiales; f__Sutterellaceae; g__uncultured; s__uncultured bacterium,row_1,34,,d__Bacteria; p__Proteobacteria; c__Gammaproteobacteria; o__Burkholderiales; f__Sutterellaceae; g__uncultured; s__uncultured bacterium,,d__Bacteria; p__Proteobacteria; c__Gammaproteobacteria; o__Burkholderiales; f__Sutterellaceae; g__uncultured; s__uncultured bacterium,row_1,34,9.159645454322842,58.84035454567716
d__Bacteria; p__Proteobacteria; c__Gammaproteobacteria; o__Steroidobacterales; f__Steroidobacteraceae; g__uncultured,row_2,3,,d__Bacteria; p__Proteobacteria; c__Gammaproteobacteria; o__Steroidobacterales; f__Steroidobacteraceae; g__uncultured,,d__Bacteria; p__Proteobacteria; c__Gammaproteobacteria; o__Steroidobacterales; f__Steroidobacteraceae; g__uncultured,row_2,3,-21.840354545677158,27.840354545677158
d__Bacteria; p__Proteobacteria; c__Alphaproteobacteria; o__Rhizobiales; f__Hyphomicrobiaceae; g__Hyphomicrobium; s__uncultured bacterium,row_3,0,,d__Bacteria; p__Proteobacteria; c__Alphaproteobacteria; o__Rhizobiales; f__Hyphomicrobiaceae; g__Hyphomicrobium; s__uncultured bacterium,,d__Bacteria; p__Proteobacteria; c__Alphaproteobacteria; o__Rhizobiales; f__Hyphomicrobiaceae; g__Hyphomicrobium; s__uncultured bacterium,row_3,0,-24.840354545677158,24.840354545677158
d__Bacteria; p__Proteobacteria; c__Gammaproteobacteria; o__Burkholderiales; f__Comamonadaceae; g__Sphaerotilus; s__uncultured bacterium,row_4,3,,d__Bacteria; p__Proteobacteria; c__Gammaproteobacteria; o__Burkholderiales; f__Comamonadaceae; g__Sphaerotilus; s__uncultured bacterium,,d__Bacteria; p__Proteobacteria; c__Gammaproteobacteria; o__Burkholderiales; f__Comamonadaceae; g__Sphaerotilus; s__uncultured bacterium,row_4,3,-21.840354545677158,27.840354545677158
d__Bacteria; p__Proteobacteria; c__Gammaproteobacteria; o__Legionellales; f__Legionellaceae; g__Legionella; s__uncultured bacterium,row_5,27,,d__Bacteria; p__Proteobacteria; c__Gammaproteobacteria; o__Legionellales; f__Legionellaceae; g__Legionella; s__uncultured bacterium,,d__Bacteria; p__Proteobacteria; c__Gammaproteobacteria; o__Legionellales; f__Legionellaceae; g__Legionella; s__uncultured bacterium,row_5,27,2.159645454322842,51.84035454567716
d__Bacteria; p__Bacteroidota; c__Bacteroidia; o__Chitinophagales; f__Saprospiraceae; g__uncultured; s__uncultured bacterium,row_6,5,,d__Bacteria; p__Bacteroidota; c__Bacteroidia; o__Chitinophagales; f__Saprospiraceae; g__uncultured; s__uncultured bacterium,,d__Bacteria; p__Bacteroidota; c__Bacteroidia; o__Chitinophagales; f__Saprospiraceae; g__uncultured; s__uncultured bacterium,row_6,5,-19.840354545677158,29.840354545677158
d__Bacteria; p__Bacteroidota; c__Bacteroidia; o__Cytophagales; f__Microscillaceae; g__uncultured; s__uncultured bacterium,row_7,0,,d__Bacteria; p__Bacteroidota; c__Bacteroidia; o__Cytophagales; f__Microscillaceae; g__uncultured; s__uncultured bacterium,,d__Bacteria; p__Bacteroidota; c__Bacteroidia; o__Cytophagales; f__Microscillaceae; g__uncultured; s__uncultured bacterium,row_7,0,-24.840354545677158,24.840354545677158
d__Bacteria; p__Proteobacteria; c__Alphaproteobacteria; o__Rhizobiales; f__Xanthobacteraceae,row_8,3,,d__Bacteria; p__Proteobacteria; c__Alphaproteobacteria; o__Rhizobiales; f__Xanthobacteraceae,,d__Bacteria; p__Proteobacteria; c__Alphaproteobacteria; o__Rhizobiales; f__Xanthobacteraceae,row_8,3,-21.840354545677158,27.840354545677158
d__Bacteria; p__Proteobacteria; c__Alphaproteobacteria; o__Sphingomonadales; f__Sphingomonadaceae; g__Sphingomonas; s__Sphingomonas dokdonensis,row_9,3,,d__Bacteria; p__Proteobacteria; c__Alphaproteobacteria; o__Sphingomonadales; f__Sphingomonadaceae; g__Sphingomonas; s__Sphingomonas dokdonensis,,d__Bacteria; p__Proteobacteria; c__Alphaproteobacteria; o__Sphingomonadales; f__Sphingomonadaceae; g__Sphingomonas; s__Sphingomonas dokdonensis,row_9,3,-21.840354545677158,27.840354545677158
d__Bacteria; p__Proteobacteria; c__Gammaproteobacteria; o__Burkholderiales; f__Comamonadaceae; g__uncultured,row_10,10,,d__Bacteria; p__Proteobacteria; c__Gammaproteobacteria; o__Burkholderiales; f__Comamonadaceae; g__uncultured,,d__Bacteria; p__Proteobacteria; c__Gammaproteobacteria; o__Burkholderiales; f__Comamonadaceae; g__uncultured,row_10,10,-14.840354545677158,34.84035454567716
d__Bacteria; p__Proteobacteria; c__Alphaproteobacteria; o__Rhizobiales,row_11,18,,d__Bacteria; p__Proteobacteria; c__Alphaproteobacteria; o__Rhizobiales,,d__Bacteria; p__Proteobacteria; c__Alphaproteobacteria; o__Rhizobiales,row_11,18,-6.840354545677158,42.84035454567716
d__Bacteria; p__Spirochaetota; c__Leptospirae; o__Leptospirales; f__Leptospiraceae; g__Leptospira; s__uncultured bacterium,row_12,9,,d__Bacteria; p__Spirochaetota; c__Leptospirae; o__Leptospirales; f__Leptospiraceae; g__Leptospira; s__uncultured bacterium,,d__Bacteria; p__Spirochaetota; c__Leptospirae; o__Leptospirales; f__Leptospiraceae; g__Leptospira; s__uncultured bacterium,row_12,9,-15.840354545677158,33.84035454567716
d__Bacteria; p__Proteobacteria; c__Gammaproteobacteria; o__Burkholderiales; f__Comamonadaceae; g__Rubrivivax,row_1,4,,d__Bacteria; p__Proteobacteria; c__Gammaproteobacteria; o__Burkholderiales; f__Comamonadaceae; g__Rubrivivax,,d__Bacteria; p__Proteobacteria; c__Gammaproteobacteria; o__Burkholderiales; f__Comamonadaceae; g__Rubrivivax,row_1,4,-20.840354545677158,28.840354545677158
d__Bacteria; p__Cyanobacteria; c__Cyanobacteriia; o__Cyanobacteriales; f__Microcystaceae; g__Microcystis PCC-7914; s__uncultured cyanobacterium,row_2,9,,d__Bacteria; p__Cyanobacteria; c__Cyanobacteriia; o__Cyanobacteriales; f__Microcystaceae; g__Microcystis PCC-7914; s__uncultured cyanobacterium,,d__Bacteria; p__Cyanobacteria; c__Cyanobacteriia; o__Cyanobacteriales; f__Microcystaceae; g__Microcystis PCC-7914; s__uncultured cyanobacterium,row_2,9,-15.840354545677158,33.84035454567716
d__Bacteria; p__Bdellovibrionota; c__Oligoflexia; o__0319-6G20; f__norank; g__norank; s__uncultured bacterium,row_3,4,,d__Bacteria; p__Bdellovibrionota; c__Oligoflexia; o__0319-6G20; f__norank; g__norank; s__uncultured bacterium,,d__Bacteria; p__Bdellovibrionota; c__Oligoflexia; o__0319-6G20; f__norank; g__norank; s__uncultured bacterium,row_3,4,-20.840354545677158,28.840354545677158
d__Bacteria; p__Actinobacteriota; c__Acidimicrobiia; o__IMCC26256; f__norank; g__norank; s__uncultured bacterium,row_4,24,,d__Bacteria; p__Actinobacteriota; c__Acidimicrobiia; o__IMCC26256; f__norank; g__norank; s__uncultured bacterium,,d__Bacteria; p__Actinobacteriota; c__Acidimicrobiia; o__IMCC26256; f__norank; g__norank; s__uncultured bacterium,row_4,24,-0.8403545456771582,48.84035454567716
d__Bacteria; p__Cyanobacteria; c__Cyanobacteriia; o__Chloroplast; f__norank; g__norank; s__uncultured bacterium,row_5,0,,d__Bacteria; p__Cyanobacteria; c__Cyanobacteriia; o__Chloroplast; f__norank; g__norank; s__uncultured bacterium,,d__Bacteria; p__Cyanobacteria; c__Cyanobacteriia; o__Chloroplast; f__norank; g__norank; s__uncultured bacterium,row_5,0,-24.840354545677158,24.840354545677158
d__Bacteria; p__Proteobacteria; c__Gammaproteobacteria; o__Burkholderiales; f__Comamonadaceae; g__Polaromonas,row_6,4,,d__Bacteria; p__Proteobacteria; c__Gammaproteobacteria; o__Burkholderiales; f__Comamonadaceae; g__Polaromonas,,d__Bacteria; p__Proteobacteria; c__Gammaproteobacteria; o__Burkholderiales; f__Comamonadaceae; g__Polaromonas,row_6,4,-20.840354545677158,28.840354545677158
d__Bacteria; p__Bacteroidota; c__Bacteroidia; o__Chitinophagales; f__Saprospiraceae,row_7,35,,d__Bacteria; p__Bacteroidota; c__Bacteroidia; o__Chitinophagales; f__Saprospiraceae,,d__Bacteria; p__Bacteroidota; c__Bacteroidia; o__Chitinophagales; f__Saprospiraceae,row_7,35,10.159645454322842,59.84035454567716
d__Bacteria; p__Proteobacteria; c__Gammaproteobacteria; o__Burkholderiales; f__Comamonadaceae,row_8,1,,d__Bacteria; p__Proteobacteria; c__Gammaproteobacteria; o__Burkholderiales; f__Comamonadaceae,,d__Bacteria; p__Proteobacteria; c__Gammaproteobacteria; o__Burkholderiales; f__Comamonadaceae,row_8,1,-23.840354545677158,25.840354545677158
d__Bacteria; p__Gemmatimonadota; c__Gemmatimonadetes; o__Gemmatimonadales; f__Gemmatimonadaceae; g__Gemmatimonas,row_9,65,,d__Bacteria; p__Gemmatimonadota; c__Gemmatimonadetes; o__Gemmatimonadales; f__Gemmatimonadaceae; g__Gemmatimonas,,d__Bacteria; p__Gemmatimonadota; c__Gemmatimonadetes; o__Gemmatimonadales; f__Gemmatimonadaceae; g__Gemmatimonas,row_9,65,40.15964545432284,89.84035454567716
d__Bacteria; p__Proteobacteria; c__Gammaproteobacteria; o__Burkholderiales; f__Comamonadaceae; g__Hydrogenophaga; s__uncultured bacterium,row_10,2,,d__Bacteria; p__Proteobacteria; c__Gammaproteobacteria; o__Burkholderiales; f__Comamonadaceae; g__Hydrogenophaga; s__uncultured bacterium,,d__Bacteria; p__Proteobacteria; c__Gammaproteobacteria; o__Burkholderiales; f__Comamonadaceae; g__Hydrogenophaga; s__uncultured bacterium,row_10,2,-22.840354545677158,26.840354545677158
d__Bacteria; p__Bacteroidota; c__Bacteroidia; o__Chitinophagales; f__Chitinophagaceae; g__Sediminibacterium,row_11,10,,d__Bacteria; p__Bacteroidota; c__Bacteroidia; o__Chitinophagales; f__Chitinophagaceae; g__Sediminibacterium,,d__Bacteria; p__Bacteroidota; c__Bacteroidia; o__Chitinophagales; f__Chitinophagaceae; g__Sediminibacterium,row_11,10,-14.840354545677158,34.84035454567716
d__Bacteria; p__Firmicutes; c__Clostridia; o__Peptostreptococcales-Tissierellales; f__Peptostreptococcaceae; g__Romboutsia; s__uncultured bacterium,row_12,9,,d__Bacteria; p__Firmicutes; c__Clostridia; o__Peptostreptococcales-Tissierellales; f__Peptostreptococcaceae; g__Romboutsia; s__uncultured bacterium,,d__Bacteria; p__Firmicutes; c__Clostridia; o__Peptostreptococcales-Tissierellales; f__Peptostreptococcaceae; g__Romboutsia; s__uncultured bacterium,row_12,9,-15.840354545677158,33.84035454567716
d__Bacteria; p__Bacteroidota; c__Bacteroidia; o__Chitinophagales; f__Chitinophagaceae; g__Dinghuibacter; s__uncultured bacterium,row_1,0,,d__Bacteria; p__Bacteroidota; c__Bacteroidia; o__Chitinophagales; f__Chitinophagaceae; g__Dinghuibacter; s__uncultured bacterium,,d__Bacteria; p__Bacteroidota; c__Bacteroidia; o__Chitinophagales; f__Chitinophagaceae; g__Dinghuibacter; s__uncultured bacterium,row_1,0,-24.840354545677158,24.840354545677158
d__Bacteria; p__Gemmatimonadota; c__Gemmatimonadetes; o__Gemmatimonadales; f__Gemmatimonadaceae; g__Gemmatimonas; s__uncultured bacterium,row_2,0,,d__Bacteria; p__Gemmatimonadota; c__Gemmatimonadetes; o__Gemmatimonadales; f__Gemmatimonadaceae; g__Gemmatimonas; s__uncultured bacterium,,d__Bacteria; p__Gemmatimonadota; c__Gemmatimonadetes; o__Gemmatimonadales; f__Gemmatimonadaceae; g__Gemmatimonas; s__uncultured bacterium,row_2,0,-24.840354545677158,24.840354545677158
d__Bacteria; p__Cyanobacteria; c__Cyanobacteriia; o__Chloroplast; f__norank; g__norank; s__uncultured bacterium,row_3,0,,d__Bacteria; p__Cyanobacteria; c__Cyanobacteriia; o__Chloroplast; f__norank; g__norank; s__uncultured bacterium,,d__Bacteria; p__Cyanobacteria; c__Cyanobacteriia; o__Chloroplast; f__norank; g__norank; s__uncultured bacterium,row_3,0,-24.840354545677158,24.840354545677158
d__Bacteria; p__Proteobacteria; c__Alphaproteobacteria; o__Rhizobiales; f__Rhizobiaceae; g__Mesorhizobium,row_4,7,,d__Bacteria; p__Proteobacteria; c__Alphaproteobacteria; o__Rhizobiales; f__Rhizobiaceae; g__Mesorhizobium,,d__Bacteria; p__Proteobacteria; c__Alphaproteobacteria; o__Rhizobiales; f__Rhizobiaceae; g__Mesorhizobium,row_4,7,-17.840354545677158,31.840354545677158
d__Bacteria; p__Proteobacteria; c__Alphaproteobacteria; o__Caulobacterales; f__Hyphomonadaceae; g__SWB02; s__uncultured bacterium,row_5,13,,d__Bacteria; p__Proteobacteria; c__Alphaproteobacteria; o__Caulobacterales; f__Hyphomonadaceae; g__SWB02; s__uncultured bacterium,,d__Bacteria; p__Proteobacteria; c__Alphaproteobacteria; o__Caulobacterales; f__Hyphomonadaceae; g__SWB02; s__uncultured bacterium,row_5,13,-11.840354545677158,37.84035454567716
d__Bacteria; p__Proteobacteria; c__Alphaproteobacteria; o__uncultured; f__norank; g__norank; s__uncultured bacterium,row_6,32,,d__Bacteria; p__Proteobacteria; c__Alphaproteobacteria; o__uncultured; f__norank; g__norank; s__uncultured bacterium,,d__Bacteria; p__Proteobacteria; c__Alphaproteobacteria; o__uncultured; f__norank; g__norank; s__uncultured bacterium,row_6,32,7.159645454322842,56.84035454567716
d__Bacteria; p__Actinobacteriota; c__Actinobacteria; o__Corynebacteriales; f__Mycobacteriaceae; g__Mycobacterium; s__uncultured bacterium,row_7,45,,d__Bacteria; p__Actinobacteriota; c__Actinobacteria; o__Corynebacteriales; f__Mycobacteriaceae; g__Mycobacterium; s__uncultured bacterium,,d__Bacteria; p__Actinobacteriota; c__Actinobacteria; o__Corynebacteriales; f__Mycobacteriaceae; g__Mycobacterium; s__uncultured bacterium,row_7,45,20.159645454322842,69.84035454567716
d__Bacteria; p__Proteobacteria; c__Gammaproteobacteria; o__Burkholderiales; f__Comamonadaceae; g__Acidovorax; s__uncultured bacterium,row_8,21,,d__Bacteria; p__Proteobacteria; c__Gammaproteobacteria; o__Burkholderiales; f__Comamonadaceae; g__Acidovorax; s__uncultured bacterium,,d__Bacteria; p__Proteobacteria; c__Gammaproteobacteria; o__Burkholderiales; f__Comamonadaceae; g__Acidovorax; s__uncultured bacterium,row_8,21,-3.840354545677158,45.84035454567716
d__Bacteria; p__Proteobacteria; c__Gammaproteobacteria; o__Burkholderiales; f__Sutterellaceae; g__AAP99; s__uncultured bacterium,row_9,1,,d__Bacteria; p__Proteobacteria; c__Gammaproteobacteria; o__Burkholderiales; f__Sutterellaceae; g__AAP99; s__uncultured bacterium,,d__Bacteria; p__Proteobacteria; c__Gammaproteobacteria; o__Burkholderiales; f__Sutterellaceae; g__AAP99; s__uncultured bacterium,row_9,1,-23.840354545677158,25.840354545677158
d__Bacteria; p__Actinobacteriota; c__Acidimicrobiia; o__Microtrichales; f__Ilumatobacteraceae; g__uncultured; s__uncultured bacterium,row_10,11,,d__Bacteria; p__Actinobacteriota; c__Acidimicrobiia; o__Microtrichales; f__Ilumatobacteraceae; g__uncultured; s__uncultured bacterium,,d__Bacteria; p__Actinobacteriota; c__Acidimicrobiia; o__Microtrichales; f__Ilumatobacteraceae; g__uncultured; s__uncultured bacterium,row_10,11,-13.840354545677158,35.84035454567716
d__Bacteria; p__Proteobacteria; c__Alphaproteobacteria; o__Rhizobiales; f__Beijerinckiaceae; g__alphaI cluster; s__uncultured bacterium,row_11,31,,d__Bacteria; p__Proteobacteria; c__Alphaproteobacteria; o__Rhizobiales; f__Beijerinckiaceae; g__alphaI cluster; s__uncultured bacterium,,d__Bacteria; p__Proteobacteria; c__Alphaproteobacteria; o__Rhizobiales; f__Beijerinckiaceae; g__alphaI cluster; s__uncultured bacterium,row_11,31,6.159645454322842,55.84035454567716
d__Bacteria; p__Actinobacteriota; c__Acidimicrobiia; o__Microtrichales; f__Ilumatobacteraceae; g__CL500-29 marine group; s__uncultured bacterium,row_12,56,,d__Bacteria; p__Actinobacteriota; c__Acidimicrobiia; o__Microtrichales; f__Ilumatobacteraceae; g__CL500-29 marine group; s__uncultured bacterium,,d__Bacteria; p__Actinobacteriota; c__Acidimicrobiia; o__Microtrichales; f__Ilumatobacteraceae; g__CL500-29 marine group; s__uncultured bacterium,row_12,56,31.159645454322842,80.84035454567716
d__Bacteria; p__Bacteroidota; c__Bacteroidia; o__Flavobacteriales; f__Flavobacteriaceae; g__Flavobacterium,row_1,26,,d__Bacteria; p__Bacteroidota; c__Bacteroidia; o__Flavobacteriales; f__Flavobacteriaceae; g__Flavobacterium,,d__Bacteria; p__Bacteroidota; c__Bacteroidia; o__Flavobacteriales; f__Flavobacteriaceae; g__Flavobacterium,row_1,26,1.1596454543228418,50.84035454567716
d__Bacteria; p__Proteobacteria; c__Alphaproteobacteria; o__Rhodobacterales; f__Rhodobacteraceae; g__Paracoccus,row_2,7,,d__Bacteria; p__Proteobacteria; c__Alphaproteobacteria; o__Rhodobacterales; f__Rhodobacteraceae; g__Paracoccus,,d__Bacteria; p__Proteobacteria; c__Alphaproteobacteria; o__Rhodobacterales; f__Rhodobacteraceae; g__Paracoccus,row_2,7,-17.840354545677158,31.840354545677158
d__Bacteria; p__Cyanobacteria; c__Cyanobacteriia; o__Synechococcales; f__Cyanobiaceae; g__Cyanobium PCC-6307; s__uncultured bacterium,row_3,0,,d__Bacteria; p__Cyanobacteria; c__Cyanobacteriia; o__Synechococcales; f__Cyanobiaceae; g__Cyanobium PCC-6307; s__uncultured bacterium,,d__Bacteria; p__Cyanobacteria; c__Cyanobacteriia; o__Synechococcales; f__Cyanobiaceae; g__Cyanobium PCC-6307; s__uncultured bacterium,row_3,0,-24.840354545677158,24.840354545677158
d__Bacteria; p__Cyanobacteria; c__Cyanobacteriia; o__Chloroplast; f__norank; g__norank,row_4,5,,d__Bacteria; p__Cyanobacteria; c__Cyanobacteriia; o__Chloroplast; f__norank; g__norank,,d__Bacteria; p__Cyanobacteria; c__Cyanobacteriia; o__Chloroplast; f__norank; g__norank,row_4,5,-19.840354545677158,29.840354545677158
d__Bacteria; p__Bacteroidota; c__Bacteroidia; o__Sphingobacteriales; f__env.OPS 17; g__norank; s__uncultured bacterium,row_5,34,,d__Bacteria; p__Bacteroidota; c__Bacteroidia; o__Sphingobacteriales; f__env.OPS 17; g__norank; s__uncultured bacterium,,d__Bacteria; p__Bacteroidota; c__Bacteroidia; o__Sphingobacteriales; f__env.OPS 17; g__norank; s__uncultured bacterium,row_5,34,9.159645454322842,58.84035454567716
d__Bacteria; p__Deinococcota; c__Deinococci; o__Thermales; f__Thermaceae; g__Meiothermus,row_6,2,,d__Bacteria; p__Deinococcota; c__Deinococci; o__Thermales; f__Thermaceae; g__Meiothermus,,d__Bacteria; p__Deinococcota; c__Deinococci; o__Thermales; f__Thermaceae; g__Meiothermus,row_6,2,-22.840354545677158,26.840354545677158
d__Bacteria; p__Proteobacteria; c__Gammaproteobacteria; o__Pseudomonadales; f__Spongiibacteraceae; g__BD1-7 clade; s__uncultured bacterium,row_7,5,,d__Bacteria; p__Proteobacteria; c__Gammaproteobacteria; o__Pseudomonadales; f__Spongiibacteraceae; g__BD1-7 clade; s__uncultured bacterium,,d__Bacteria; p__Proteobacteria; c__Gammaproteobacteria; o__Pseudomonadales; f__Spongiibacteraceae; g__BD1-7 clade; s__uncultured bacterium,row_7,5,-19.840354545677158,29.840354545677158
d__Bacteria; p__Proteobacteria; c__Gammaproteobacteria; o__Legionellales; f__Legionellaceae; g__Legionella,row_8,7,,d__Bacteria; p__Proteobacteria; c__Gammaproteobacteria; o__Legionellales; f__Legionellaceae; g__Legionella,,d__Bacteria; p__Proteobacteria; c__Gammaproteobacteria; o__Legionellales; f__Legionellaceae; g__Legionella,row_8,7,-17.840354545677158,31.840354545677158
d__Bacteria; p__Gemmatimonadota; c__Gemmatimonadetes; o__Gemmatimonadales; f__Gemmatimonadaceae; g__Gemmatimonas; s__uncultured bacterium,row_9,2,,d__Bacteria; p__Gemmatimonadota; c__Gemmatimonadetes; o__Gemmatimonadales; f__Gemmatimonadaceae; g__Gemmatimonas; s__uncultured bacterium,,d__Bacteria; p__Gemmatimonadota; c__Gemmatimonadetes; o__Gemmatimonadales; f__Gemmatimonadaceae; g__Gemmatimonas; s__uncultured bacterium,row_9,2,-22.840354545677158,26.840354545677158
d__Bacteria; p__Proteobacteria; c__Gammaproteobacteria; o__Burkholderiales; f__Burkholderiaceae; g__Lautropia,row_10,3,,d__Bacteria; p__Proteobacteria; c__Gammaproteobacteria; o__Burkholderiales; f__Burkholderiaceae; g__Lautropia,,d__Bacteria; p__Proteobacteria; c__Gammaproteobacteria; o__Burkholderiales; f__Burkholderiaceae; g__Lautropia,row_10,3,-21.840354545677158,27.840354545677158
d__Bacteria; p__Bacteroidota; c__Bacteroidia; o__Sphingobacteriales; f__AKYH767; g__norank; s__uncultured bacterium,row_11,69,,d__Bacteria; p__Bacteroidota; c__Bacteroidia; o__Sphingobacteriales; f__AKYH767; g__norank; s__uncultured bacterium,,d__Bacteria; p__Bacteroidota; c__Bacteroidia; o__Sphingobacteriales; f__AKYH767; g__norank; s__uncultured bacterium,row_11,69,44.15964545432284,93.84035454567716
d__Bacteria; p__Actinobacteriota; c__Acidimicrobiia; o__Microtrichales; f__Ilumatobacteraceae; g__CL500-29 marine group; s__uncultured bacterium,row_12,1,,d__Bacteria; p__Actinobacteriota; c__Acidimicrobiia; o__Microtrichales; f__Ilumatobacteraceae; g__CL500-29 marine group; s__uncultured bacterium,,d__Bacteria; p__Actinobacteriota; c__Acidimicrobiia; o__Microtrichales; f__Ilumatobacteraceae; g__CL500-29 marine group; s__uncultured bacterium,row_12,1,-23.840354545677158,25.840354545677158
d__Bacteria; p__Bacteroidota; c__Bacteroidia; o__Chitinophagales; f__Chitinophagaceae; g__Ferruginibacter,row_1,0,,d__Bacteria; p__Bacteroidota; c__Bacteroidia; o__Chitinophagales; f__Chitinophagaceae; g__Ferruginibacter,,d__Bacteria; p__Bacteroidota; c__Bacteroidia; o__Chitinophagales; f__Chitinophagaceae; g__Ferruginibacter,row_1,0,-24.840354545677158,24.840354545677158
d__Bacteria; p__Bacteroidota; c__Bacteroidia; o__Chitinophagales; f__Saprospiraceae; g__uncultured; s__metagenome,row_2,1,,d__Bacteria; p__Bacteroidota; c__Bacteroidia; o__Chitinophagales; f__Saprospiraceae; g__uncultured; s__metagenome,,d__Bacteria; p__Bacteroidota; c__Bacteroidia; o__Chitinophagales; f__Saprospiraceae; g__uncultured; s__metagenome,row_2,1,-23.840354545677158,25.840354545677158
d__Bacteria; p__Proteobacteria; c__Gammaproteobacteria; o__Steroidobacterales; f__Steroidobacteraceae; g__uncultured,row_3,3,,d__Bacteria; p__Proteobacteria; c__Gammaproteobacteria; o__Steroidobacterales; f__Steroidobacteraceae; g__uncultured,,d__Bacteria; p__Proteobacteria; c__Gammaproteobacteria; o__Steroidobacterales; f__Steroidobacteraceae; g__uncultured,row_3,3,-21.840354545677158,27.840354545677158
d__Bacteria; p__Bacteroidota; c__Kapabacteria; o__Kapabacteriales; f__norank; g__norank; s__metagenome,row_4,21,,d__Bacteria; p__Bacteroidota; c__Kapabacteria; o__Kapabacteriales; f__norank; g__norank; s__metagenome,,d__Bacteria; p__Bacteroidota; c__Kapabacteria; o__Kapabacteriales; f__norank; g__norank; s__metagenome,row_4,21,-3.840354545677158,45.84035454567716
d__Bacteria; p__Verrucomicrobiota; c__Verrucomicrobiae; o__Chthoniobacterales; f__Chthoniobacteraceae; g__Chthoniobacter; s__uncultured bacterium,row_5,13,,d__Bacteria; p__Verrucomicrobiota; c__Verrucomicrobiae; o__Chthoniobacterales; f__Chthoniobacteraceae; g__Chthoniobacter; s__uncultured bacterium,,d__Bacteria; p__Verrucomicrobiota; c__Verrucomicrobiae; o__Chthoniobacterales; f__Chthoniobacteraceae; g__Chthoniobacter; s__uncultured bacterium,row_5,13,-11.840354545677158,37.84035454567716
d__Bacteria; p__Bacteroidota; c__Bacteroidia; o__Sphingobacteriales,row_6,1,,d__Bacteria; p__Bacteroidota; c__Bacteroidia; o__Sphingobacteriales,,d__Bacteria; p__Bacteroidota; c__Bacteroidia; o__Sphingobacteriales,row_6,1,-23.840354545677158,25.840354545677158
d__Bacteria; p__Bacteroidota; c__Kapabacteria; o__Kapabacteriales; f__norank; g__norank; s__uncultured bacterium,row_7,32,,d__Bacteria; p__Bacteroidota; c__Kapabacteria; o__Kapabacteriales; f__norank; g__norank; s__uncultured bacterium,,d__Bacteria; p__Bacteroidota; c__Kapabacteria; o__Kapabacteriales; f__norank; g__norank; s__uncultured bacterium,row_7,32,7.159645454322842,56.84035454567716
d__Bacteria; p__Proteobacteria; c__Alphaproteobacteria; o__uncultured; f__norank; g__norank; s__uncultured bacterium,row_8,48,,d__Bacteria; p__Proteobacteria; c__Alphaproteobacteria; o__uncultured; f__norank; g__norank; s__uncultured bacterium,,d__Bacteria; p__Proteobacteria; c__Alphaproteobacteria; o__uncultured; f__norank; g__norank; s__uncultured bacterium,row_8,48,23.159645454322842,72.84035454567716
d__Bacteria; p__Armatimonadota; c__Armatimonadia; o__Armatimonadales; f__Armatimonadaceae; g__Armatimonas,row_9,0,,d__Bacteria; p__Armatimonadota; c__Armatimonadia; o__Armatimonadales; f__Armatimonadaceae; g__Armatimonas,,d__Bacteria; p__Armatimonadota; c__Armatimonadia; o__Armatimonadales; f__Armatimonadaceae; g__Armatimonas,row_9,0,-24.840354545677158,24.840354545677158
d__Bacteria; p__Proteobacteria; c__Gammaproteobacteria; o__Burkholderiales; f__Comamonadaceae; g__Piscinibacter; s__uncultured bacterium,row_10,1,,d__Bacteria; p__Proteobacteria; c__Gammaproteobacteria; o__Burkholderiales; f__Comamonadaceae; g__Piscinibacter; s__uncultured bacterium,,d__Bacteria; p__Proteobacteria; c__Gammaproteobacteria; o__Burkholderiales; f__Comamonadaceae; g__Piscinibacter; s__uncultured bacterium,row_10,1,-23.840354545677158,25.840354545677158
d__Bacteria; p__Bacteroidota; c__Bacteroidia; o__Chitinophagales; f__Chitinophagaceae; g__Dinghuibacter; s__uncultured bacterium,row_11,22,,d__Bacteria; p__Bacteroidota; c__Bacteroidia; o__Chitinophagales; f__Chitinophagaceae; g__Dinghuibacter; s__uncultured bacterium,,d__Bacteria; p__Bacteroidota; c__Bacteroidia; o__Chitinophagales; f__Chitinophagaceae; g__Dinghuibacter; s__uncultured bacterium,row_11,22,-2.840354545677158,46.84035454567716
d__Bacteria; p__Actinobacteriota; c__Actinobacteria; o__Frankiales; f__Sporichthyaceae; g__hgcI clade,row_12,18,,d__Bacteria; p__Actinobacteriota; c__Actinobacteria; o__Frankiales; f__Sporichthyaceae; g__hgcI clade,,d__Bacteria; p__Actinobacteriota; c__Actinobacteria; o__Frankiales; f__Sporichthyaceae; g__hgcI clade,row_12,18,-6.840354545677158,42.84035454567716
d__Bacteria; p__Actinobacteriota; c__Acidimicrobiia; o__Microtrichales; f__Ilumatobacteraceae; g__CL500-29 marine group; s__uncultured bacterium,row_1,5,,d__Bacteria; p__Actinobacteriota; c__Acidimicrobiia; o__Microtrichales; f__Ilumatobacteraceae; g__CL500-29 marine group; s__uncultured bacterium,,d__Bacteria; p__Actinobacteriota; c__Acidimicrobiia; o__Microtrichales; f__Ilumatobacteraceae; g__CL500-29 marine group; s__uncultured bacterium,row_1,5,-19.840354545677158,29.840354545677158
d__Bacteria; p__Cyanobacteria; c__Vampirivibrionia; o__Caenarcaniphilales; f__norank; g__norank; s__uncultured cyanobacterium,row_2,1,,d__Bacteria; p__Cyanobacteria; c__Vampirivibrionia; o__Caenarcaniphilales; f__norank; g__norank; s__uncultured cyanobacterium,,d__Bacteria; p__Cyanobacteria; c__Vampirivibrionia; o__Caenarcaniphilales; f__norank; g__norank; s__uncultured cyanobacterium,row_2,1,-23.840354545677158,25.840354545677158
d__Bacteria; p__Myxococcota; c__Polyangia; o__Polyangiales; f__Polyangiaceae; g__Pajaroellobacter; s__uncultured bacterium,row_3,37,,d__Bacteria; p__Myxococcota; c__Polyangia; o__Polyangiales; f__Polyangiaceae; g__Pajaroellobacter; s__uncultured bacterium,,d__Bacteria; p__Myxococcota; c__Polyangia; o__Polyangiales; f__Polyangiaceae; g__Pajaroellobacter; s__uncultured bacterium,row_3,37,12.159645454322842,61.84035454567716
d__Bacteria; p__Proteobacteria; c__Alphaproteobacteria; o__SAR11 clade; f__Clade III; g__norank; s__uncultured bacterium,row_4,5,,d__Bacteria; p__Proteobacteria; c__Alphaproteobacteria; o__SAR11 clade; f__Clade III; g__norank; s__uncultured bacterium,,d__Bacteria; p__Proteobacteria; c__Alphaproteobacteria; o__SAR11 clade; f__Clade III; g__norank; s__uncultured bacterium,row_4,5,-19.840354545677158,29.840354545677158
d__Bacteria; p__Proteobacteria; c__Gammaproteobacteria; o__Burkholderiales; f__Comamonadaceae; g__Limnohabitans; s__uncultured bacterium,row_5,17,,d__Bacteria; p__Proteobacteria; c__Gammaproteobacteria; o__Burkholderiales; f__Comamonadaceae; g__Limnohabitans; s__uncultured bacterium,,d__Bacteria; p__Proteobacteria; c__Gammaproteobacteria; o__Burkholderiales; f__Comamonadaceae; g__Limnohabitans; s__uncultured bacterium,row_5,17,-7.840354545677158,41.84035454567716
d__Bacteria; p__Bacteroidota; c__Bacteroidia; o__Chitinophagales; f__Saprospiraceae; g__uncultured; s__uncultured bacterium,row_6,2,,d__Bacteria; p__Bacteroidota; c__Bacteroidia; o__Chitinophagales; f__Saprospiraceae; g__uncultured; s__uncultured bacterium,,d__Bacteria; p__Bacteroidota; c__Bacteroidia; o__Chitinophagales; f__Saprospiraceae; g__uncultured; s__uncultured bacterium,row_6,2,-22.840354545677158,26.840354545677158
d__Bacteria; p__Proteobacteria; c__Alphaproteobacteria; o__Rhizobiales; f__Rhizobiales Incertae Sedis; g__uncultured; s__uncultured bacterium,row_7,36,,d__Bacteria; p__Proteobacteria; c__Alphaproteobacteria; o__Rhizobiales; f__Rhizobiales Incertae Sedis; g__uncultured; s__uncultured bacterium,,d__Bacteria; p__Proteobacteria; c__Alphaproteobacteria; o__Rhizobiales; f__Rhizobiales Incertae Sedis; g__uncultured; s__uncultured bacterium,row_7,36,11.159645454322842,60.84035454567716
d__Bacteria; p__Proteobacteria; c__Alphaproteobacteria; o__Acetobacterales; f__Acetobacteraceae; g__Roseomonas; s__uncultured bacterium,row_8,0,,d__Bacteria; p__Proteobacteria; c__Alphaproteobacteria; o__Acetobacterales; f__Acetobacteraceae; g__Roseomonas; s__uncultured bacterium,,d__Bacteria; p__Proteobacteria; c__Alphaproteobacteria; o__Acetobacterales; f__Acetobacteraceae; g__Roseomonas; s__uncultured bacterium,row_8,0,-24.840354545677158,24.840354545677158
d__Bacteria; p__Actinobacteriota; c__Acidimicrobiia; o__Microtrichales; f__uncultured; g__norank; s__uncultured bacterium,row_9,0,,d__Bacteria; p__Actinobacteriota; c__Acidimicrobiia; o__Microtrichales; f__uncultured; g__norank; s__uncultured bacterium,,d__Bacteria; p__Actinobacteriota; c__Acidimicrobiia; o__Microtrichales; f__uncultured; g__norank; s__uncultured bacterium,row_9,0,-24.840354545677158,24.840354545677158
d__Bacteria; p__Bacteroidota; c__Bacteroidia; o__Sphingobacteriales; f__env.OPS 17; g__norank; s__uncultured bacterium,row_10,0,,d__Bacteria; p__Bacteroidota; c__Bacteroidia; o__Sphingobacteriales; f__env.OPS 17; g__norank; s__uncultured bacterium,,d__Bacteria; p__Bacteroidota; c__Bacteroidia; o__Sphingobacteriales; f__env.OPS 17; g__norank; s__uncultured bacterium,row_10,0,-24.840354545677158,24.840354545677158
d__Bacteria; p__Proteobacteria; c__Gammaproteobacteria; o__Burkholderiales; f__Nitrosomonadaceae; g__Ellin6067; s__uncultured bacterium,row_11,0,,d__Bacteria; p__Proteobacteria; c__Gammaproteobacteria; o__Burkholderiales; f__Nitrosomonadaceae; g__Ellin6067; s__uncultured bacterium,,d__Bacteria; p__Proteobacteria; c__Gammaproteobacteria; o__Burkholderiales; f__Nitrosomonadaceae; g__Ellin6067; s__uncultured bacterium,row_11,0,-24.840354545677158,24.840354545677158
d__Bacteria; p__Proteobacteria; c__Gammaproteobacteria; o__Burkholderiales; f__TRA3-20; g__norank; s__uncultured bacterium,row_12,15,,d__Bacteria; p__Proteobacteria; c__Gammaproteobacteria; o__Burkholderiales; f__TRA3-20; g__norank; s__uncultured bacterium,,d__Bacteria; p__Proteobacteria; c__Gammaproteobacteria; o__Burkholderiales; f__TRA3-20; g__norank; s__uncultured bacterium,row_12,15,-9.840354545677158,39.84035454567716
d__Bacteria; p__SAR324 clade(Marine group B); c__norank; o__norank; f__norank; g__norank,row_1,5,,d__Bacteria; p__SAR324 clade(Marine group B); c__norank; o__norank; f__norank; g__norank,,d__Bacteria; p__SAR324 clade(Marine group B); c__norank; o__norank; f__norank; g__norank,row_1,5,-19.840354545677158,29.840354545677158
d__Bacteria; p__Proteobacteria; c__Gammaproteobacteria; o__Xanthomonadales; f__Rhodanobacteraceae; g__Aquimonas,row_2,1,,d__Bacteria; p__Proteobacteria; c__Gammaproteobacteria; o__Xanthomonadales; f__Rhodanobacteraceae; g__Aquimonas,,d__Bacteria; p__Proteobacteria; c__Gammaproteobacteria; o__Xanthomonadales; f__Rhodanobacteraceae; g__Aquimonas,row_2,1,-23.840354545677158,25.840354545677158
d__Bacteria; p__Actinobacteriota; c__Thermoleophilia; o__Gaiellales; f__uncultured; g__norank; s__uncultured bacterium,row_3,4,,d__Bacteria; p__Actinobacteriota; c__Thermoleophilia; o__Gaiellales; f__uncultured; g__norank; s__uncultured bacterium,,d__Bacteria; p__Actinobacteriota; c__Thermoleophilia; o__Gaiellales; f__uncultured; g__norank; s__uncultured bacterium,row_3,4,-20.840354545677158,28.840354545677158
d__Bacteria; p__Bdellovibrionota; c__Bdellovibrionia; o__Bdellovibrionales; f__Bdellovibrionaceae; g__OM27 clade; s__metagenome,row_4,0,,d__Bacteria; p__Bdellovibrionota; c__Bdellovibrionia; o__Bdellovibrionales; f__Bdellovibrionaceae; g__OM27 clade; s__metagenome,,d__Bacteria; p__Bdellovibrionota; c__Bdellovibrionia; o__Bdellovibrionales; f__Bdellovibrionaceae; g__OM27 clade; s__metagenome,row_4,0,-24.840354545677158,24.840354545677158
d__Bacteria; p__Proteobacteria; c__Gammaproteobacteria; o__Burkholderiales; f__Chromobacteriaceae; g__Vogesella; s__uncultured bacterium,row_5,0,,d__Bacteria; p__Proteobacteria; c__Gammaproteobacteria; o__Burkholderiales; f__Chromobacteriaceae; g__Vogesella; s__uncultured bacterium,,d__Bacteria; p__Proteobacteria; c__Gammaproteobacteria; o__Burkholderiales; f__Chromobacteriaceae; g__Vogesella; s__uncultured bacterium,row_5,0,-24.840354545677158,24.840354545677158
d__Bacteria; p__Actinobacteriota; c__Acidimicrobiia; o__Microtrichales; f__Ilumatobacteraceae; g__CL500-29 marine group; s__uncultured bacterium,row_6,5,,d__Bacteria; p__Actinobacteriota; c__Acidimicrobiia; o__Microtrichales; f__Ilumatobacteraceae; g__CL500-29 marine group; s__uncultured bacterium,,d__Bacteria; p__Actinobacteriota; c__Acidimicrobiia; o__Microtrichales; f__Ilumatobacteraceae; g__CL500-29 marine group; s__uncultured bacterium,row_6,5,-19.840354545677158,29.840354545677158
d__Bacteria; p__Proteobacteria; c__Alphaproteobacteria; o__Caulobacterales; f__Caulobacteraceae; g__uncultured; s__uncultured bacterium,row_7,58,,d__Bacteria; p__Proteobacteria; c__Alphaproteobacteria; o__Caulobacterales; f__Caulobacteraceae; g__uncultured; s__uncultured bacterium,,d__Bacteria; p__Proteobacteria; c__Alphaproteobacteria; o__Caulobacterales; f__Caulobacteraceae; g__uncultured; s__uncultured bacterium,row_7,58,33.15964545432284,82.84035454567716
d__Bacteria; p__Planctomycetota; c__Phycisphaerae; o__Phycisphaerales; f__Phycisphaeraceae; g__CL500-3,row_8,39,,d__Bacteria; p__Planctomycetota; c__Phycisphaerae; o__Phycisphaerales; f__Phycisphaeraceae; g__CL500-3,,d__Bacteria; p__Planctomycetota; c__Phycisphaerae; o__Phycisphaerales; f__Phycisphaeraceae; g__CL500-3,row_8,39,14.159645454322842,63.84035454567716
d__Bacteria; p__Gemmatimonadota; c__Gemmatimonadetes; o__Gemmatimonadales; f__Gemmatimonadaceae; g__Gemmatimonas; s__uncultured bacterium,row_9,25,,d__Bacteria; p__Gemmatimonadota; c__Gemmatimonadetes; o__Gemmatimonadales; f__Gemmatimonadaceae; g__Gemmatimonas; s__uncultured bacterium,,d__Bacteria; p__Gemmatimonadota; c__Gemmatimonadetes; o__Gemmatimonadales; f__Gemmatimonadaceae; g__Gemmatimonas; s__uncultured bacterium,row_9,25,0.15964545432284183,49.84035454567716
d__Bacteria; p__Actinobacteriota; c__Acidimicrobiia; o__Microtrichales; f__Ilumatobacteraceae; g__CL500-29 marine group; s__uncultured bacterium,row_10,4,,d__Bacteria; p__Actinobacteriota; c__Acidimicrobiia; o__Microtrichales; f__Ilumatobacteraceae; g__CL500-29 marine group; s__uncultured bacterium,,d__Bacteria; p__Actinobacteriota; c__Acidimicrobiia; o__Microtrichales; f__Ilumatobacteraceae; g__CL500-29 marine group; s__uncultured bacterium,row_10,4,-20.840354545677158,28.840354545677158
d__Bacteria; p__Planctomycetota; c__Planctomycetes; o__Pirellulales; f__Pirellulaceae; g__Pirellula; s__uncultured bacterium,row_11,0,,d__Bacteria; p__Planctomycetota; c__Planctomycetes; o__Pirellulales; f__Pirellulaceae; g__Pirellula; s__uncultured bacterium,,d__Bacteria; p__Planctomycetota; c__Planctomycetes; o__Pirellulales; f__Pirellulaceae; g__Pirellula; s__uncultured bacterium,row_11,0,-24.840354545677158,24.840354545677158
d__Bacteria; p__Bacteroidota; c__Bacteroidia; o__Chitinophagales; f__Chitinophagaceae; g__Dinghuibacter; s__uncultured bacterium,row_12,2,,d__Bacteria; p__Bacteroidota; c__Bacteroidia; o__Chitinophagales; f__Chitinophagaceae; g__Dinghuibacter; s__uncultured bacterium,,d__Bacteria; p__Bacteroidota; c__Bacteroidia; o__Chitinophagales; f__Chitinophagaceae; g__Dinghuibacter; s__uncultured bacterium,row_12,2,-22.840354545677158,26.840354545677158
d__Bacteria; p__Cyanobacteria; c__Cyanobacteriia; o__Cyanobacteriales; f__Gloeocapsaceae; g__Gloeocapsa,row_1,11,,d__Bacteria; p__Cyanobacteria; c__Cyanobacteriia; o__Cyanobacteriales; f__Gloeocapsaceae; g__Gloeocapsa,,d__Bacteria; p__Cyanobacteria; c__Cyanobacteriia; o__Cyanobacteriales; f__Gloeocapsaceae; g__Gloeocapsa,row_1,11,-13.840354545677158,35.84035454567716
d__Bacteria; p__Proteobacteria; c__Alphaproteobacteria; o__Rhizobiales; f__Devosiaceae; g__Devosia,row_2,6,,d__Bacteria; p__Proteobacteria; c__Alphaproteobacteria; o__Rhizobiales; f__Devosiaceae; g__Devosia,,d__Bacteria; p__Proteobacteria; c__Alphaproteobacteria; o__Rhizobiales; f__Devosiaceae; g__Devosia,row_2,6,-18.840354545677158,30.840354545677158
d__Bacteria; p__Proteobacteria; c__Gammaproteobacteria; o__Burkholderiales; f__Oxalobacteraceae; g__Noviherbaspirillum; s__uncultured bacterium,row_3,7,,d__Bacteria; p__Proteobacteria; c__Gammaproteobacteria; o__Burkholderiales; f__Oxalobacteraceae; g__Noviherbaspirillum; s__uncultured bacterium,,d__Bacteria; p__Proteobacteria; c__Gammaproteobacteria; o__Burkholderiales; f__Oxalobacteraceae; g__Noviherbaspirillum; s__uncultured bacterium,row_3,7,-17.840354545677158,31.840354545677158
d__Bacteria; p__Cyanobacteria; c__Cyanobacteriia; o__Chloroplast; f__norank; g__norank,row_4,2,,d__Bacteria; p__Cyanobacteria; c__Cyanobacteriia; o__Chloroplast; f__norank; g__norank,,d__Bacteria; p__Cyanobacteria; c__Cyanobacteriia; o__Chloroplast; f__norank; g__norank,row_4,2,-22.840354545677158,26.840354545677158
d__Bacteria; p__Proteobacteria; c__Gammaproteobacteria; o__Xanthomonadales; f__Xanthomonadaceae; g__Lysobacter,row_5,1,,d__Bacteria; p__Proteobacteria; c__Gammaproteobacteria; o__Xanthomonadales; f__Xanthomonadaceae; g__Lysobacter,,d__Bacteria; p__Proteobacteria; c__Gammaproteobacteria; o__Xanthomonadales; f__Xanthomonadaceae; g__Lysobacter,row_5,1,-23.840354545677158,25.840354545677158
d__Bacteria; p__Deinococcota; c__Deinococci; o__Deinococcales; f__Deinococcaceae; g__Deinococcus,row_6,4,,d__Bacteria; p__Deinococcota; c__Deinococci; o__Deinococcales; f__Deinococcaceae; g__Deinococcus,,d__Bacteria; p__Deinococcota; c__Deinococci; o__Deinococcales; f__Deinococcaceae; g__Deinococcus,row_6,4,-20.840354545677158,28.840354545677158
d__Bacteria; p__Actinobacteriota; c__Actinobacteria; o__Frankiales,row_7,15,,d__Bacteria; p__Actinobacteriota; c__Actinobacteria; o__Frankiales,,d__Bacteria; p__Actinobacteriota; c__Actinobacteria; o__Frankiales,row_7,15,-9.840354545677158,39.84035454567716
d__Bacteria; p__Gemmatimonadota; c__Gemmatimonadetes; o__Gemmatimonadales; f__Gemmatimonadaceae; g__uncultured; s__uncultured organism,row_8,0,,d__Bacteria; p__Gemmatimonadota; c__Gemmatimonadetes; o__Gemmatimonadales; f__Gemmatimonadaceae; g__uncultured; s__uncultured organism,,d__Bacteria; p__Gemmatimonadota; c__Gemmatimonadetes; o__Gemmatimonadales; f__Gemmatimonadaceae; g__uncultured; s__uncultured organism,row_8,0,-24.840354545677158,24.840354545677158
d__Bacteria; p__Verrucomicrobiota; c__Verrucomicrobiae; o__Chthoniobacterales; f__Chthoniobacteraceae; g__Chthoniobacter; s__uncultured bacterium,row_9,7,,d__Bacteria; p__Verrucomicrobiota; c__Verrucomicrobiae; o__Chthoniobacterales; f__Chthoniobacteraceae; g__Chthoniobacter; s__uncultured bacterium,,d__Bacteria; p__Verrucomicrobiota; c__Verrucomicrobiae; o__Chthoniobacterales; f__Chthoniobacteraceae; g__Chthoniobacter; s__uncultured bacterium,row_9,7,-17.840354545677158,31.840354545677158
d__Bacteria; p__Bdellovibrionota; c__Oligoflexia; o__0319-6G20; f__norank; g__norank; s__metagenome,row_10,19,,d__Bacteria; p__Bdellovibrionota; c__Oligoflexia; o__0319-6G20; f__norank; g__norank; s__metagenome,,d__Bacteria; p__Bdellovibrionota; c__Oligoflexia; o__0319-6G20; f__norank; g__norank; s__metagenome,row_10,19,-5.840354545677158,43.84035454567716
d__Bacteria; p__Latescibacterota; c__norank; o__norank; f__norank; g__norank; s__uncultured Latescibacteria bacterium,row_11,1,,d__Bacteria; p__Latescibacterota; c__norank; o__norank; f__norank; g__norank; s__uncultured Latescibacteria bacterium,,d__Bacteria; p__Latescibacterota; c__norank; o__norank; f__norank; g__norank; s__uncultured Latescibacteria bacterium,row_11,1,-23.840354545677158,25.840354545677158
d__Bacteria; p__Proteobacteria; c__Alphaproteobacteria; o__Rhizobiales; f__A0839; g__norank; s__uncultured bacterium,row_12,17,,d__Bacteria; p__Proteobacteria; c__Alphaproteobacteria; o__Rhizobiales; f__A0839; g__norank; s__uncultured bacterium,,d__Bacteria; p__Proteobacteria; c__Alphaproteobacteria; o__Rhizobiales; f__A0839; g__norank; s__uncultured bacterium,row_12,17,-7.840354545677158,41.84035454567716
d__Bacteria; p__Proteobacteria; c__Gammaproteobacteria; o__Burkholderiales; f__Rhodocyclaceae; g__uncultured; s__uncultured bacterium,row_1,39,,d__Bacteria; p__Proteobacteria; c__Gammaproteobacteria; o__Burkholderiales; f__Rhodocyclaceae; g__uncultured; s__uncultured bacterium,,d__Bacteria; p__Proteobacteria; c__Gammaproteobacteria; o__Burkholderiales; f__Rhodocyclaceae; g__uncultured; s__uncultured bacterium,row_1,39,14.159645454322842,63.84035454567716
d__Bacteria; p__Proteobacteria; c__Alphaproteobacteria; o__Sphingomonadales; f__Sphingomonadaceae; g__Sphingopyxis,row_2,11,,d__Bacteria; p__Proteobacteria; c__Alphaproteobacteria; o__Sphingomonadales; f__Sphingomonadaceae; g__Sphingopyxis,,d__Bacteria; p__Proteobacteria; c__Alphaproteobacteria; o__Sphingomonadales; f__Sphingomonadaceae; g__Sphingopyxis,row_2,11,-13.840354545677158,35.84035454567716
d__Bacteria; p__Proteobacteria; c__Gammaproteobacteria; o__Xanthomonadales; f__Xanthomonadaceae; g__Arenimonas; s__uncultured bacterium,row_3,0,,d__Bacteria; p__Proteobacteria; c__Gammaproteobacteria; o__Xanthomonadales; f__Xanthomonadaceae; g__Arenimonas; s__uncultured bacterium,,d__Bacteria; p__Proteobacteria; c__Gammaproteobacteria; o__Xanthomonadales; f__Xanthomonadaceae; g__Arenimonas; s__uncultured bacterium,row_3,0,-24.840354545677158,24.840354545677158
d__Bacteria; p__Bacteroidota; c__Bacteroidia; o__Cytophagales; f__Microscillaceae; g__uncultured; s__uncultured bacterium,row_4,25,,d__Bacteria; p__Bacteroidota; c__Bacteroidia; o__Cytophagales; f__Microscillaceae; g__uncultured; s__uncultured bacterium,,d__Bacteria; p__Bacteroidota; c__Bacteroidia; o__Cytophagales; f__Microscillaceae; g__uncultured; s__uncultured bacterium,row_4,25,0.15964545432284183,49.84035454567716
d__Bacteria; p__Proteobacteria; c__Gammaproteobacteria; o__Burkholderiales; f__Comamonadaceae; g__Mitsuaria,row_5,0,,d__Bacteria; p__Proteobacteria; c__Gammaproteobacteria; o__Burkholderiales; f__Comamonadaceae; g__Mitsuaria,,d__Bacteria; p__Proteobacteria; c__Gammaproteobacteria; o__Burkholderiales; f__Comamonadaceae; g__Mitsuaria,row_5,0,-24.840354545677158,24.840354545677158
d__Bacteria; p__Bacteroidota; c__Bacteroidia; o__Sphingobacteriales; f__AKYH767; g__norank; s__uncultured bacterium,row_6,0,,d__Bacteria; p__Bacteroidota; c__Bacteroidia; o__Sphingobacteriales; f__AKYH767; g__norank; s__uncultured bacterium,,d__Bacteria; p__Bacteroidota; c__Bacteroidia; o__Sphingobacteriales; f__AKYH767; g__norank; s__uncultured bacterium,row_6,0,-24.840354545677158,24.840354545677158
d__Bacteria; p__Planctomycetota; c__Planctomycetes; o__Planctomycetales; f__uncultured; g__norank; s__uncultured bacterium,row_7,0,,d__Bacteria; p__Planctomycetota; c__Planctomycetes; o__Planctomycetales; f__uncultured; g__norank; s__uncultured bacterium,,d__Bacteria; p__Planctomycetota; c__Planctomycetes; o__Planctomycetales; f__uncultured; g__norank; s__uncultured bacterium,row_7,0,-24.840354545677158,24.840354545677158
d__Bacteria; p__Actinobacteriota; c__Acidimicrobiia; o__Microtrichales; f__Ilumatobacteraceae; g__CL500-29 marine group,row_8,38,,d__Bacteria; p__Actinobacteriota; c__Acidimicrobiia; o__Microtrichales; f__Ilumatobacteraceae; g__CL500-29 marine group,,d__Bacteria; p__Actinobacteriota; c__Acidimicrobiia; o__Microtrichales; f__Ilumatobacteraceae; g__CL500-29 marine group,row_8,38,13.159645454322842,62.84035454567716
d__Bacteria; p__Proteobacteria; c__Alphaproteobacteria; o__Caulobacterales; f__Caulobacteraceae; g__Brevundimonas,row_9,2,,d__Bacteria; p__Proteobacteria; c__Alphaproteobacteria; o__Caulobacterales; f__Caulobacteraceae; g__Brevundimonas,,d__Bacteria; p__Proteobacteria; c__Alphaproteobacteria; o__Caulobacterales; f__Caulobacteraceae; g__Brevundimonas,row_9,2,-22.840354545677158,26.840354545677158
d__Bacteria; p__Verrucomicrobiota; c__Verrucomicrobiae; o__Pedosphaerales; f__Pedosphaeraceae; g__SH3-11; s__uncultured bacterium,row_10,0,,d__Bacteria; p__Verrucomicrobiota; c__Verrucomicrobiae; o__Pedosphaerales; f__Pedosphaeraceae; g__SH3-11; s__uncultured bacterium,,d__Bacteria; p__Verrucomicrobiota; c__Verrucomicrobiae; o__Pedosphaerales; f__Pedosphaeraceae; g__SH3-11; s__uncultured bacterium,row_10,0,-24.840354545677158,24.840354545677158
d__Bacteria; p__Proteobacteria; c__Alphaproteobacteria; o__Sphingomonadales; f__Sphingomonadaceae; g__Porphyrobacter; s__uncultured bacterium,row_11,4,,d__Bacteria; p__Proteobacteria; c__Alphaproteobacteria; o__Sphingomonadales; f__Sphingomonadaceae; g__Porphyrobacter; s__uncultured bacterium,,d__Bacteria; p__Proteobacteria; c__Alphaproteobacteria; o__Sphingomonadales; f__Sphingomonadaceae; g__Porphyrobacter; s__uncultured bacterium,row_11,4,-20.840354545677158,28.840354545677158
d__Bacteria; p__Proteobacteria; c__Gammaproteobacteria; o__Burkholderiales; f__Sutterellaceae; g__uncultured,row_12,25,,d__Bacteria; p__Proteobacteria; c__Gammaproteobacteria; o__Burkholderiales; f__Sutterellaceae; g__uncultured,,d__Bacteria; p__Proteobacteria; c__Gammaproteobacteria; o__Burkholderiales; f__Sutterellaceae; g__uncultured,row_12,25,0.15964545432284183,49.84035454567716
d__Bacteria; p__Bacteroidota; c__Bacteroidia; o__Sphingobacteriales; f__NS11-12 marine group; g__norank; s__uncultured bacterium,row_1,6,,d__Bacteria; p__Bacteroidota; c__Bacteroidia; o__Sphingobacteriales; f__NS11-12 marine group; g__norank; s__uncultured bacterium,,d__Bacteria; p__Bacteroidota; c__Bacteroidia; o__Sphingobacteriales; f__NS11-12 marine group; g__norank; s__uncultured bacterium,row_1,6,-18.840354545677158,30.840354545677158
d__Bacteria; p__Proteobacteria; c__Gammaproteobacteria; o__Burkholderiales; f__Comamonadaceae,row_2,0,,d__Bacteria; p__Proteobacteria; c__Gammaproteobacteria; o__Burkholderiales; f__Comamonadaceae,,d__Bacteria; p__Proteobacteria; c__Gammaproteobacteria; o__Burkholderiales; f__Comamonadaceae,row_2,0,-24.840354545677158,24.840354545677158
d__Bacteria; p__Bacteroidota; c__Bacteroidia; o__Chitinophagales; f__Chitinophagaceae; g__Ferruginibacter; s__uncultured Bacteroidetes bacterium,row_3,4,,d__Bacteria; p__Bacteroidota; c__Bacteroidia; o__Chitinophagales; f__Chitinophagaceae; g__Ferruginibacter; s__uncultured Bacteroidetes bacterium,,d__Bacteria; p__Bacteroidota; c__Bacteroidia; o__Chitinophagales; f__Chitinophagaceae; g__Ferruginibacter; s__uncultured Bacteroidetes bacterium,row_3,4,-20.840354545677158,28.840354545677158
d__Bacteria; p__Actinobacteriota; c__Actinobacteria; o__Frankiales; f__Sporichthyaceae; g__hgcI clade; s__uncultured bacterium,row_4,1,,d__Bacteria; p__Actinobacteriota; c__Actinobacteria; o__Frankiales; f__Sporichthyaceae; g__hgcI clade; s__uncultured bacterium,,d__Bacteria; p__Actinobacteriota; c__Actinobacteria; o__Frankiales; f__Sporichthyaceae; g__hgcI clade; s__uncultured bacterium,row_4,1,-23.840354545677158,25.840354545677158
d__Bacteria; p__Proteobacteria; c__Gammaproteobacteria; o__Xanthomonadales; f__Xanthomonadaceae; g__Silanimonas; s__uncultured bacterium,row_5,9,,d__Bacteria; p__Proteobacteria; c__Gammaproteobacteria; o__Xanthomonadales; f__Xanthomonadaceae; g__Silanimonas; s__uncultured bacterium,,d__Bacteria; p__Proteobacteria; c__Gammaproteobacteria; o__Xanthomonadales; f__Xanthomonadaceae; g__Silanimonas; s__uncultured bacterium,row_5,9,-15.840354545677158,33.84035454567716
d__Bacteria; p__Patescibacteria; c__Gracilibacteria; o__Candidatus Peribacteria; f__norank; g__norank,row_6,7,,d__Bacteria; p__Patescibacteria; c__Gracilibacteria; o__Candidatus Peribacteria; f__norank; g__norank,,d__Bacteria; p__Patescibacteria; c__Gracilibacteria; o__Candidatus Peribacteria; f__norank; g__norank,row_6,7,-17.840354545677158,31.840354545677158
d__Bacteria; p__Proteobacteria; c__Alphaproteobacteria; o__Rhodobacterales; f__Rhodobacteraceae; g__Rhodobacter,row_7,8,,d__Bacteria; p__Proteobacteria; c__Alphaproteobacteria; o__Rhodobacterales; f__Rhodobacteraceae; g__Rhodobacter,,d__Bacteria; p__Proteobacteria; c__Alphaproteobacteria; o__Rhodobacterales; f__Rhodobacteraceae; g__Rhodobacter,row_7,8,-16.840354545677158,32.84035454567716
d__Bacteria; p__Bacteroidota; c__Bacteroidia; o__Chitinophagales; f__Chitinophagaceae; g__Vibrionimonas,row_8,0,,d__Bacteria; p__Bacteroidota; c__Bacteroidia; o__Chitinophagales; f__Chitinophagaceae; g__Vibrionimonas,,d__Bacteria; p__Bacteroidota; c__Bacteroidia; o__Chitinophagales; f__Chitinophagaceae; g__Vibrionimonas,row_8,0,-24.840354545677158,24.840354545677158
d__Bacteria; p__Proteobacteria; c__Gammaproteobacteria; o__Pseudomonadales; f__Spongiibacteraceae; g__BD1-7 clade; s__uncultured bacterium,row_9,0,,d__Bacteria; p__Proteobacteria; c__Gammaproteobacteria; o__Pseudomonadales; f__Spongiibacteraceae; g__BD1-7 clade; s__uncultured bacterium,,d__Bacteria; p__Proteobacteria; c__Gammaproteobacteria; o__Pseudomonadales; f__Spongiibacteraceae; g__BD1-7 clade; s__uncultured bacterium,row_9,0,-24.840354545677158,24.840354545677158
d__Bacteria; p__Proteobacteria; c__Alphaproteobacteria; o__Paracaedibacterales; f__Paracaedibacteraceae; g__Candidatus Paracaedibacter; s__metagenome,row_10,6,,d__Bacteria; p__Proteobacteria; c__Alphaproteobacteria; o__Paracaedibacterales; f__Paracaedibacteraceae; g__Candidatus Paracaedibacter; s__metagenome,,d__Bacteria; p__Proteobacteria; c__Alphaproteobacteria; o__Paracaedibacterales; f__Paracaedibacteraceae; g__Candidatus Paracaedibacter; s__metagenome,row_10,6,-18.840354545677158,30.840354545677158
d__Bacteria; p__Proteobacteria; c__Gammaproteobacteria; o__Burkholderiales; f__Comamonadaceae; g__Hydrogenophaga; s__uncultured bacterium,row_11,0,,d__Bacteria; p__Proteobacteria; c__Gammaproteobacteria; o__Burkholderiales; f__Comamonadaceae; g__Hydrogenophaga; s__uncultured bacterium,,d__Bacteria; p__Proteobacteria; c__Gammaproteobacteria; o__Burkholderiales; f__Comamonadaceae; g__Hydrogenophaga; s__uncultured bacterium,row_11,0,-24.840354545677158,24.840354545677158
d__Bacteria; p__Proteobacteria; c__Gammaproteobacteria; o__Legionellales; f__Legionellaceae; g__Legionella; s__uncultured bacterium,row_12,1,,d__Bacteria; p__Proteobacteria; c__Gammaproteobacteria; o__Legionellales; f__Legionellaceae; g__Legionella; s__uncultured bacterium,,d__Bacteria; p__Proteobacteria; c__Gammaproteobacteria; o__Legionellales; f__Legionellaceae; g__Legionella; s__uncultured bacterium,row_12,1,-23.840354545677158,25.840354545677158
d__Bacteria; p__Proteobacteria; c__Alphaproteobacteria; o__uncultured; f__norank; g__norank; s__uncultured bacterium,row_1,0,,d__Bacteria; p__Proteobacteria; c__Alphaproteobacteria; o__uncultured; f__norank; g__norank; s__uncultured bacterium,,d__Bacteria; p__Proteobacteria; c__Alphaproteobacteria; o__uncultured; f__norank; g__norank; s__uncultured bacterium,row_1,0,-24.840354545677158,24.840354545677158
d__Bacteria; p__Cyanobacteria; c__Cyanobacteriia; o__Cyanobacteriales; f__Oscillatoriaceae; g__Planktothricoides SR001,row_2,0,,d__Bacteria; p__Cyanobacteria; c__Cyanobacteriia; o__Cyanobacteriales; f__Oscillatoriaceae; g__Planktothricoides SR001,,d__Bacteria; p__Cyanobacteria; c__Cyanobacteriia; o__Cyanobacteriales; f__Oscillatoriaceae; g__Planktothricoides SR001,row_2,0,-24.840354545677158,24.840354545677158
d__Bacteria; p__Proteobacteria; c__Alphaproteobacteria; o__Sphingomonadales; f__Sphingomonadaceae; g__Altererythrobacter; s__uncultured bacterium,row_3,26,,d__Bacteria; p__Proteobacteria; c__Alphaproteobacteria; o__Sphingomonadales; f__Sphingomonadaceae; g__Altererythrobacter; s__uncultured bacterium,,d__Bacteria; p__Proteobacteria; c__Alphaproteobacteria; o__Sphingomonadales; f__Sphingomonadaceae; g__Altererythrobacter; s__uncultured bacterium,row_3,26,1.1596454543228418,50.84035454567716
d__Bacteria; p__Bacteroidota; c__Bacteroidia; o__Chitinophagales; f__Chitinophagaceae; g__Asinibacterium; s__uncultured bacterium,row_4,0,,d__Bacteria; p__Bacteroidota; c__Bacteroidia; o__Chitinophagales; f__Chitinophagaceae; g__Asinibacterium; s__uncultured bacterium,,d__Bacteria; p__Bacteroidota; c__Bacteroidia; o__Chitinophagales; f__Chitinophagaceae; g__Asinibacterium; s__uncultured bacterium,row_4,0,-24.840354545677158,24.840354545677158
d__Bacteria; p__Cyanobacteria; c__Cyanobacteriia; o__Cyanobacteriales; f__Nostocaceae; g__Cylindrospermopsis CRJ1; s__Raphidiopsis curvata NIES-932,row_5,11,,d__Bacteria; p__Cyanobacteria; c__Cyanobacteriia; o__Cyanobacteriales; f__Nostocaceae; g__Cylindrospermopsis CRJ1; s__Raphidiopsis curvata NIES-932,,d__Bacteria; p__Cyanobacteria; c__Cyanobacteriia; o__Cyanobacteriales; f__Nostocaceae; g__Cylindrospermopsis CRJ1; s__Raphidiopsis curvata NIES-932,row_5,11,-13.840354545677158,35.84035454567716
d__Bacteria; p__Actinobacteriota; c__Acidimicrobiia; o__Microtrichales; f__Ilumatobacteraceae; g__CL500-29 marine group; s__uncultured bacterium,row_6,16,,d__Bacteria; p__Actinobacteriota; c__Acidimicrobiia; o__Microtrichales; f__Ilumatobacteraceae; g__CL500-29 marine group; s__uncultured bacterium,,d__Bacteria; p__Actinobacteriota; c__Acidimicrobiia; o__Microtrichales; f__Ilumatobacteraceae; g__CL500-29 marine group; s__uncultured bacterium,row_6,16,-8.840354545677158,40.84035454567716
d__Bacteria; p__Verrucomicrobiota; c__Verrucomicrobiae; o__Verrucomicrobiales; f__Verrucomicrobiaceae; g__Prosthecobacter; s__uncultured bacterium,row_7,7,,d__Bacteria; p__Verrucomicrobiota; c__Verrucomicrobiae; o__Verrucomicrobiales; f__Verrucomicrobiaceae; g__Prosthecobacter; s__uncultured bacterium,,d__Bacteria; p__Verrucomicrobiota; c__Verrucomicrobiae; o__Verrucomicrobiales; f__Verrucomicrobiaceae; g__Prosthecobacter; s__uncultured bacterium,row_7,7,-17.840354545677158,31.840354545677158
d__Bacteria; p__Cyanobacteria; c__Cyanobacteriia; o__Cyanobacteriales; f__Microcystaceae; g__Synechocystis BDHKU-20401; s__uncultured bacterium,row_8,5,,d__Bacteria; p__Cyanobacteria; c__Cyanobacteriia; o__Cyanobacteriales; f__Microcystaceae; g__Synechocystis BDHKU-20401; s__uncultured bacterium,,d__Bacteria; p__Cyanobacteria; c__Cyanobacteriia; o__Cyanobacteriales; f__Microcystaceae; g__Synechocystis BDHKU-20401; s__uncultured bacterium,row_8,5,-19.840354545677158,29.840354545677158
d__Bacteria; p__Verrucomicrobiota; c__Verrucomicrobiae; o__Pedosphaerales; f__Pedosphaeraceae; g__SH3-11,row_9,0,,d__Bacteria; p__Verrucomicrobiota; c__Verrucomicrobiae; o__Pedosphaerales; f__Pedosphaeraceae; g__SH3-11,,d__Bacteria; p__Verrucomicrobiota; c__Verrucomicrobiae; o__Pedosphaerales; f__Pedosphaeraceae; g__SH3-11,row_9,0,-24.840354545677158,24.840354545677158
d__Bacteria; p__Bdellovibrionota; c__Oligoflexia; o__0319-6G20; f__norank; g__norank; s__uncultured bacterium,row_10,12,,d__Bacteria; p__Bdellovibrionota; c__Oligoflexia; o__0319-6G20; f__norank; g__norank; s__uncultured bacterium,,d__Bacteria; p__Bdellovibrionota; c__Oligoflexia; o__0319-6G20; f__norank; g__norank; s__uncultured bacterium,row_10,12,-12.840354545677158,36.84035454567716
d__Bacteria; p__Myxococcota; c__Myxococcia; o__Myxococcales; f__Myxococcaceae; g__P3OB-42; s__uncultured bacterium,row_11,8,,d__Bacteria; p__Myxococcota; c__Myxococcia; o__Myxococcales; f__Myxococcaceae; g__P3OB-42; s__uncultured bacterium,,d__Bacteria; p__Myxococcota; c__Myxococcia; o__Myxococcales; f__Myxococcaceae; g__P3OB-42; s__uncultured bacterium,row_11,8,-16.840354545677158,32.84035454567716
d__Bacteria; p__Proteobacteria; c__Gammaproteobacteria; o__Burkholderiales; f__Comamonadaceae; g__uncultured,row_12,1,,d__Bacteria; p__Proteobacteria; c__Gammaproteobacteria; o__Burkholderiales; f__Comamonadaceae; g__uncultured,,d__Bacteria; p__Proteobacteria; c__Gammaproteobacteria; o__Burkholderiales; f__Comamonadaceae; g__uncultured,row_12,1,-23.840354545677158,25.840354545677158
d__Bacteria; p__Bacteroidota; c__Bacteroidia; o__Chitinophagales; f__Chitinophagaceae; g__Sediminibacterium,row_1,9,,d__Bacteria; p__Bacteroidota; c__Bacteroidia; o__Chitinophagales; f__Chitinophagaceae; g__Sediminibacterium,,d__Bacteria; p__Bacteroidota; c__Bacteroidia; o__Chitinophagales; f__Chitinophagaceae; g__Sediminibacterium,row_1,9,-15.840354545677158,33.84035454567716
d__Bacteria; p__Proteobacteria; c__Alphaproteobacteria; o__Rhizobiales; f__Rhizobiales Incertae Sedis; g__uncultured; s__uncultured bacterium,row_2,44,,d__Bacteria; p__Proteobacteria; c__Alphaproteobacteria; o__Rhizobiales; f__Rhizobiales Incertae Sedis; g__uncultured; s__uncultured bacterium,,d__Bacteria; p__Proteobacteria; c__Alphaproteobacteria; o__Rhizobiales; f__Rhizobiales Incertae Sedis; g__uncultured; s__uncultured bacterium,row_2,44,19.159645454322842,68.84035454567716
d__Bacteria; p__Actinobacteriota; c__Acidimicrobiia; o__Microtrichales; f__Microtrichaceae; g__IMCC26207; s__uncultured bacterium,row_3,2,,d__Bacteria; p__Actinobacteriota; c__Acidimicrobiia; o__Microtrichales; f__Microtrichaceae; g__IMCC26207; s__uncultured bacterium,,d__Bacteria; p__Actinobacteriota; c__Acidimicrobiia; o__Microtrichales; f__Microtrichaceae; g__IMCC26207; s__uncultured bacterium,row_3,2,-22.840354545677158,26.840354545677158
d__Bacteria; p__Actinobacteriota; c__Actinobacteria; o__Frankiales; f__Sporichthyaceae; g__hgcI clade,row_4,14,,d__Bacteria; p__Actinobacteriota; c__Actinobacteria; o__Frankiales; f__Sporichthyaceae; g__hgcI clade,,d__Bacteria; p__Actinobacteriota; c__Actinobacteria; o__Frankiales; f__Sporichthyaceae; g__hgcI clade,row_4,14,-10.840354545677158,38.84035454567716
d__Bacteria; p__Proteobacteria; c__Gammaproteobacteria; o__Burkholderiales; f__Oxalobacteraceae; g__uncultured; s__uncultured bacterium,row_5,17,,d__Bacteria; p__Proteobacteria; c__Gammaproteobacteria; o__Burkholderiales; f__Oxalobacteraceae; g__uncultured; s__uncultured bacterium,,d__Bacteria; p__Proteobacteria; c__Gammaproteobacteria; o__Burkholderiales; f__Oxalobacteraceae; g__uncultured; s__uncultured bacterium,row_5,17,-7.840354545677158,41.84035454567716
d__Bacteria; p__Acidobacteriota; c__Vicinamibacteria; o__Vicinamibacterales; f__uncultured; g__norank; s__uncultured prokaryote,row_6,0,,d__Bacteria; p__Acidobacteriota; c__Vicinamibacteria; o__Vicinamibacterales; f__uncultured; g__norank; s__uncultured prokaryote,,d__Bacteria; p__Acidobacteriota; c__Vicinamibacteria; o__Vicinamibacterales; f__uncultured; g__norank; s__uncultured prokaryote,row_6,0,-24.840354545677158,24.840354545677158
d__Bacteria; p__Actinobacteriota; c__Actinobacteria; o__Frankiales; f__Sporichthyaceae; g__hgcI clade; s__uncultured bacterium,row_7,12,,d__Bacteria; p__Actinobacteriota; c__Actinobacteria; o__Frankiales; f__Sporichthyaceae; g__hgcI clade; s__uncultured bacterium,,d__Bacteria; p__Actinobacteriota; c__Actinobacteria; o__Frankiales; f__Sporichthyaceae; g__hgcI clade; s__uncultured bacterium,row_7,12,-12.840354545677158,36.84035454567716
d__Bacteria; p__Acidobacteriota; c__Vicinamibacteria; o__Vicinamibacterales; f__Vicinamibacteraceae; g__norank,row_8,5,,d__Bacteria; p__Acidobacteriota; c__Vicinamibacteria; o__Vicinamibacterales; f__Vicinamibacteraceae; g__norank,,d__Bacteria; p__Acidobacteriota; c__Vicinamibacteria; o__Vicinamibacterales; f__Vicinamibacteraceae; g__norank,row_8,5,-19.840354545677158,29.840354545677158
d__Bacteria; p__Bacteroidota; c__Bacteroidia; o__Chitinophagales; f__Saprospiraceae; g__uncultured,row_9,5,,d__Bacteria; p__Bacteroidota; c__Bacteroidia; o__Chitinophagales; f__Saprospiraceae; g__uncultured,,d__Bacteria; p__Bacteroidota; c__Bacteroidia; o__Chitinophagales; f__Saprospiraceae; g__uncultured,row_9,5,-19.840354545677158,29.840354545677158
d__Bacteria; p__Proteobacteria; c__Alphaproteobacteria; o__Rhizobiales; f__Xanthobacteraceae; g__uncultured,row_10,12,,d__Bacteria; p__Proteobacteria; c__Alphaproteobacteria; o__Rhizobiales; f__Xanthobacteraceae; g__uncultured,,d__Bacteria; p__Proteobacteria; c__Alphaproteobacteria; o__Rhizobiales; f__Xanthobacteraceae; g__uncultured,row_10,12,-12.840354545677158,36.84035454567716
d__Bacteria; p__Bacteroidota; c__Bacteroidia; o__Chitinophagales; f__Chitinophagaceae; g__Ferruginibacter; s__uncultured bacterium,row_11,1,,d__Bacteria; p__Bacteroidota; c__Bacteroidia; o__Chitinophagales; f__Chitinophagaceae; g__Ferruginibacter; s__uncultured bacterium,,d__Bacteria; p__Bacteroidota; c__Bacteroidia; o__Chitinophagales; f__Chitinophagaceae; g__Ferruginibacter; s__uncultured bacterium,row_11,1,-23.840354545677158,25.840354545677158
d__Bacteria; p__Proteobacteria; c__Gammaproteobacteria; o__uncultured; f__norank; g__norank; s__uncultured bacterium,row_12,5,,d__Bacteria; p__Proteobacteria; c__Gammaproteobacteria; o__uncultured; f__norank; g__norank; s__uncultured bacterium,,d__Bacteria; p__Proteobacteria; c__Gammaproteobacteria; o__uncultured; f__norank; g__norank; s__uncultured bacterium,row_12,5,-19.840354545677158,29.840354545677158
d__Bacteria; p__Proteobacteria; c__Alphaproteobacteria; o__Rickettsiales; f__SM2D12; g__norank,row_1,12,,d__Bacteria; p__Proteobacteria; c__Alphaproteobacteria; o__Rickettsiales; f__SM2D12; g__norank,,d__Bacteria; p__Proteobacteria; c__Alphaproteobacteria; o__Rickettsiales; f__SM2D12; g__norank,row_1,12,-12.840354545677158,36.84035454567716
d__Bacteria; p__Chloroflexi; c__Chloroflexia; o__Thermomicrobiales; f__JG30-KF-CM45; g__norank; s__uncultured bacterium,row_2,0,,d__Bacteria; p__Chloroflexi; c__Chloroflexia; o__Thermomicrobiales; f__JG30-KF-CM45; g__norank; s__uncultured bacterium,,d__Bacteria; p__Chloroflexi; c__Chloroflexia; o__Thermomicrobiales; f__JG30-KF-CM45; g__norank; s__uncultured bacterium,row_2,0,-24.840354545677158,24.840354545677158
d__Bacteria; p__Proteobacteria; c__Alphaproteobacteria; o__Sphingomonadales; f__Sphingomonadaceae; g__Sphingopyxis; s__uncultured bacterium,row_3,0,,d__Bacteria; p__Proteobacteria; c__Alphaproteobacteria; o__Sphingomonadales; f__Sphingomonadaceae; g__Sphingopyxis; s__uncultured bacterium,,d__Bacteria; p__Proteobacteria; c__Alphaproteobacteria; o__Sphingomonadales; f__Sphingomonadaceae; g__Sphingopyxis; s__uncultured bacterium,row_3,0,-24.840354545677158,24.840354545677158
d__Bacteria; p__Firmicutes; c__Clostridia; o__Clostridiales; f__Clostridiaceae; g__Clostridium sensu stricto 1; s__uncultured bacterium,row_4,23,,d__Bacteria; p__Firmicutes; c__Clostridia; o__Clostridiales; f__Clostridiaceae; g__Clostridium sensu stricto 1; s__uncultured bacterium,,d__Bacteria; p__Firmicutes; c__Clostridia; o__Clostridiales; f__Clostridiaceae; g__Clostridium sensu stricto 1; s__uncultured bacterium,row_4,23,-1.8403545456771582,47.84035454567716
d__Bacteria; p__Cyanobacteria; c__Cyanobacteriia; o__Chloroplast; f__norank; g__norank; s__uncultured bacterium,row_5,2,,d__Bacteria; p__Cyanobacteria; c__Cyanobacteriia; o__Chloroplast; f__norank; g__norank; s__uncultured bacterium,,d__Bacteria; p__Cyanobacteria; c__Cyanobacteriia; o__Chloroplast; f__norank; g__norank; s__uncultured bacterium,row_5,2,-22.840354545677158,26.840354545677158
d__Bacteria; p__Myxococcota; c__Polyangia; o__Nannocystales; f__Nannocystaceae; g__Nannocystis,row_6,49,,d__Bacteria; p__Myxococcota; c__Polyangia; o__Nannocystales; f__Nannocystaceae; g__Nannocystis,,d__Bacteria; p__Myxococcota; c__Polyangia; o__Nannocystales; f__Nannocystaceae; g__Nannocystis,row_6,49,24.159645454322842,73.84035454567716
d__Bacteria; p__Proteobacteria; c__Alphaproteobacteria; o__Rhizobiales; f__Beijerinckiaceae; g__Methylocystis,row_7,26,,d__Bacteria; p__Proteobacteria; c__Alphaproteobacteria; o__Rhizobiales; f__Beijerinckiaceae; g__Methylocystis,,d__Bacteria; p__Proteobacteria; c__Alphaproteobacteria; o__Rhizobiales; f__Beijerinckiaceae; g__Methylocystis,row_7,26,1.1596454543228418,50.84035454567716
d__Bacteria; p__Proteobacteria; c__Alphaproteobacteria; o__Rhizobiales; f__Beijerinckiaceae; g__alphaI cluster,row_8,1,,d__Bacteria; p__Proteobacteria; c__Alphaproteobacteria; o__Rhizobiales; f__Beijerinckiaceae; g__alphaI cluster,,d__Bacteria; p__Proteobacteria; c__Alphaproteobacteria; o__Rhizobiales; f__Beijerinckiaceae; g__alphaI cluster,row_8,1,-23.840354545677158,25.840354545677158
d__Bacteria; p__Proteobacteria; c__Alphaproteobacteria; o__Caulobacterales; f__Caulobacteraceae; g__Phenylobacterium,row_9,12,,d__Bacteria; p__Proteobacteria; c__Alphaproteobacteria; o__Caulobacterales; f__Caulobacteraceae; g__Phenylobacterium,,d__Bacteria; p__Proteobacteria; c__Alphaproteobacteria; o__Caulobacterales; f__Caulobacteraceae; g__Phenylobacterium,row_9,12,-12.840354545677158,36.84035454567716
d__Bacteria; p__Bacteroidota; c__Bacteroidia; o__Flavobacteriales; f__NS9 marine group; g__norank; s__metagenome,row_10,19,,d__Bacteria; p__Bacteroidota; c__Bacteroidia; o__Flavobacteriales; f__NS9 marine group; g__norank; s__metagenome,,d__Bacteria; p__Bacteroidota; c__Bacteroidia; o__Flavobacteriales; f__NS9 marine group; g__norank; s__metagenome,row_10,19,-5.840354545677158,43.84035454567716
d__Bacteria; p__Bacteroidota; c__Bacteroidia; o__Flavobacteriales; f__NS9 marine group; g__norank; s__uncultured bacterium,row_11,0,,d__Bacteria; p__Bacteroidota; c__Bacteroidia; o__Flavobacteriales; f__NS9 marine group; g__norank; s__uncultured bacterium,,d__Bacteria; p__Bacteroidota; c__Bacteroidia; o__Flavobacteriales; f__NS9 marine group; g__norank; s__uncultured bacterium,row_11,0,-24.840354545677158,24.840354545677158
d__Bacteria; p__Proteobacteria; c__Gammaproteobacteria; o__Burkholderiales; f__Burkholderiaceae; g__Limnobacter; s__uncultured bacterium,row_12,1,,d__Bacteria; p__Proteobacteria; c__Gammaproteobacteria; o__Burkholderiales; f__Burkholderiaceae; g__Limnobacter; s__uncultured bacterium,,d__Bacteria; p__Proteobacteria; c__Gammaproteobacteria; o__Burkholderiales; f__Burkholderiaceae; g__Limnobacter; s__uncultured bacterium,row_12,1,-23.840354545677158,25.840354545677158
d__Bacteria; p__Bdellovibrionota; c__Oligoflexia; o__053A03-B-DI-P58; f__norank; g__norank; s__uncultured bacterium,row_1,0,,d__Bacteria; p__Bdellovibrionota; c__Oligoflexia; o__053A03-B-DI-P58; f__norank; g__norank; s__uncultured bacterium,,d__Bacteria; p__Bdellovibrionota; c__Oligoflexia; o__053A03-B-DI-P58; f__norank; g__norank; s__uncultured bacterium,row_1,0,-24.840354545677158,24.840354545677158
d__Bacteria; p__Actinobacteriota; c__Acidimicrobiia; o__Microtrichales; f__Ilumatobacteraceae; g__CL500-29 marine group; s__uncultured bacterium,row_2,4,,d__Bacteria; p__Actinobacteriota; c__Acidimicrobiia; o__Microtrichales; f__Ilumatobacteraceae; g__CL500-29 marine group; s__uncultured bacterium,,d__Bacteria; p__Actinobacteriota; c__Acidimicrobiia; o__Microtrichales; f__Ilumatobacteraceae; g__CL500-29 marine group; s__uncultured bacterium,row_2,4,-20.840354545677158,28.840354545677158
d__Bacteria; p__Chloroflexi; c__Chloroflexia; o__Chloroflexales; f__Roseiflexaceae; g__uncultured; s__uncultured bacterium,row_3,9,,d__Bacteria; p__Chloroflexi; c__Chloroflexia; o__Chloroflexales; f__Roseiflexaceae; g__uncultured; s__uncultured bacterium,,d__Bacteria; p__Chloroflexi; c__Chloroflexia; o__Chloroflexales; f__Roseiflexaceae; g__uncultured; s__uncultured bacterium,row_3,9,-15.840354545677158,33.84035454567716
d__Bacteria; p__Proteobacteria; c__Gammaproteobacteria; o__Burkholderiales; f__Oxalobacteraceae; g__Massilia,row_4,6,,d__Bacteria; p__Proteobacteria; c__Gammaproteobacteria; o__Burkholderiales; f__Oxalobacteraceae; g__Massilia,,d__Bacteria; p__Proteobacteria; c__Gammaproteobacteria; o__Burkholderiales; f__Oxalobacteraceae; g__Massilia,row_4,6,-18.840354545677158,30.840354545677158
d__Bacteria; p__Actinobacteriota; c__Actinobacteria; o__Micrococcales; f__Microbacteriaceae,row_5,1,,d__Bacteria; p__Actinobacteriota; c__Actinobacteria; o__Micrococcales; f__Microbacteriaceae,,d__Bacteria; p__Actinobacteriota; c__Actinobacteria; o__Micrococcales; f__Microbacteriaceae,row_5,1,-23.840354545677158,25.840354545677158
d__Bacteria; p__Proteobacteria; c__Alphaproteobacteria; o__Rhizobiales; f__A0839; g__norank; s__uncultured bacterium,row_6,22,,d__Bacteria; p__Proteobacteria; c__Alphaproteobacteria; o__Rhizobiales; f__A0839; g__norank; s__uncultured bacterium,,d__Bacteria; p__Proteobacteria; c__Alphaproteobacteria; o__Rhizobiales; f__A0839; g__norank; s__uncultured bacterium,row_6,22,-2.840354545677158,46.84035454567716
d__Bacteria; p__Planctomycetota; c__Planctomycetes; o__Planctomycetales; f__Rubinisphaeraceae; g__uncultured; s__uncultured bacterium,row_7,2,,d__Bacteria; p__Planctomycetota; c__Planctomycetes; o__Planctomycetales; f__Rubinisphaeraceae; g__uncultured; s__uncultured bacterium,,d__Bacteria; p__Planctomycetota; c__Planctomycetes; o__Planctomycetales; f__Rubinisphaeraceae; g__uncultured; s__uncultured bacterium,row_7,2,-22.840354545677158,26.840354545677158
d__Bacteria; p__Chloroflexi; c__Anaerolineae; o__RBG-13-54-9; f__norank; g__norank; s__uncultured bacterium,row_8,0,,d__Bacteria; p__Chloroflexi; c__Anaerolineae; o__RBG-13-54-9; f__norank; g__norank; s__uncultured bacterium,,d__Bacteria; p__Chloroflexi; c__Anaerolineae; o__RBG-13-54-9; f__norank; g__norank; s__uncultured bacterium,row_8,0,-24.840354545677158,24.840354545677158
d__Bacteria; p__Proteobacteria; c__Gammaproteobacteria; o__Xanthomonadales; f__Xanthomonadaceae; g__Lysobacter,row_9,1,,d__Bacteria; p__Proteobacteria; c__Gammaproteobacteria; o__Xanthomonadales; f__Xanthomonadaceae; g__Lysobacter,,d__Bacteria; p__Proteobacteria; c__Gammaproteobacteria; o__Xanthomonadales; f__Xanthomonadaceae; g__Lysobacter,row_9,1,-23.840354545677158,25.840354545677158
d__Bacteria; p__Proteobacteria; c__Gammaproteobacteria; o__Burkholderiales; f__Comamonadaceae; g__Sphaerotilus; s__uncultured bacterium,row_10,9,,d__Bacteria; p__Proteobacteria; c__Gammaproteobacteria; o__Burkholderiales; f__Comamonadaceae; g__Sphaerotilus; s__uncultured bacterium,,d__Bacteria; p__Proteobacteria; c__Gammaproteobacteria; o__Burkholderiales; f__Comamonadaceae; g__Sphaerotilus; s__uncultured bacterium,row_10,9,-15.840354545677158,33.84035454567716
d__Bacteria; p__Proteobacteria; c__Gammaproteobacteria; o__Burkholderiales; f__Comamonadaceae; g__Limnohabitans; s__uncultured bacterium,row_11,30,,d__Bacteria; p__Proteobacteria; c__Gammaproteobacteria; o__Burkholderiales; f__Comamonadaceae; g__Limnohabitans; s__uncultured bacterium,,d__Bacteria; p__Proteobacteria; c__Gammaproteobacteria; o__Burkholderiales; f__Comamonadaceae; g__Limnohabitans; s__uncultured bacterium,row_11,30,5.159645454322842,54.84035454567716
d__Bacteria; p__Proteobacteria; c__Gammaproteobacteria; o__Burkholderiales; f__Comamonadaceae; g__Inhella; s__uncultured bacterium,row_12,0,,d__Bacteria; p__Proteobacteria; c__Gammaproteobacteria; o__Burkholderiales; f__Comamonadaceae; g__Inhella; s__uncultured bacterium,,d__Bacteria; p__Proteobacteria; c__Gammaproteobacteria; o__Burkholderiales; f__Comamonadaceae; g__Inhella; s__uncultured bacterium,row_12,0,-24.840354545677158,24.840354545677158
d__Bacteria; p__Myxococcota; c__Polyangia; o__Polyangiales; f__Phaselicystidaceae; g__Phaselicystis; s__metagenome,row_1,15,,d__Bacteria; p__Myxococcota; c__Polyangia; o__Polyangiales; f__Phaselicystidaceae; g__Phaselicystis; s__metagenome,,d__Bacteria; p__Myxococcota; c__Polyangia; o__Polyangiales; f__Phaselicystidaceae; g__Phaselicystis; s__metagenome,row_1,15,-9.840354545677158,39.84035454567716
d__Bacteria; p__Actinobacteriota; c__Actinobacteria; o__Frankiales; f__Sporichthyaceae; g__hgcI clade; s__uncultured bacterium,row_2,17,,d__Bacteria; p__Actinobacteriota; c__Actinobacteria; o__Frankiales; f__Sporichthyaceae; g__hgcI clade; s__uncultured bacterium,,d__Bacteria; p__Actinobacteriota; c__Actinobacteria; o__Frankiales; f__Sporichthyaceae; g__hgcI clade; s__uncultured bacterium,row_2,17,-7.840354545677158,41.84035454567716
d__Bacteria; p__Actinobacteriota; c__Actinobacteria; o__Corynebacteriales; f__Mycobacteriaceae; g__Mycobacterium; s__uncultured bacterium,row_3,16,,d__Bacteria; p__Actinobacteriota; c__Actinobacteria; o__Corynebacteriales; f__Mycobacteriaceae; g__Mycobacterium; s__uncultured bacterium,,d__Bacteria; p__Actinobacteriota; c__Actinobacteria; o__Corynebacteriales; f__Mycobacteriaceae; g__Mycobacterium; s__uncultured bacterium,row_3,16,-8.840354545677158,40.84035454567716
d__Bacteria; p__Proteobacteria; c__Gammaproteobacteria; o__Pseudomonadales; f__KI89A clade; g__norank,row_4,4,,d__Bacteria; p__Proteobacteria; c__Gammaproteobacteria; o__Pseudomonadales; f__KI89A clade; g__norank,,d__Bacteria; p__Proteobacteria; c__Gammaproteobacteria; o__Pseudomonadales; f__KI89A clade; g__norank,row_4,4,-20.840354545677158,28.840354545677158
d__Bacteria; p__Actinobacteriota; c__Thermoleophilia; o__Solirubrobacterales; f__67-14; g__norank; s__uncultured bacterium,row_5,1,,d__Bacteria; p__Actinobacteriota; c__Thermoleophilia; o__Solirubrobacterales; f__67-14; g__norank; s__uncultured bacterium,,d__Bacteria; p__Actinobacteriota; c__Thermoleophilia; o__Solirubrobacterales; f__67-14; g__norank; s__uncultured bacterium,row_5,1,-23.840354545677158,25.840354545677158
d__Bacteria; p__Proteobacteria; c__Gammaproteobacteria; o__Gammaproteobacteria Incertae Sedis; f__Unknown Family; g__Candidatus Berkiella; s__uncultured bacterium,row_6,0,,d__Bacteria; p__Proteobacteria; c__Gammaproteobacteria; o__Gammaproteobacteria Incertae Sedis; f__Unknown Family; g__Candidatus Berkiella; s__uncultured bacterium,,d__Bacteria; p__Proteobacteria; c__Gammaproteobacteria; o__Gammaproteobacteria Incertae Sedis; f__Unknown Family; g__Candidatus Berkiella; s__uncultured bacterium,row_6,0,-24.840354545677158,24.840354545677158
d__Bacteria; p__Bacteroidota; c__Bacteroidia; o__Flavobacteriales; f__NS9 marine group; g__norank; s__uncultured bacterium,row_7,0,,d__Bacteria; p__Bacteroidota; c__Bacteroidia; o__Flavobacteriales; f__NS9 marine group; g__norank; s__uncultured bacterium,,d__Bacteria; p__Bacteroidota; c__Bacteroidia; o__Flavobacteriales; f__NS9 marine group; g__norank; s__uncultured bacterium,row_7,0,-24.840354545677158,24.840354545677158
d__Bacteria; p__Dependentiae; c__Babeliae; o__Babeliales; f__norank; g__norank; s__uncultured bacterium,row_8,0,,d__Bacteria; p__Dependentiae; c__Babeliae; o__Babeliales; f__norank; g__norank; s__uncultured bacterium,,d__Bacteria; p__Dependentiae; c__Babeliae; o__Babeliales; f__norank; g__norank; s__uncultured bacterium,row_8,0,-24.840354545677158,24.840354545677158
d__Bacteria; p__Actinobacteriota; c__Acidimicrobiia; o__Microtrichales; f__Ilumatobacteraceae; g__CL500-29 marine group; s__uncultured bacterium,row_9,4,,d__Bacteria; p__Actinobacteriota; c__Acidimicrobiia; o__Microtrichales; f__Ilumatobacteraceae; g__CL500-29 marine group; s__uncultured bacterium,,d__Bacteria; p__Actinobacteriota; c__Acidimicrobiia; o__Microtrichales; f__Ilumatobacteraceae; g__CL500-29 marine group; s__uncultured bacterium,row_9,4,-20.840354545677158,28.840354545677158
d__Bacteria; p__Bacteroidota; c__Bacteroidia; o__Flavobacteriales; f__Cryomorphaceae; g__uncultured; s__uncultured bacterium,row_10,27,,d__Bacteria; p__Bacteroidota; c__Bacteroidia; o__Flavobacteriales; f__Cryomorphaceae; g__uncultured; s__uncultured bacterium,,d__Bacteria; p__Bacteroidota; c__Bacteroidia; o__Flavobacteriales; f__Cryomorphaceae; g__uncultured; s__uncultured bacterium,row_10,27,2.159645454322842,51.84035454567716
d__Bacteria; p__Cyanobacteria; c__Cyanobacteriia; o__Chloroplast; f__norank; g__norank,row_11,3,,d__Bacteria; p__Cyanobacteria; c__Cyanobacteriia; o__Chloroplast; f__norank; g__norank,,d__Bacteria; p__Cyanobacteria; c__Cyanobacteriia; o__Chloroplast; f__norank; g__norank,row_11,3,-21.840354545677158,27.840354545677158
d__Bacteria; p__Proteobacteria; c__Gammaproteobacteria; o__Burkholderiales; f__Comamonadaceae; g__Limnohabitans; s__uncultured bacterium,row_12,5,,d__Bacteria; p__Proteobacteria; c__Gammaproteobacteria; o__Burkholderiales; f__Comamonadaceae; g__Limnohabitans; s__uncultured bacterium,,d__Bacteria; p__Proteobacteria; c__Gammaproteobacteria; o__Burkholderiales; f__Comamonadaceae; g__Limnohabitans; s__uncultured bacterium,row_12,5,-19.840354545677158,29.840354545677158
d__Bacteria; p__SAR324 clade(Marine group B); c__norank; o__norank; f__norank; g__norank; s__uncultured bacterium,row_1,0,,d__Bacteria; p__SAR324 clade(Marine group B); c__norank; o__norank; f__norank; g__norank; s__uncultured bacterium,,d__Bacteria; p__SAR324 clade(Marine group B); c__norank; o__norank; f__norank; g__norank; s__uncultured bacterium,row_1,0,-24.840354545677158,24.840354545677158
d__Bacteria; p__Cyanobacteria; c__Cyanobacteriia; o__Cyanobacteriales; f__Nostocaceae; g__Dolichospermum NIES41,row_2,5,,d__Bacteria; p__Cyanobacteria; c__Cyanobacteriia; o__Cyanobacteriales; f__Nostocaceae; g__Dolichospermum NIES41,,d__Bacteria; p__Cyanobacteria; c__Cyanobacteriia; o__Cyanobacteriales; f__Nostocaceae; g__Dolichospermum NIES41,row_2,5,-19.840354545677158,29.840354545677158
d__Bacteria; p__Chloroflexi; c__Chloroflexia; o__Chloroflexales; f__Chloroflexaceae; g__Candidatus Chloroploca,row_3,8,,d__Bacteria; p__Chloroflexi; c__Chloroflexia; o__Chloroflexales; f__Chloroflexaceae; g__Candidatus Chloroploca,,d__Bacteria; p__Chloroflexi; c__Chloroflexia; o__Chloroflexales; f__Chloroflexaceae; g__Candidatus Chloroploca,row_3,8,-16.840354545677158,32.84035454567716
d__Bacteria; p__Proteobacteria; c__Gammaproteobacteria; o__Gammaproteobacteria Incertae Sedis; f__Unknown Family; g__Acidibacter; s__uncultured bacterium,row_4,39,,d__Bacteria; p__Proteobacteria; c__Gammaproteobacteria; o__Gammaproteobacteria Incertae Sedis; f__Unknown Family; g__Acidibacter; s__uncultured bacterium,,d__Bacteria; p__Proteobacteria; c__Gammaproteobacteria; o__Gammaproteobacteria Incertae Sedis; f__Unknown Family; g__Acidibacter; s__uncultured bacterium,row_4,39,14.159645454322842,63.84035454567716
d__Bacteria; p__Proteobacteria; c__Gammaproteobacteria; o__Burkholderiales; f__Burkholderiaceae; g__Limnobacter; s__uncultured bacterium,row_5,8,,d__Bacteria; p__Proteobacteria; c__Gammaproteobacteria; o__Burkholderiales; f__Burkholderiaceae; g__Limnobacter; s__uncultured bacterium,,d__Bacteria; p__Proteobacteria; c__Gammaproteobacteria; o__Burkholderiales; f__Burkholderiaceae; g__Limnobacter; s__uncultured bacterium,row_5,8,-16.840354545677158,32.84035454567716
d__Bacteria; p__Bacteroidota; c__Bacteroidia; o__Chitinophagales; f__Chitinophagaceae; g__Terrimonas; s__uncultured bacterium,row_6,0,,d__Bacteria; p__Bacteroidota; c__Bacteroidia; o__Chitinophagales; f__Chitinophagaceae; g__Terrimonas; s__uncultured bacterium,,d__Bacteria; p__Bacteroidota; c__Bacteroidia; o__Chitinophagales; f__Chitinophagaceae; g__Terrimonas; s__uncultured bacterium,row_6,0,-24.840354545677158,24.840354545677158
d__Bacteria; p__Bacteroidota; c__Bacteroidia; o__Flavobacteriales; f__Flavobacteriaceae; g__Flavobacterium,row_7,1,,d__Bacteria; p__Bacteroidota; c__Bacteroidia; o__Flavobacteriales; f__Flavobacteriaceae; g__Flavobacterium,,d__Bacteria; p__Bacteroidota; c__Bacteroidia; o__Flavobacteriales; f__Flavobacteriaceae; g__Flavobacterium,row_7,1,-23.840354545677158,25.840354545677158
d__Bacteria; p__Bacteroidota; c__Bacteroidia; o__Flavobacteriales; f__Crocinitomicaceae; g__Fluviicola,row_8,5,,d__Bacteria; p__Bacteroidota; c__Bacteroidia; o__Flavobacteriales; f__Crocinitomicaceae; g__Fluviicola,,d__Bacteria; p__Bacteroidota; c__Bacteroidia; o__Flavobacteriales; f__Crocinitomicaceae; g__Fluviicola,row_8,5,-19.840354545677158,29.840354545677158
d__Bacteria; p__Proteobacteria; c__Alphaproteobacteria; o__Rhodobacterales; f__Rhodobacteraceae; g__uncultured,row_9,5,,d__Bacteria; p__Proteobacteria; c__Alphaproteobacteria; o__Rhodobacterales; f__Rhodobacteraceae; g__uncultured,,d__Bacteria; p__Proteobacteria; c__Alphaproteobacteria; o__Rhodobacterales; f__Rhodobacteraceae; g__uncultured,row_9,5,-19.840354545677158,29.840354545677158
d__Bacteria; p__Proteobacteria; c__Alphaproteobacteria; o__Caulobacterales; f__Caulobacteraceae; g__Brevundimonas; s__uncultured bacterium,row_10,1,,d__Bacteria; p__Proteobacteria; c__Alphaproteobacteria; o__Caulobacterales; f__Caulobacteraceae; g__Brevundimonas; s__uncultured bacterium,,d__Bacteria; p__Proteobacteria; c__Alphaproteobacteria; o__Caulobacterales; f__Caulobacteraceae; g__Brevundimonas; s__uncultured bacterium,row_10,1,-23.840354545677158,25.840354545677158
d__Bacteria; p__Proteobacteria; c__Gammaproteobacteria; o__Burkholderiales; f__Comamonadaceae,row_11,5,,d__Bacteria; p__Proteobacteria; c__Gammaproteobacteria; o__Burkholderiales; f__Comamonadaceae,,d__Bacteria; p__Proteobacteria; c__Gammaproteobacteria; o__Burkholderiales; f__Comamonadaceae,row_11,5,-19.840354545677158,29.840354545677158
d__Bacteria; p__Actinobacteriota; c__Actinobacteria; o__Frankiales; f__Sporichthyaceae; g__hgcI clade; s__uncultured bacterium,row_12,6,,d__Bacteria; p__Actinobacteriota; c__Actinobacteria; o__Frankiales; f__Sporichthyaceae; g__hgcI clade; s__uncultured bacterium,,d__Bacteria; p__Actinobacteriota; c__Actinobacteria; o__Frankiales; f__Sporichthyaceae; g__hgcI clade; s__uncultured bacterium,row_12,6,-18.840354545677158,30.840354545677158
d__Bacteria; p__Proteobacteria; c__Alphaproteobacteria; o__Rhodobacterales; f__Rhodobacteraceae; g__Rhodobacter; s__uncultured bacterium,row_1,1,,d__Bacteria; p__Proteobacteria; c__Alphaproteobacteria; o__Rhodobacterales; f__Rhodobacteraceae; g__Rhodobacter; s__uncultured bacterium,,d__Bacteria; p__Proteobacteria; c__Alphaproteobacteria; o__Rhodobacterales; f__Rhodobacteraceae; g__Rhodobacter; s__uncultured bacterium,row_1,1,-23.840354545677158,25.840354545677158
d__Bacteria; p__Myxococcota; c__Polyangia; o__mle1-27; f__norank; g__norank,row_2,1,,d__Bacteria; p__Myxococcota; c__Polyangia; o__mle1-27; f__norank; g__norank,,d__Bacteria; p__Myxococcota; c__Polyangia; o__mle1-27; f__norank; g__norank,row_2,1,-23.840354545677158,25.840354545677158
d__Bacteria; p__Actinobacteriota; c__Actinobacteria; o__Corynebacteriales; f__Mycobacteriaceae; g__Mycobacterium,row_3,11,,d__Bacteria; p__Actinobacteriota; c__Actinobacteria; o__Corynebacteriales; f__Mycobacteriaceae; g__Mycobacterium,,d__Bacteria; p__Actinobacteriota; c__Actinobacteria; o__Corynebacteriales; f__Mycobacteriaceae; g__Mycobacterium,row_3,11,-13.840354545677158,35.84035454567716
d__Bacteria; p__Verrucomicrobiota; c__Verrucomicrobiae; o__Verrucomicrobiales; f__Rubritaleaceae; g__Luteolibacter; s__uncultured bacterium,row_4,10,,d__Bacteria; p__Verrucomicrobiota; c__Verrucomicrobiae; o__Verrucomicrobiales; f__Rubritaleaceae; g__Luteolibacter; s__uncultured bacterium,,d__Bacteria; p__Verrucomicrobiota; c__Verrucomicrobiae; o__Verrucomicrobiales; f__Rubritaleaceae; g__Luteolibacter; s__uncultured bacterium,row_4,10,-14.840354545677158,34.84035454567716
d__Bacteria; p__Proteobacteria; c__Gammaproteobacteria; o__Burkholderiales; f__Comamonadaceae; g__uncultured; s__uncultured bacterium,row_5,10,,d__Bacteria; p__Proteobacteria; c__Gammaproteobacteria; o__Burkholderiales; f__Comamonadaceae; g__uncultured; s__uncultured bacterium,,d__Bacteria; p__Proteobacteria; c__Gammaproteobacteria; o__Burkholderiales; f__Comamonadaceae; g__uncultured; s__uncultured bacterium,row_5,10,-14.840354545677158,34.84035454567716
d__Bacteria; p__Proteobacteria; c__Gammaproteobacteria; o__Burkholderiales; f__Comamonadaceae,row_6,14,,d__Bacteria; p__Proteobacteria; c__Gammaproteobacteria; o__Burkholderiales; f__Comamonadaceae,,d__Bacteria; p__Proteobacteria; c__Gammaproteobacteria; o__Burkholderiales; f__Comamonadaceae,row_6,14,-10.840354545677158,38.84035454567716
d__Bacteria; p__Proteobacteria; c__Gammaproteobacteria; o__Methylococcales; f__Methylococcaceae,row_7,6,,d__Bacteria; p__Proteobacteria; c__Gammaproteobacteria; o__Methylococcales; f__Methylococcaceae,,d__Bacteria; p__Proteobacteria; c__Gammaproteobacteria; o__Methylococcales; f__Methylococcaceae,row_7,6,-18.840354545677158,30.840354545677158
d__Bacteria; p__Bacteroidota; c__Bacteroidia; o__Chitinophagales; f__Saprospiraceae; g__uncultured,row_8,5,,d__Bacteria; p__Bacteroidota; c__Bacteroidia; o__Chitinophagales; f__Saprospiraceae; g__uncultured,,d__Bacteria; p__Bacteroidota; c__Bacteroidia; o__Chitinophagales; f__Saprospiraceae; g__uncultured,row_8,5,-19.840354545677158,29.840354545677158
d__Bacteria; p__Proteobacteria; c__Alphaproteobacteria; o__Caulobacterales; f__Caulobacteraceae; g__Asticcacaulis; s__Asticcacaulis excentricus CB 48,row_9,6,,d__Bacteria; p__Proteobacteria; c__Alphaproteobacteria; o__Caulobacterales; f__Caulobacteraceae; g__Asticcacaulis; s__Asticcacaulis excentricus CB 48,,d__Bacteria; p__Proteobacteria; c__Alphaproteobacteria; o__Caulobacterales; f__Caulobacteraceae; g__Asticcacaulis; s__Asticcacaulis excentricus CB 48,row_9,6,-18.840354545677158,30.840354545677158
d__Bacteria; p__Bacteroidota; c__Bacteroidia; o__Sphingobacteriales; f__env.OPS 17; g__norank; s__uncultured bacterium,row_10,0,,d__Bacteria; p__Bacteroidota; c__Bacteroidia; o__Sphingobacteriales; f__env.OPS 17; g__norank; s__uncultured bacterium,,d__Bacteria; p__Bacteroidota; c__Bacteroidia; o__Sphingobacteriales; f__env.OPS 17; g__norank; s__uncultured bacterium,row_10,0,-24.840354545677158,24.840354545677158
d__Bacteria; p__Proteobacteria; c__Gammaproteobacteria; o__Gammaproteobacteria Incertae Sedis; f__Unknown Family; g__Candidatus Berkiella; s__uncultured bacterium,row_11,0,,d__Bacteria; p__Proteobacteria; c__Gammaproteobacteria; o__Gammaproteobacteria Incertae Sedis; f__Unknown Family; g__Candidatus Berkiella; s__uncultured bacterium,,d__Bacteria; p__Proteobacteria; c__Gammaproteobacteria; o__Gammaproteobacteria Incertae Sedis; f__Unknown Family; g__Candidatus Berkiella; s__uncultured bacterium,row_11,0,-24.840354545677158,24.840354545677158
d__Bacteria; p__Proteobacteria; c__Alphaproteobacteria; o__Rhizobiales; f__Rhizobiaceae; g__Mesorhizobium,row_12,1,,d__Bacteria; p__Proteobacteria; c__Alphaproteobacteria; o__Rhizobiales; f__Rhizobiaceae; g__Mesorhizobium,,d__Bacteria; p__Proteobacteria; c__Alphaproteobacteria; o__Rhizobiales; f__Rhizobiaceae; g__Mesorhizobium,row_12,1,-23.840354545677158,25.840354545677158
d__Bacteria; p__Proteobacteria; c__Alphaproteobacteria; o__Caulobacterales; f__Caulobacteraceae; g__Brevundimonas,row_1,5,,d__Bacteria; p__Proteobacteria; c__Alphaproteobacteria; o__Caulobacterales; f__Caulobacteraceae; g__Brevundimonas,,d__Bacteria; p__Proteobacteria; c__Alphaproteobacteria; o__Caulobacterales; f__Caulobacteraceae; g__Brevundimonas,row_1,5,-19.840354545677158,29.840354545677158
d__Bacteria; p__Actinobacteriota; c__Actinobacteria; o__Frankiales; f__Sporichthyaceae; g__hgcI clade; s__uncultured actinobacterium,row_2,15,,d__Bacteria; p__Actinobacteriota; c__Actinobacteria; o__Frankiales; f__Sporichthyaceae; g__hgcI clade; s__uncultured actinobacterium,,d__Bacteria; p__Actinobacteriota; c__Actinobacteria; o__Frankiales; f__Sporichthyaceae; g__hgcI clade; s__uncultured actinobacterium,row_2,15,-9.840354545677158,39.84035454567716
d__Bacteria; p__Verrucomicrobiota; c__Verrucomicrobiae; o__Verrucomicrobiales; f__Verrucomicrobiaceae; g__Brevifollis; s__uncultured bacterium,row_3,1,,d__Bacteria; p__Verrucomicrobiota; c__Verrucomicrobiae; o__Verrucomicrobiales; f__Verrucomicrobiaceae; g__Brevifollis; s__uncultured bacterium,,d__Bacteria; p__Verrucomicrobiota; c__Verrucomicrobiae; o__Verrucomicrobiales; f__Verrucomicrobiaceae; g__Brevifollis; s__uncultured bacterium,row_3,1,-23.840354545677158,25.840354545677158
d__Bacteria; p__Verrucomicrobiota; c__Verrucomicrobiae; o__Methylacidiphilales; f__Methylacidiphilaceae; g__uncultured; s__uncultured bacterium,row_4,2,,d__Bacteria; p__Verrucomicrobiota; c__Verrucomicrobiae; o__Methylacidiphilales; f__Methylacidiphilaceae; g__uncultured; s__uncultured bacterium,,d__Bacteria; p__Verrucomicrobiota; c__Verrucomicrobiae; o__Methylacidiphilales; f__Methylacidiphilaceae; g__uncultured; s__uncultured bacterium,row_4,2,-22.840354545677158,26.840354545677158
d__Bacteria; p__Proteobacteria; c__Alphaproteobacteria; o__Rhizobiales; f__Rhizobiales Incertae Sedis; g__uncultured; s__uncultured bacterium,row_5,10,,d__Bacteria; p__Proteobacteria; c__Alphaproteobacteria; o__Rhizobiales; f__Rhizobiales Incertae Sedis; g__uncultured; s__uncultured bacterium,,d__Bacteria; p__Proteobacteria; c__Alphaproteobacteria; o__Rhizobiales; f__Rhizobiales Incertae Sedis; g__uncultured; s__uncultured bacterium,row_5,10,-14.840354545677158,34.84035454567716
d__Bacteria; p__Proteobacteria; c__Gammaproteobacteria; o__Steroidobacterales; f__Steroidobacteraceae; g__uncultured; s__metagenome,row_6,9,,d__Bacteria; p__Proteobacteria; c__Gammaproteobacteria; o__Steroidobacterales; f__Steroidobacteraceae; g__uncultured; s__metagenome,,d__Bacteria; p__Proteobacteria; c__Gammaproteobacteria; o__Steroidobacterales; f__Steroidobacteraceae; g__uncultured; s__metagenome,row_6,9,-15.840354545677158,33.84035454567716
d__Bacteria; p__Cyanobacteria; c__Cyanobacteriia; o__Chloroplast; f__norank; g__norank; s__uncultured bacterium,row_7,10,,d__Bacteria; p__Cyanobacteria; c__Cyanobacteriia; o__Chloroplast; f__norank; g__norank; s__uncultured bacterium,,d__Bacteria; p__Cyanobacteria; c__Cyanobacteriia; o__Chloroplast; f__norank; g__norank; s__uncultured bacterium,row_7,10,-14.840354545677158,34.84035454567716
d__Bacteria; p__Proteobacteria; c__Gammaproteobacteria; o__Burkholderiales; f__SC-I-84; g__norank; s__uncultured prokaryote,row_8,2,,d__Bacteria; p__Proteobacteria; c__Gammaproteobacteria; o__Burkholderiales; f__SC-I-84; g__norank; s__uncultured prokaryote,,d__Bacteria; p__Proteobacteria; c__Gammaproteobacteria; o__Burkholderiales; f__SC-I-84; g__norank; s__uncultured prokaryote,row_8,2,-22.840354545677158,26.840354545677158
d__Bacteria; p__Proteobacteria; c__Gammaproteobacteria; o__Burkholderiales,row_9,4,,d__Bacteria; p__Proteobacteria; c__Gammaproteobacteria; o__Burkholderiales,,d__Bacteria; p__Proteobacteria; c__Gammaproteobacteria; o__Burkholderiales,row_9,4,-20.840354545677158,28.840354545677158
d__Bacteria; p__Actinobacteriota; c__Actinobacteria; o__Pseudonocardiales; f__Pseudonocardiaceae; g__Pseudonocardia,row_10,0,,d__Bacteria; p__Actinobacteriota; c__Actinobacteria; o__Pseudonocardiales; f__Pseudonocardiaceae; g__Pseudonocardia,,d__Bacteria; p__Actinobacteriota; c__Actinobacteria; o__Pseudonocardiales; f__Pseudonocardiaceae; g__Pseudonocardia,row_10,0,-24.840354545677158,24.840354545677158
d__Bacteria; p__Chloroflexi; c__Anaerolineae; o__SBR1031; f__A4b; g__norank; s__uncultured bacterium,row_11,7,,d__Bacteria; p__Chloroflexi; c__Anaerolineae; o__SBR1031; f__A4b; g__norank; s__uncultured bacterium,,d__Bacteria; p__Chloroflexi; c__Anaerolineae; o__SBR1031; f__A4b; g__norank; s__uncultured bacterium,row_11,7,-17.840354545677158,31.840354545677158
d__Bacteria; p__Proteobacteria; c__Alphaproteobacteria; o__Rickettsiales,row_12,1,,d__Bacteria; p__Proteobacteria; c__Alphaproteobacteria; o__Rickettsiales,,d__Bacteria; p__Proteobacteria; c__Alphaproteobacteria; o__Rickettsiales,row_12,1,-23.840354545677158,25.840354545677158
d__Bacteria; p__Proteobacteria; c__Gammaproteobacteria; o__Burkholderiales; f__Chromobacteriaceae; g__Vogesella; s__Vogesella fluminis,row_1,0,,d__Bacteria; p__Proteobacteria; c__Gammaproteobacteria; o__Burkholderiales; f__Chromobacteriaceae; g__Vogesella; s__Vogesella fluminis,,d__Bacteria; p__Proteobacteria; c__Gammaproteobacteria; o__Burkholderiales; f__Chromobacteriaceae; g__Vogesella; s__Vogesella fluminis,row_1,0,-24.840354545677158,24.840354545677158
d__Bacteria; p__Myxococcota; c__Polyangia; o__mle1-27; f__norank; g__norank; s__uncultured bacterium,row_2,40,,d__Bacteria; p__Myxococcota; c__Polyangia; o__mle1-27; f__norank; g__norank; s__uncultured bacterium,,d__Bacteria; p__Myxococcota; c__Polyangia; o__mle1-27; f__norank; g__norank; s__uncultured bacterium,row_2,40,15.159645454322842,64.84035454567716
d__Bacteria; p__Proteobacteria; c__Alphaproteobacteria; o__Rhizobiales; f__Rhizobiaceae; g__Nitratireductor; s__uncultured bacterium,row_3,12,,d__Bacteria; p__Proteobacteria; c__Alphaproteobacteria; o__Rhizobiales; f__Rhizobiaceae; g__Nitratireductor; s__uncultured bacterium,,d__Bacteria; p__Proteobacteria; c__Alphaproteobacteria; o__Rhizobiales; f__Rhizobiaceae; g__Nitratireductor; s__uncultured bacterium,row_3,12,-12.840354545677158,36.84035454567716
d__Bacteria; p__Proteobacteria; c__Alphaproteobacteria; o__Caulobacterales; f__Caulobacteraceae; g__Brevundimonas,row_4,2,,d__Bacteria; p__Proteobacteria; c__Alphaproteobacteria; o__Caulobacterales; f__Caulobacteraceae; g__Brevundimonas,,d__Bacteria; p__Proteobacteria; c__Alphaproteobacteria; o__Caulobacterales; f__Caulobacteraceae; g__Brevundimonas,row_4,2,-22.840354545677158,26.840354545677158
d__Bacteria; p__Bacteroidota; c__Bacteroidia; o__Sphingobacteriales; f__AKYH767; g__norank; s__uncultured bacterium,row_5,8,,d__Bacteria; p__Bacteroidota; c__Bacteroidia; o__Sphingobacteriales; f__AKYH767; g__norank; s__uncultured bacterium,,d__Bacteria; p__Bacteroidota; c__Bacteroidia; o__Sphingobacteriales; f__AKYH767; g__norank; s__uncultured bacterium,row_5,8,-16.840354545677158,32.84035454567716
d__Bacteria; p__Chloroflexi; c__Anaerolineae; o__Caldilineales; f__Caldilineaceae; g__uncultured; s__uncultured bacterium,row_6,36,,d__Bacteria; p__Chloroflexi; c__Anaerolineae; o__Caldilineales; f__Caldilineaceae; g__uncultured; s__uncultured bacterium,,d__Bacteria; p__Chloroflexi; c__Anaerolineae; o__Caldilineales; f__Caldilineaceae; g__uncultured; s__uncultured bacterium,row_6,36,11.159645454322842,60.84035454567716
d__Bacteria; p__Proteobacteria; c__Gammaproteobacteria; o__Burkholderiales; f__Nitrosomonadaceae; g__Ellin6067,row_7,16,,d__Bacteria; p__Proteobacteria; c__Gammaproteobacteria; o__Burkholderiales; f__Nitrosomonadaceae; g__Ellin6067,,d__Bacteria; p__Proteobacteria; c__Gammaproteobacteria; o__Burkholderiales; f__Nitrosomonadaceae; g__Ellin6067,row_7,16,-8.840354545677158,40.84035454567716
d__Bacteria; p__Proteobacteria; c__Gammaproteobacteria; o__Burkholderiales; f__MWH-UniP1 aquatic group; g__norank; s__uncultured bacterium,row_8,9,,d__Bacteria; p__Proteobacteria; c__Gammaproteobacteria; o__Burkholderiales; f__MWH-UniP1 aquatic group; g__norank; s__uncultured bacterium,,d__Bacteria; p__Proteobacteria; c__Gammaproteobacteria; o__Burkholderiales; f__MWH-UniP1 aquatic group; g__norank; s__uncultured bacterium,row_8,9,-15.840354545677158,33.84035454567716
d__Bacteria; p__Bacteroidota; c__Bacteroidia; o__Sphingobacteriales; f__env.OPS 17; g__norank; s__uncultured bacterium,row_9,0,,d__Bacteria; p__Bacteroidota; c__Bacteroidia; o__Sphingobacteriales; f__env.OPS 17; g__norank; s__uncultured bacterium,,d__Bacteria; p__Bacteroidota; c__Bacteroidia; o__Sphingobacteriales; f__env.OPS 17; g__norank; s__uncultured bacterium,row_9,0,-24.840354545677158,24.840354545677158
d__Bacteria; p__Proteobacteria; c__Alphaproteobacteria; o__Rhizobiales; f__Rhizobiales Incertae Sedis; g__Nordella; s__uncultured bacterium,row_10,5,,d__Bacteria; p__Proteobacteria; c__Alphaproteobacteria; o__Rhizobiales; f__Rhizobiales Incertae Sedis; g__Nordella; s__uncultured bacterium,,d__Bacteria; p__Proteobacteria; c__Alphaproteobacteria; o__Rhizobiales; f__Rhizobiales Incertae Sedis; g__Nordella; s__uncultured bacterium,row_10,5,-19.840354545677158,29.840354545677158
d__Bacteria; p__Proteobacteria; c__Gammaproteobacteria; o__Pseudomonadales; f__Pseudohongiellaceae; g__BIyi10,row_11,0,,d__Bacteria; p__Proteobacteria; c__Gammaproteobacteria; o__Pseudomonadales; f__Pseudohongiellaceae; g__BIyi10,,d__Bacteria; p__Proteobacteria; c__Gammaproteobacteria; o__Pseudomonadales; f__Pseudohongiellaceae; g__BIyi10,row_11,0,-24.840354545677158,24.840354545677158
d__Bacteria; p__Myxococcota; c__Myxococcia; o__Myxococcales; f__Myxococcaceae; g__P3OB-42,row_12,12,,d__Bacteria; p__Myxococcota; c__Myxococcia; o__Myxococcales; f__Myxococcaceae; g__P3OB-42,,d__Bacteria; p__Myxococcota; c__Myxococcia; o__Myxococcales; f__Myxococcaceae; g__P3OB-42,row_12,12,-12.840354545677158,36.84035454567716
d__Bacteria; p__Cyanobacteria; c__Cyanobacteriia; o__Chloroplast; f__norank; g__norank,row_1,11,,d__Bacteria; p__Cyanobacteria; c__Cyanobacteriia; o__Chloroplast; f__norank; g__norank,,d__Bacteria; p__Cyanobacteria; c__Cyanobacteriia; o__Chloroplast; f__norank; g__norank,row_1,11,-13.840354545677158,35.84035454567716
d__Bacteria; p__Proteobacteria; c__Alphaproteobacteria; o__Sphingomonadales; f__Sphingomonadaceae; g__Altererythrobacter,row_2,6,,d__Bacteria; p__Proteobacteria; c__Alphaproteobacteria; o__Sphingomonadales; f__Sphingomonadaceae; g__Altererythrobacter,,d__Bacteria; p__Proteobacteria; c__Alphaproteobacteria; o__Sphingomonadales; f__Sphingomonadaceae; g__Altererythrobacter,row_2,6,-18.840354545677158,30.840354545677158
d__Bacteria; p__Bacteroidota; c__Bacteroidia; o__Chitinophagales; f__Saprospiraceae,row_3,1,,d__Bacteria; p__Bacteroidota; c__Bacteroidia; o__Chitinophagales; f__Saprospiraceae,,d__Bacteria; p__Bacteroidota; c__Bacteroidia; o__Chitinophagales; f__Saprospiraceae,row_3,1,-23.840354545677158,25.840354545677158
d__Bacteria; p__SAR324 clade(Marine group B); c__norank; o__norank; f__norank; g__norank; s__uncultured bacterium,row_4,21,,d__Bacteria; p__SAR324 clade(Marine group B); c__norank; o__norank; f__norank; g__norank; s__uncultured bacterium,,d__Bacteria; p__SAR324 clade(Marine group B); c__norank; o__norank; f__norank; g__norank; s__uncultured bacterium,row_4,21,-3.840354545677158,45.84035454567716
d__Bacteria; p__Firmicutes; c__Clostridia; o__Clostridiales; f__Clostridiaceae; g__Sarcina; s__uncultured bacterium,row_5,9,,d__Bacteria; p__Firmicutes; c__Clostridia; o__Clostridiales; f__Clostridiaceae; g__Sarcina; s__uncultured bacterium,,d__Bacteria; p__Firmicutes; c__Clostridia; o__Clostridiales; f__Clostridiaceae; g__Sarcina; s__uncultured bacterium,row_5,9,-15.840354545677158,33.84035454567716
d__Bacteria; p__Proteobacteria; c__Gammaproteobacteria; o__Burkholderiales; f__Comamonadaceae; g__Comamonas,row_6,26,,d__Bacteria; p__Proteobacteria; c__Gammaproteobacteria; o__Burkholderiales; f__Comamonadaceae; g__Comamonas,,d__Bacteria; p__Proteobacteria; c__Gammaproteobacteria; o__Burkholderiales; f__Comamonadaceae; g__Comamonas,row_6,26,1.1596454543228418,50.84035454567716
d__Bacteria; p__Proteobacteria; c__Alphaproteobacteria; o__Rickettsiales; f__SM2D12; g__norank; s__metagenome,row_7,5,,d__Bacteria; p__Proteobacteria; c__Alphaproteobacteria; o__Rickettsiales; f__SM2D12; g__norank; s__metagenome,,d__Bacteria; p__Proteobacteria; c__Alphaproteobacteria; o__Rickettsiales; f__SM2D12; g__norank; s__metagenome,row_7,5,-19.840354545677158,29.840354545677158
d__Bacteria; p__Proteobacteria; c__Gammaproteobacteria; o__Burkholderiales; f__Comamonadaceae; g__Polaromonas; s__uncultured bacterium,row_8,3,,d__Bacteria; p__Proteobacteria; c__Gammaproteobacteria; o__Burkholderiales; f__Comamonadaceae; g__Polaromonas; s__uncultured bacterium,,d__Bacteria; p__Proteobacteria; c__Gammaproteobacteria; o__Burkholderiales; f__Comamonadaceae; g__Polaromonas; s__uncultured bacterium,row_8,3,-21.840354545677158,27.840354545677158
d__Bacteria; p__Myxococcota; c__Polyangia; o__VHS-B3-70; f__norank; g__norank; s__uncultured bacterium,row_9,5,,d__Bacteria; p__Myxococcota; c__Polyangia; o__VHS-B3-70; f__norank; g__norank; s__uncultured bacterium,,d__Bacteria; p__Myxococcota; c__Polyangia; o__VHS-B3-70; f__norank; g__norank; s__uncultured bacterium,row_9,5,-19.840354545677158,29.840354545677158
d__Bacteria; p__Proteobacteria; c__Alphaproteobacteria; o__Sphingomonadales; f__Sphingomonadaceae; g__Novosphingobium,row_10,44,,d__Bacteria; p__Proteobacteria; c__Alphaproteobacteria; o__Sphingomonadales; f__Sphingomonadaceae; g__Novosphingobium,,d__Bacteria; p__Proteobacteria; c__Alphaproteobacteria; o__Sphingomonadales; f__Sphingomonadaceae; g__Novosphingobium,row_10,44,19.159645454322842,68.84035454567716
d__Bacteria; p__Bacteroidota; c__Bacteroidia; o__Chitinophagales; f__37-13; g__norank; s__uncultured bacterium,row_11,4,,d__Bacteria; p__Bacteroidota; c__Bacteroidia; o__Chitinophagales; f__37-13; g__norank; s__uncultured bacterium,,d__Bacteria; p__Bacteroidota; c__Bacteroidia; o__Chitinophagales; f__37-13; g__norank; s__uncultured bacterium,row_11,4,-20.840354545677158,28.840354545677158
d__Bacteria; p__Verrucomicrobiota; c__Verrucomicrobiae; o__Chthoniobacterales; f__Chthoniobacteraceae; g__Chthoniobacter; s__uncultured bacterium,row_12,5,,d__Bacteria; p__Verrucomicrobiota; c__Verrucomicrobiae; o__Chthoniobacterales; f__Chthoniobacteraceae; g__Chthoniobacter; s__uncultured bacterium,,d__Bacteria; p__Verrucomicrobiota; c__Verrucomicrobiae; o__Chthoniobacterales; f__Chthoniobacteraceae; g__Chthoniobacter; s__uncultured bacterium,row_12,5,-19.840354545677158,29.840354545677158
d__Bacteria; p__Proteobacteria; c__Gammaproteobacteria; o__Burkholderiales; f__TRA3-20; g__norank; s__uncultured bacterium,row_1,28,,d__Bacteria; p__Proteobacteria; c__Gammaproteobacteria; o__Burkholderiales; f__TRA3-20; g__norank; s__uncultured bacterium,,d__Bacteria; p__Proteobacteria; c__Gammaproteobacteria; o__Burkholderiales; f__TRA3-20; g__norank; s__uncultured bacterium,row_1,28,3.159645454322842,52.84035454567716
d__Bacteria; p__Actinobacteriota; c__Actinobacteria; o__Micrococcales; f__Microbacteriaceae; g__Rhodoluna; s__uncultured bacterium,row_2,21,,d__Bacteria; p__Actinobacteriota; c__Actinobacteria; o__Micrococcales; f__Microbacteriaceae; g__Rhodoluna; s__uncultured bacterium,,d__Bacteria; p__Actinobacteriota; c__Actinobacteria; o__Micrococcales; f__Microbacteriaceae; g__Rhodoluna; s__uncultured bacterium,row_2,21,-3.840354545677158,45.84035454567716
d__Bacteria; p__Bacteroidota; c__Bacteroidia; o__Sphingobacteriales; f__ST-12K33; g__norank,row_3,2,,d__Bacteria; p__Bacteroidota; c__Bacteroidia; o__Sphingobacteriales; f__ST-12K33; g__norank,,d__Bacteria; p__Bacteroidota; c__Bacteroidia; o__Sphingobacteriales; f__ST-12K33; g__norank,row_3,2,-22.840354545677158,26.840354545677158
d__Bacteria; p__Bacteroidota; c__Bacteroidia; o__Sphingobacteriales; f__AKYH767; g__norank; s__uncultured bacterium,row_4,0,,d__Bacteria; p__Bacteroidota; c__Bacteroidia; o__Sphingobacteriales; f__AKYH767; g__norank; s__uncultured bacterium,,d__Bacteria; p__Bacteroidota; c__Bacteroidia; o__Sphingobacteriales; f__AKYH767; g__norank; s__uncultured bacterium,row_4,0,-24.840354545677158,24.840354545677158
d__Bacteria; p__Cyanobacteria; c__Cyanobacteriia; o__Chloroplast; f__norank; g__norank,row_5,1,,d__Bacteria; p__Cyanobacteria; c__Cyanobacteriia; o__Chloroplast; f__norank; g__norank,,d__Bacteria; p__Cyanobacteria; c__Cyanobacteriia; o__Chloroplast; f__norank; g__norank,row_5,1,-23.840354545677158,25.840354545677158
d__Bacteria; p__Proteobacteria; c__Alphaproteobacteria; o__Azospirillales; f__Azospirillaceae; g__Azospirillum,row_6,6,,d__Bacteria; p__Proteobacteria; c__Alphaproteobacteria; o__Azospirillales; f__Azospirillaceae; g__Azospirillum,,d__Bacteria; p__Proteobacteria; c__Alphaproteobacteria; o__Azospirillales; f__Azospirillaceae; g__Azospirillum,row_6,6,-18.840354545677158,30.840354545677158
d__Bacteria; p__Cyanobacteria; c__Cyanobacteriia; o__Cyanobacteriales; f__Nostocaceae; g__Dolichospermum NIES41,row_7,14,,d__Bacteria; p__Cyanobacteria; c__Cyanobacteriia; o__Cyanobacteriales; f__Nostocaceae; g__Dolichospermum NIES41,,d__Bacteria; p__Cyanobacteria; c__Cyanobacteriia; o__Cyanobacteriales; f__Nostocaceae; g__Dolichospermum NIES41,row_7,14,-10.840354545677158,38.84035454567716
d__Bacteria; p__Firmicutes; c__Bacilli; o__Exiguobacterales; f__Exiguobacteraceae; g__Exiguobacterium; s__Exiguobacterium undae,row_8,1,,d__Bacteria; p__Firmicutes; c__Bacilli; o__Exiguobacterales; f__Exiguobacteraceae; g__Exiguobacterium; s__Exiguobacterium undae,,d__Bacteria; p__Firmicutes; c__Bacilli; o__Exiguobacterales; f__Exiguobacteraceae; g__Exiguobacterium; s__Exiguobacterium undae,row_8,1,-23.840354545677158,25.840354545677158
d__Bacteria; p__Proteobacteria; c__Alphaproteobacteria; o__Sphingomonadales; f__Sphingomonadaceae; g__Sphingomonas,row_9,2,,d__Bacteria; p__Proteobacteria; c__Alphaproteobacteria; o__Sphingomonadales; f__Sphingomonadaceae; g__Sphingomonas,,d__Bacteria; p__Proteobacteria; c__Alphaproteobacteria; o__Sphingomonadales; f__Sphingomonadaceae; g__Sphingomonas,row_9,2,-22.840354545677158,26.840354545677158
d__Bacteria; p__Proteobacteria; c__Gammaproteobacteria; o__Methylococcales; f__Methylococcaceae; g__Methyloparacoccus,row_10,24,,d__Bacteria; p__Proteobacteria; c__Gammaproteobacteria; o__Methylococcales; f__Methylococcaceae; g__Methyloparacoccus,,d__Bacteria; p__Proteobacteria; c__Gammaproteobacteria; o__Methylococcales; f__Methylococcaceae; g__Methyloparacoccus,row_10,24,-0.8403545456771582,48.84035454567716
d__Bacteria; p__Proteobacteria; c__Alphaproteobacteria; o__Caulobacterales; f__Caulobacteraceae; g__Brevundimonas; s__uncultured bacterium,row_11,1,,d__Bacteria; p__Proteobacteria; c__Alphaproteobacteria; o__Caulobacterales; f__Caulobacteraceae; g__Brevundimonas; s__uncultured bacterium,,d__Bacteria; p__Proteobacteria; c__Alphaproteobacteria; o__Caulobacterales; f__Caulobacteraceae; g__Brevundimonas; s__uncultured bacterium,row_11,1,-23.840354545677158,25.840354545677158
d__Bacteria; p__Proteobacteria; c__Gammaproteobacteria; o__Steroidobacterales; f__Steroidobacteraceae; g__uncultured; s__metagenome,row_12,40,,d__Bacteria; p__Proteobacteria; c__Gammaproteobacteria; o__Steroidobacterales; f__Steroidobacteraceae; g__uncultured; s__metagenome,,d__Bacteria; p__Proteobacteria; c__Gammaproteobacteria; o__Steroidobacterales; f__Steroidobacteraceae; g__uncultured; s__metagenome,row_12,40,15.159645454322842,64.84035454567716
d__Bacteria; p__Cyanobacteria; c__Cyanobacteriia; o__Chloroplast; f__norank; g__norank; s__uncultured eukaryote,row_1,2,,d__Bacteria; p__Cyanobacteria; c__Cyanobacteriia; o__Chloroplast; f__norank; g__norank; s__uncultured eukaryote,,d__Bacteria; p__Cyanobacteria; c__Cyanobacteriia; o__Chloroplast; f__norank; g__norank; s__uncultured eukaryote,row_1,2,-22.840354545677158,26.840354545677158
d__Bacteria; p__Proteobacteria; c__Alphaproteobacteria; o__Caulobacterales; f__Hyphomonadaceae; g__SWB02; s__uncultured bacterium,row_2,13,,d__Bacteria; p__Proteobacteria; c__Alphaproteobacteria; o__Caulobacterales; f__Hyphomonadaceae; g__SWB02; s__uncultured bacterium,,d__Bacteria; p__Proteobacteria; c__Alphaproteobacteria; o__Caulobacterales; f__Hyphomonadaceae; g__SWB02; s__uncultured bacterium,row_2,13,-11.840354545677158,37.84035454567716
d__Bacteria; p__Chloroflexi; c__KD4-96; o__norank; f__norank; g__norank; s__uncultured bacterium,row_3,0,,d__Bacteria; p__Chloroflexi; c__KD4-96; o__norank; f__norank; g__norank; s__uncultured bacterium,,d__Bacteria; p__Chloroflexi; c__KD4-96; o__norank; f__norank; g__norank; s__uncultured bacterium,row_3,0,-24.840354545677158,24.840354545677158
d__Bacteria; p__Proteobacteria; c__Gammaproteobacteria; o__Burkholderiales; f__Sutterellaceae; g__uncultured,row_4,0,,d__Bacteria; p__Proteobacteria; c__Gammaproteobacteria; o__Burkholderiales; f__Sutterellaceae; g__uncultured,,d__Bacteria; p__Proteobacteria; c__Gammaproteobacteria; o__Burkholderiales; f__Sutterellaceae; g__uncultured,row_4,0,-24.840354545677158,24.840354545677158
d__Bacteria; p__Proteobacteria; c__Gammaproteobacteria; o__Burkholderiales; f__Burkholderiaceae; g__Lautropia; s__uncultured bacterium,row_5,20,,d__Bacteria; p__Proteobacteria; c__Gammaproteobacteria; o__Burkholderiales; f__Burkholderiaceae; g__Lautropia; s__uncultured bacterium,,d__Bacteria; p__Proteobacteria; c__Gammaproteobacteria; o__Burkholderiales; f__Burkholderiaceae; g__Lautropia; s__uncultured bacterium,row_5,20,-4.840354545677158,44.84035454567716
d__Bacteria; p__Chloroflexi; c__Chloroflexia; o__Thermomicrobiales; f__JG30-KF-CM45; g__norank; s__uncultured bacterium,row_6,1,,d__Bacteria; p__Chloroflexi; c__Chloroflexia; o__Thermomicrobiales; f__JG30-KF-CM45; g__norank; s__uncultured bacterium,,d__Bacteria; p__Chloroflexi; c__Chloroflexia; o__Thermomicrobiales; f__JG30-KF-CM45; g__norank; s__uncultured bacterium,row_6,1,-23.840354545677158,25.840354545677158
d__Bacteria; p__Proteobacteria; c__Gammaproteobacteria; o__Burkholderiales; f__Burkholderiaceae; g__Limnobacter; s__uncultured bacterium,row_7,10,,d__Bacteria; p__Proteobacteria; c__Gammaproteobacteria; o__Burkholderiales; f__Burkholderiaceae; g__Limnobacter; s__uncultured bacterium,,d__Bacteria; p__Proteobacteria; c__Gammaproteobacteria; o__Burkholderiales; f__Burkholderiaceae; g__Limnobacter; s__uncultured bacterium,row_7,10,-14.840354545677158,34.84035454567716
d__Bacteria; p__Actinobacteriota; c__Acidimicrobiia; o__Microtrichales; f__Ilumatobacteraceae; g__CL500-29 marine group; s__uncultured bacterium,row_8,6,,d__Bacteria; p__Actinobacteriota; c__Acidimicrobiia; o__Microtrichales; f__Ilumatobacteraceae; g__CL500-29 marine group; s__uncultured bacterium,,d__Bacteria; p__Actinobacteriota; c__Acidimicrobiia; o__Microtrichales; f__Ilumatobacteraceae; g__CL500-29 marine group; s__uncultured bacterium,row_8,6,-18.840354545677158,30.840354545677158
d__Bacteria; p__Bacteroidota; c__Bacteroidia; o__Chitinophagales; f__Chitinophagaceae; g__Terrimonas; s__uncultured bacterium,row_9,0,,d__Bacteria; p__Bacteroidota; c__Bacteroidia; o__Chitinophagales; f__Chitinophagaceae; g__Terrimonas; s__uncultured bacterium,,d__Bacteria; p__Bacteroidota; c__Bacteroidia; o__Chitinophagales; f__Chitinophagaceae; g__Terrimonas; s__uncultured bacterium,row_9,0,-24.840354545677158,24.840354545677158
d__Bacteria; p__Bacteroidota; c__Bacteroidia; o__Chitinophagales; f__Chitinophagaceae; g__Dinghuibacter; s__uncultured bacterium,row_10,10,,d__Bacteria; p__Bacteroidota; c__Bacteroidia; o__Chitinophagales; f__Chitinophagaceae; g__Dinghuibacter; s__uncultured bacterium,,d__Bacteria; p__Bacteroidota; c__Bacteroidia; o__Chitinophagales; f__Chitinophagaceae; g__Dinghuibacter; s__uncultured bacterium,row_10,10,-14.840354545677158,34.84035454567716
d__Bacteria; p__Actinobacteriota; c__Actinobacteria; o__PeM15; f__norank; g__norank; s__uncultured bacterium,row_11,3,,d__Bacteria; p__Actinobacteriota; c__Actinobacteria; o__PeM15; f__norank; g__norank; s__uncultured bacterium,,d__Bacteria; p__Actinobacteriota; c__Actinobacteria; o__PeM15; f__norank; g__norank; s__uncultured bacterium,row_11,3,-21.840354545677158,27.840354545677158
d__Bacteria; p__Proteobacteria; c__Alphaproteobacteria; o__Rhizobiales; f__Rhizobiales Incertae Sedis; g__Phreatobacter,row_12,6,,d__Bacteria; p__Proteobacteria; c__Alphaproteobacteria; o__Rhizobiales; f__Rhizobiales Incertae Sedis; g__Phreatobacter,,d__Bacteria; p__Proteobacteria; c__Alphaproteobacteria; o__Rhizobiales; f__Rhizobiales Incertae Sedis; g__Phreatobacter,row_12,6,-18.840354545677158,30.840354545677158
d__Bacteria; p__Verrucomicrobiota; c__Verrucomicrobiae; o__Chthoniobacterales; f__Chthoniobacteraceae; g__Chthoniobacter; s__uncultured bacterium,row_1,4,,d__Bacteria; p__Verrucomicrobiota; c__Verrucomicrobiae; o__Chthoniobacterales; f__Chthoniobacteraceae; g__Chthoniobacter; s__uncultured bacterium,,d__Bacteria; p__Verrucomicrobiota; c__Verrucomicrobiae; o__Chthoniobacterales; f__Chthoniobacteraceae; g__Chthoniobacter; s__uncultured bacterium,row_1,4,-20.840354545677158,28.840354545677158
d__Bacteria; p__SAR324 clade(Marine group B); c__norank; o__norank; f__norank; g__norank; s__uncultured bacterium,row_2,6,,d__Bacteria; p__SAR324 clade(Marine group B); c__norank; o__norank; f__norank; g__norank; s__uncultured bacterium,,d__Bacteria; p__SAR324 clade(Marine group B); c__norank; o__norank; f__norank; g__norank; s__uncultured bacterium,row_2,6,-18.840354545677158,30.840354545677158
d__Bacteria; p__Actinobacteriota; c__Actinobacteria; o__Frankiales; f__Sporichthyaceae; g__hgcI clade; s__uncultured bacterium,row_3,10,,d__Bacteria; p__Actinobacteriota; c__Actinobacteria; o__Frankiales; f__Sporichthyaceae; g__hgcI clade; s__uncultured bacterium,,d__Bacteria; p__Actinobacteriota; c__Actinobacteria; o__Frankiales; f__Sporichthyaceae; g__hgcI clade; s__uncultured bacterium,row_3,10,-14.840354545677158,34.84035454567716
d__Bacteria; p__Actinobacteriota; c__Actinobacteria; o__Frankiales; f__Sporichthyaceae; g__hgcI clade; s__uncultured bacterium,row_4,2,,d__Bacteria; p__Actinobacteriota; c__Actinobacteria; o__Frankiales; f__Sporichthyaceae; g__hgcI clade; s__uncultured bacterium,,d__Bacteria; p__Actinobacteriota; c__Actinobacteria; o__Frankiales; f__Sporichthyaceae; g__hgcI clade; s__uncultured bacterium,row_4,2,-22.840354545677158,26.840354545677158
d__Bacteria; p__Proteobacteria; c__Alphaproteobacteria; o__Caulobacterales; f__Caulobacteraceae; g__Brevundimonas,row_5,10,,d__Bacteria; p__Proteobacteria; c__Alphaproteobacteria; o__Caulobacterales; f__Caulobacteraceae; g__Brevundimonas,,d__Bacteria; p__Proteobacteria; c__Alphaproteobacteria; o__Caulobacterales; f__Caulobacteraceae; g__Brevundimonas,row_5,10,-14.840354545677158,34.84035454567716
d__Bacteria; p__Proteobacteria; c__Alphaproteobacteria; o__Reyranellales; f__Reyranellaceae; g__uncultured; s__uncultured bacterium,row_6,0,,d__Bacteria; p__Proteobacteria; c__Alphaproteobacteria; o__Reyranellales; f__Reyranellaceae; g__uncultured; s__uncultured bacterium,,d__Bacteria; p__Proteobacteria; c__Alphaproteobacteria; o__Reyranellales; f__Reyranellaceae; g__uncultured; s__uncultured bacterium,row_6,0,-24.840354545677158,24.840354545677158
d__Bacteria; p__Proteobacteria; c__Gammaproteobacteria; o__Burkholderiales; f__Comamonadaceae; g__Aquabacterium; s__uncultured bacterium,row_7,1,,d__Bacteria; p__Proteobacteria; c__Gammaproteobacteria; o__Burkholderiales; f__Comamonadaceae; g__Aquabacterium; s__uncultured bacterium,,d__Bacteria; p__Proteobacteria; c__Gammaproteobacteria; o__Burkholderiales; f__Comamonadaceae; g__Aquabacterium; s__uncultured bacterium,row_7,1,-23.840354545677158,25.840354545677158
d__Bacteria; p__Proteobacteria; c__Gammaproteobacteria; o__Steroidobacterales; f__Steroidobacteraceae; g__uncultured; s__uncultured bacterium,row_8,2,,d__Bacteria; p__Proteobacteria; c__Gammaproteobacteria; o__Steroidobacterales; f__Steroidobacteraceae; g__uncultured; s__uncultured bacterium,,d__Bacteria; p__Proteobacteria; c__Gammaproteobacteria; o__Steroidobacterales; f__Steroidobacteraceae; g__uncultured; s__uncultured bacterium,row_8,2,-22.840354545677158,26.840354545677158
d__Bacteria; p__Bacteroidota; c__Bacteroidia; o__Chitinophagales; f__Saprospiraceae; g__Candidatus Aquirestis; s__uncultured bacterium,row_9,5,,d__Bacteria; p__Bacteroidota; c__Bacteroidia; o__Chitinophagales; f__Saprospiraceae; g__Candidatus Aquirestis; s__uncultured bacterium,,d__Bacteria; p__Bacteroidota; c__Bacteroidia; o__Chitinophagales; f__Saprospiraceae; g__Candidatus Aquirestis; s__uncultured bacterium,row_9,5,-19.840354545677158,29.840354545677158
d__Bacteria; p__Cyanobacteria; c__Cyanobacteriia; o__Cyanobacteriales; f__Nostocaceae; g__Nodularia PCC-9350,row_10,5,,d__Bacteria; p__Cyanobacteria; c__Cyanobacteriia; o__Cyanobacteriales; f__Nostocaceae; g__Nodularia PCC-9350,,d__Bacteria; p__Cyanobacteria; c__Cyanobacteriia; o__Cyanobacteriales; f__Nostocaceae; g__Nodularia PCC-9350,row_10,5,-19.840354545677158,29.840354545677158
d__Bacteria; p__Proteobacteria; c__Gammaproteobacteria; o__Legionellales; f__Legionellaceae; g__Legionella,row_11,8,,d__Bacteria; p__Proteobacteria; c__Gammaproteobacteria; o__Legionellales; f__Legionellaceae; g__Legionella,,d__Bacteria; p__Proteobacteria; c__Gammaproteobacteria; o__Legionellales; f__Legionellaceae; g__Legionella,row_11,8,-16.840354545677158,32.84035454567716
d__Bacteria; p__Proteobacteria; c__Alphaproteobacteria; o__Sphingomonadales; f__Sphingomonadaceae; g__uncultured; s__metagenome,row_12,25,,d__Bacteria; p__Proteobacteria; c__Alphaproteobacteria; o__Sphingomonadales; f__Sphingomonadaceae; g__uncultured; s__metagenome,,d__Bacteria; p__Proteobacteria; c__Alphaproteobacteria; o__Sphingomonadales; f__Sphingomonadaceae; g__uncultured; s__metagenome,row_12,25,0.15964545432284183,49.84035454567716
d__Bacteria; p__Proteobacteria; c__Alphaproteobacteria; o__Rickettsiales,row_1,100,,d__Bacteria; p__Proteobacteria; c__Alphaproteobacteria; o__Rickettsiales,,d__Bacteria; p__Proteobacteria; c__Alphaproteobacteria; o__Rickettsiales,row_1,100,75.15964545432284,124.84035454567716
d__Bacteria; p__Proteobacteria; c__Gammaproteobacteria; o__Burkholderiales; f__Sutterellaceae; g__uncultured; s__uncultured bacterium,row_2,1,,d__Bacteria; p__Proteobacteria; c__Gammaproteobacteria; o__Burkholderiales; f__Sutterellaceae; g__uncultured; s__uncultured bacterium,,d__Bacteria; p__Proteobacteria; c__Gammaproteobacteria; o__Burkholderiales; f__Sutterellaceae; g__uncultured; s__uncultured bacterium,row_2,1,-23.840354545677158,25.840354545677158
d__Bacteria; p__Proteobacteria; c__Gammaproteobacteria; o__Burkholderiales; f__Nitrosomonadaceae; g__Ellin6067; s__uncultured bacterium,row_3,31,,d__Bacteria; p__Proteobacteria; c__Gammaproteobacteria; o__Burkholderiales; f__Nitrosomonadaceae; g__Ellin6067; s__uncultured bacterium,,d__Bacteria; p__Proteobacteria; c__Gammaproteobacteria; o__Burkholderiales; f__Nitrosomonadaceae; g__Ellin6067; s__uncultured bacterium,row_3,31,6.159645454322842,55.84035454567716
d__Bacteria; p__Bacteroidota; c__Bacteroidia; o__Chitinophagales; f__uncultured; g__norank; s__metagenome,row_4,38,,d__Bacteria; p__Bacteroidota; c__Bacteroidia; o__Chitinophagales; f__uncultured; g__norank; s__metagenome,,d__Bacteria; p__Bacteroidota; c__Bacteroidia; o__Chitinophagales; f__uncultured; g__norank; s__metagenome,row_4,38,13.159645454322842,62.84035454567716
d__Bacteria; p__Actinobacteriota; c__Actinobacteria; o__Micrococcales; f__Micrococcaceae; g__Kocuria,row_5,0,,d__Bacteria; p__Actinobacteriota; c__Actinobacteria; o__Micrococcales; f__Micrococcaceae; g__Kocuria,,d__Bacteria; p__Actinobacteriota; c__Actinobacteria; o__Micrococcales; f__Micrococcaceae; g__Kocuria,row_5,0,-24.840354545677158,24.840354545677158
d__Bacteria; p__Proteobacteria; c__Gammaproteobacteria; o__Burkholderiales; f__Comamonadaceae,row_6,0,,d__Bacteria; p__Proteobacteria; c__Gammaproteobacteria; o__Burkholderiales; f__Comamonadaceae,,d__Bacteria; p__Proteobacteria; c__Gammaproteobacteria; o__Burkholderiales; f__Comamonadaceae,row_6,0,-24.840354545677158,24.840354545677158
d__Bacteria; p__Bacteroidota; c__Bacteroidia; o__Chitinophagales; f__Chitinophagaceae; g__uncultured; s__uncultured bacterium,row_7,19,,d__Bacteria; p__Bacteroidota; c__Bacteroidia; o__Chitinophagales; f__Chitinophagaceae; g__uncultured; s__uncultured bacterium,,d__Bacteria; p__Bacteroidota; c__Bacteroidia; o__Chitinophagales; f__Chitinophagaceae; g__uncultured; s__uncultured bacterium,row_7,19,-5.840354545677158,43.84035454567716
d__Bacteria; p__Bacteroidota; c__Bacteroidia; o__Flavobacteriales; f__NS9 marine group; g__norank; s__uncultured bacterium,row_8,4,,d__Bacteria; p__Bacteroidota; c__Bacteroidia; o__Flavobacteriales; f__NS9 marine group; g__norank; s__uncultured bacterium,,d__Bacteria; p__Bacteroidota; c__Bacteroidia; o__Flavobacteriales; f__NS9 marine group; g__norank; s__uncultured bacterium,row_8,4,-20.840354545677158,28.840354545677158
d__Bacteria; p__Myxococcota; c__Polyangia; o__mle1-27; f__norank; g__norank,row_9,15,,d__Bacteria; p__Myxococcota; c__Polyangia; o__mle1-27; f__norank; g__norank,,d__Bacteria; p__Myxococcota; c__Polyangia; o__mle1-27; f__norank; g__norank,row_9,15,-9.840354545677158,39.84035454567716
d__Bacteria; p__Verrucomicrobiota; c__Verrucomicrobiae; o__Verrucomicrobiales; f__Rubritaleaceae; g__Luteolibacter; s__uncultured bacterium,row_10,0,,d__Bacteria; p__Verrucomicrobiota; c__Verrucomicrobiae; o__Verrucomicrobiales; f__Rubritaleaceae; g__Luteolibacter; s__uncultured bacterium,,d__Bacteria; p__Verrucomicrobiota; c__Verrucomicrobiae; o__Verrucomicrobiales; f__Rubritaleaceae; g__Luteolibacter; s__uncultured bacterium,row_10,0,-24.840354545677158,24.840354545677158
d__Bacteria; p__Bdellovibrionota; c__Oligoflexia; o__Oligoflexales; f__Oligoflexaceae; g__uncultured,row_11,9,,d__Bacteria; p__Bdellovibrionota; c__Oligoflexia; o__Oligoflexales; f__Oligoflexaceae; g__uncultured,,d__Bacteria; p__Bdellovibrionota; c__Oligoflexia; o__Oligoflexales; f__Oligoflexaceae; g__uncultured,row_11,9,-15.840354545677158,33.84035454567716
d__Bacteria; p__Armatimonadota; c__Armatimonadia; o__Armatimonadales; f__Armatimonadaceae; g__Armatimonas; s__uncultured bacterium,row_12,16,,d__Bacteria; p__Armatimonadota; c__Armatimonadia; o__Armatimonadales; f__Armatimonadaceae; g__Armatimonas; s__uncultured bacterium,,d__Bacteria; p__Armatimonadota; c__Armatimonadia; o__Armatimonadales; f__Armatimonadaceae; g__Armatimonas; s__uncultured bacterium,row_12,16,-8.840354545677158,40.84035454567716
d__Bacteria; p__Proteobacteria; c__Alphaproteobacteria; o__Reyranellales; f__Reyranellaceae; g__Reyranella,row_1,34,,d__Bacteria; p__Proteobacteria; c__Alphaproteobacteria; o__Reyranellales; f__Reyranellaceae; g__Reyranella,,d__Bacteria; p__Proteobacteria; c__Alphaproteobacteria; o__Reyranellales; f__Reyranellaceae; g__Reyranella,row_1,34,9.159645454322842,58.84035454567716
d__Bacteria; p__Proteobacteria; c__Gammaproteobacteria; o__Legionellales; f__Legionellaceae; g__Legionella; s__uncultured bacterium,row_2,10,,d__Bacteria; p__Proteobacteria; c__Gammaproteobacteria; o__Legionellales; f__Legionellaceae; g__Legionella; s__uncultured bacterium,,d__Bacteria; p__Proteobacteria; c__Gammaproteobacteria; o__Legionellales; f__Legionellaceae; g__Legionella; s__uncultured bacterium,row_2,10,-14.840354545677158,34.84035454567716
d__Bacteria; p__Proteobacteria; c__Gammaproteobacteria; o__Steroidobacterales; f__Steroidobacteraceae; g__uncultured; s__uncultured bacterium,row_3,1,,d__Bacteria; p__Proteobacteria; c__Gammaproteobacteria; o__Steroidobacterales; f__Steroidobacteraceae; g__uncultured; s__uncultured bacterium,,d__Bacteria; p__Proteobacteria; c__Gammaproteobacteria; o__Steroidobacterales; f__Steroidobacteraceae; g__uncultured; s__uncultured bacterium,row_3,1,-23.840354545677158,25.840354545677158
d__Bacteria; p__Proteobacteria; c__Gammaproteobacteria; o__Burkholderiales; f__Oxalobacteraceae; g__Massilia,row_4,30,,d__Bacteria; p__Proteobacteria; c__Gammaproteobacteria; o__Burkholderiales; f__Oxalobacteraceae; g__Massilia,,d__Bacteria; p__Proteobacteria; c__Gammaproteobacteria; o__Burkholderiales; f__Oxalobacteraceae; g__Massilia,row_4,30,5.159645454322842,54.84035454567716
d__Bacteria; p__Bacteroidota; c__Kapabacteria; o__Kapabacteriales; f__norank; g__norank; s__uncultured bacterium,row_5,14,,d__Bacteria; p__Bacteroidota; c__Kapabacteria; o__Kapabacteriales; f__norank; g__norank; s__uncultured bacterium,,d__Bacteria; p__Bacteroidota; c__Kapabacteria; o__Kapabacteriales; f__norank; g__norank; s__uncultured bacterium,row_5,14,-10.840354545677158,38.84035454567716
d__Bacteria; p__Proteobacteria; c__Gammaproteobacteria; o__Steroidobacterales; f__Steroidobacteraceae; g__uncultured,row_6,0,,d__Bacteria; p__Proteobacteria; c__Gammaproteobacteria; o__Steroidobacterales; f__Steroidobacteraceae; g__uncultured,,d__Bacteria; p__Proteobacteria; c__Gammaproteobacteria; o__Steroidobacterales; f__Steroidobacteraceae; g__uncultured,row_6,0,-24.840354545677158,24.840354545677158
d__Bacteria; p__Proteobacteria; c__Gammaproteobacteria; o__Burkholderiales; f__Comamonadaceae; g__Ideonella; s__uncultured bacterium,row_7,0,,d__Bacteria; p__Proteobacteria; c__Gammaproteobacteria; o__Burkholderiales; f__Comamonadaceae; g__Ideonella; s__uncultured bacterium,,d__Bacteria; p__Proteobacteria; c__Gammaproteobacteria; o__Burkholderiales; f__Comamonadaceae; g__Ideonella; s__uncultured bacterium,row_7,0,-24.840354545677158,24.840354545677158
d__Bacteria; p__Chloroflexi; c__Chloroflexia; o__Chloroflexales; f__Roseiflexaceae; g__uncultured; s__uncultured bacterium,row_8,15,,d__Bacteria; p__Chloroflexi; c__Chloroflexia; o__Chloroflexales; f__Roseiflexaceae; g__uncultured; s__uncultured bacterium,,d__Bacteria; p__Chloroflexi; c__Chloroflexia; o__Chloroflexales; f__Roseiflexaceae; g__uncultured; s__uncultured bacterium,row_8,15,-9.840354545677158,39.84035454567716
d__Bacteria; p__Chloroflexi; c__Chloroflexia; o__Chloroflexales; f__Roseiflexaceae; g__uncultured; s__uncultured bacterium,row_9,14,,d__Bacteria; p__Chloroflexi; c__Chloroflexia; o__Chloroflexales; f__Roseiflexaceae; g__uncultured; s__uncultured bacterium,,d__Bacteria; p__Chloroflexi; c__Chloroflexia; o__Chloroflexales; f__Roseiflexaceae; g__uncultured; s__uncultured bacterium,row_9,14,-10.840354545677158,38.84035454567716
d__Bacteria; p__Bacteroidota; c__Bacteroidia; o__Sphingobacteriales; f__env.OPS 17; g__norank; s__metagenome,row_10,8,,d__Bacteria; p__Bacteroidota; c__Bacteroidia; o__Sphingobacteriales; f__env.OPS 17; g__norank; s__metagenome,,d__Bacteria; p__Bacteroidota; c__Bacteroidia; o__Sphingobacteriales; f__env.OPS 17; g__norank; s__metagenome,row_10,8,-16.840354545677158,32.84035454567716
d__Bacteria; p__Proteobacteria; c__Gammaproteobacteria; o__Burkholderiales; f__Comamonadaceae; g__Sphaerotilus; s__uncultured bacterium,row_11,16,,d__Bacteria; p__Proteobacteria; c__Gammaproteobacteria; o__Burkholderiales; f__Comamonadaceae; g__Sphaerotilus; s__uncultured bacterium,,d__Bacteria; p__Proteobacteria; c__Gammaproteobacteria; o__Burkholderiales; f__Comamonadaceae; g__Sphaerotilus; s__uncultured bacterium,row_11,16,-8.840354545677158,40.84035454567716
d__Bacteria; p__Actinobacteriota; c__Actinobacteria; o__Corynebacteriales; f__Mycobacteriaceae; g__Mycobacterium,row_12,5,,d__Bacteria; p__Actinobacteriota; c__Actinobacteria; o__Corynebacteriales; f__Mycobacteriaceae; g__Mycobacterium,,d__Bacteria; p__Actinobacteriota; c__Actinobacteria; o__Corynebacteriales; f__Mycobacteriaceae; g__Mycobacterium,row_12,5,-19.840354545677158,29.840354545677158
d__Bacteria; p__Bacteroidota; c__Bacteroidia; o__Chitinophagales; f__Chitinophagaceae; g__Terrimonas; s__uncultured bacterium,row_1,1,,d__Bacteria; p__Bacteroidota; c__Bacteroidia; o__Chitinophagales; f__Chitinophagaceae; g__Terrimonas; s__uncultured bacterium,,d__Bacteria; p__Bacteroidota; c__Bacteroidia; o__Chitinophagales; f__Chitinophagaceae; g__Terrimonas; s__uncultured bacterium,row_1,1,-23.840354545677158,25.840354545677158
d__Bacteria; p__Proteobacteria; c__Gammaproteobacteria; o__Burkholderiales; f__Comamonadaceae; g__Ramlibacter,row_2,6,,d__Bacteria; p__Proteobacteria; c__Gammaproteobacteria; o__Burkholderiales; f__Comamonadaceae; g__Ramlibacter,,d__Bacteria; p__Proteobacteria; c__Gammaproteobacteria; o__Burkholderiales; f__Comamonadaceae; g__Ramlibacter,row_2,6,-18.840354545677158,30.840354545677158
d__Bacteria; p__Actinobacteriota; c__Actinobacteria; o__Micrococcales; f__Micrococcaceae; g__Micrococcus,row_3,1,,d__Bacteria; p__Actinobacteriota; c__Actinobacteria; o__Micrococcales; f__Micrococcaceae; g__Micrococcus,,d__Bacteria; p__Actinobacteriota; c__Actinobacteria; o__Micrococcales; f__Micrococcaceae; g__Micrococcus,row_3,1,-23.840354545677158,25.840354545677158
d__Bacteria; p__Myxococcota; c__Polyangia; o__Polyangiales; f__Polyangiaceae; g__Pajaroellobacter; s__metagenome,row_4,7,,d__Bacteria; p__Myxococcota; c__Polyangia; o__Polyangiales; f__Polyangiaceae; g__Pajaroellobacter; s__metagenome,,d__Bacteria; p__Myxococcota; c__Polyangia; o__Polyangiales; f__Polyangiaceae; g__Pajaroellobacter; s__metagenome,row_4,7,-17.840354545677158,31.840354545677158
d__Bacteria; p__Bacteroidota; c__Bacteroidia; o__Cytophagales; f__Microscillaceae; g__uncultured; s__uncultured bacterium,row_5,0,,d__Bacteria; p__Bacteroidota; c__Bacteroidia; o__Cytophagales; f__Microscillaceae; g__uncultured; s__uncultured bacterium,,d__Bacteria; p__Bacteroidota; c__Bacteroidia; o__Cytophagales; f__Microscillaceae; g__uncultured; s__uncultured bacterium,row_5,0,-24.840354545677158,24.840354545677158
d__Bacteria; p__Proteobacteria; c__Alphaproteobacteria; o__Rhizobiales; f__Hyphomicrobiaceae; g__Pedomicrobium; s__uncultured bacterium,row_6,2,,d__Bacteria; p__Proteobacteria; c__Alphaproteobacteria; o__Rhizobiales; f__Hyphomicrobiaceae; g__Pedomicrobium; s__uncultured bacterium,,d__Bacteria; p__Proteobacteria; c__Alphaproteobacteria; o__Rhizobiales; f__Hyphomicrobiaceae; g__Pedomicrobium; s__uncultured bacterium,row_6,2,-22.840354545677158,26.840354545677158
d__Bacteria; p__Proteobacteria; c__Gammaproteobacteria; o__Burkholderiales; f__Comamonadaceae; g__uncultured,row_7,5,,d__Bacteria; p__Proteobacteria; c__Gammaproteobacteria; o__Burkholderiales; f__Comamonadaceae; g__uncultured,,d__Bacteria; p__Proteobacteria; c__Gammaproteobacteria; o__Burkholderiales; f__Comamonadaceae; g__uncultured,row_7,5,-19.840354545677158,29.840354545677158
d__Bacteria; p__Proteobacteria; c__Gammaproteobacteria; o__Burkholderiales; f__Methylophilaceae; g__MM2; s__uncultured bacterium,row_8,45,,d__Bacteria; p__Proteobacteria; c__Gammaproteobacteria; o__Burkholderiales; f__Methylophilaceae; g__MM2; s__uncultured bacterium,,d__Bacteria; p__Proteobacteria; c__Gammaproteobacteria; o__Burkholderiales; f__Methylophilaceae; g__MM2; s__uncultured bacterium,row_8,45,20.159645454322842,69.84035454567716
