x,y,value,group,label,facet,source,target,weight,lower,upper
Yes,Unknown,121,,Yes,Unknown,Yes,Unknown,121,-8.527719355170035,250.52771935517003
Yes,Unknown,124,,Yes,Unknown,Yes,Unknown,124,-5.527719355170035,253.52771935517003
Yes,Unknown,125,,Yes,Unknown,Yes,Unknown,125,-4.527719355170035,254.52771935517003
Yes,Family,362,,Yes,k__Archaea|p__Euryarchaeota|c__Thermoplasmata|o__Methanomassiliicoccales|f__Methanomassiliicoccaceae,Yes,Family,362,232.47228064482997,491.52771935517
No,Species,363,,No,k__Archaea|p__Euryarchaeota|c__Thermoplasmata|o__Methanomassiliicoccales|f__Methanomassiliicoccaceae|g__Methanomassiliicoccus|s__Candidatus_Methanomassiliicoccus_intestinalis,No,Species,363,233.47228064482997,492.52771935517
Yes,Genus,364,,Yes,k__Archaea|p__Euryarchaeota|c__Thermoplasmata|o__Methanomassiliicoccales|f__Methanomassiliicoccaceae|g__Methanomassiliicoccus,Yes,Genus,364,234.47228064482997,493.52771935517
Yes,Unknown,372,,Yes,Unknown,Yes,Unknown,372,242.47228064482997,501.52771935517
Yes,Family,376,,Yes,k__Archaea|p__Euryarchaeota|c__Thermoplasmata|o__Methanomassiliicoccales|f__Methanomassiliicoccaceae,Yes,Family,376,246.47228064482997,505.52771935517
Yes,Family,378,,Yes,k__Archaea|p__Euryarchaeota|c__Thermoplasmata|o__Methanomassiliicoccales|f__Methanomassiliicoccaceae,Yes,Family,378,248.47228064482997,507.52771935517
Yes,Family,380,,Yes,k__Archaea|p__Euryarchaeota|c__Thermoplasmata|o__Methanomassiliicoccales|f__Methanomassiliicoccaceae,Yes,Family,380,250.47228064482997,509.52771935517
Yes,Family,381,,Yes,k__Archaea|p__Euryarchaeota|c__Thermoplasmata|o__Methanomassiliicoccales|f__Methanomassiliicoccaceae,Yes,Family,381,251.47228064482997,510.52771935517
Yes,Family,382,,Yes,k__Archaea|p__Euryarchaeota|c__Thermoplasmata|o__Methanomassiliicoccales|f__Methanomassiliicoccaceae,Yes,Family,382,252.47228064482997,511.52771935517
Yes,Family,384,,Yes,k__Archaea|p__Euryarchaeota|c__Thermoplasmata|o__Methanomassiliicoccales|f__Methanomassiliicoccaceae,Yes,Family,384,254.47228064482997,513.52771935517
No,Species,385,,No,k__Archaea|p__Euryarchaeota|c__Methanomicrobia|o__Methanomicrobiales|f__Methanomicrobiaceae|g__Methanoculleus|s__Methanoculleus_sp_CAG_1088,No,Species,385,255.47228064482997,514.52771935517
Yes,Unknown,568,,Yes,Unknown,Yes,Unknown,568,438.47228064483,697.52771935517
No,Species,690,,No,k__Archaea|p__Euryarchaeota|c__Methanobacteria|o__Methanobacteriales|f__Methanobacteriaceae|g__Methanobacterium|s__Methanobacterium_sp_MB1,No,Species,690,560.47228064483,819.52771935517
No,Species,696,,No,k__Archaea|p__Euryarchaeota|c__Methanobacteria|o__Methanobacteriales|f__Methanobacteriaceae|g__Methanosphaera|s__Methanosphaera_cuniculi,No,Species,696,566.47228064483,825.52771935517
Yes,Family,697,,Yes,k__Archaea|p__Euryarchaeota|c__Methanobacteria|o__Methanobacteriales|f__Methanobacteriaceae,Yes,Family,697,567.47228064483,826.52771935517
No,Species,698,,No,k__Archaea|p__Euryarchaeota|c__Methanobacteria|o__Methanobacteriales|f__Methanobacteriaceae|g__Methanosphaera|s__Methanosphaera_sp_A6,No,Species,698,568.47228064483,827.52771935517
Yes,Family,711,,Yes,k__Archaea|p__Euryarchaeota|c__Methanobacteria|o__Methanobacteriales|f__Methanobacteriaceae,Yes,Family,711,581.47228064483,840.52771935517
Yes,Genus,713,,Yes,k__Archaea|p__Euryarchaeota|c__Methanobacteria|o__Methanobacteriales|f__Methanobacteriaceae|g__Methanobrevibacter,Yes,Genus,713,583.47228064483,842.52771935517
No,Species,714,,No,k__Archaea|p__Euryarchaeota|c__Methanobacteria|o__Methanobacteriales|f__Methanobacteriaceae|g__Methanobrevibacter|s__Methanobrevibacter_smithii,No,Species,714,584.47228064483,843.52771935517
Yes,Family,715,,Yes,k__Archaea|p__Euryarchaeota|c__Methanobacteria|o__Methanobacteriales|f__Methanobacteriaceae,Yes,Family,715,585.47228064483,844.52771935517
No,Species,743,,No,k__Bacteria|p__Firmicutes|c__Clostridia|o__Clostridiales|f__Peptostreptococcaceae|g__Peptostreptococcus|s__Peptostreptococcus_russellii,No,Species,743,613.47228064483,872.52771935517
Yes,Family,745,,Yes,k__Bacteria|p__Firmicutes|c__Clostridia|o__Clostridiales|f__Peptostreptococcaceae,Yes,Family,745,615.47228064483,874.52771935517
No,Species,746,,No,k__Bacteria|p__Firmicutes|c__Clostridia|o__Clostridiales|f__Peptostreptococcaceae|g__Peptostreptococcus|s__Peptostreptococcus_anaerobius,No,Species,746,616.47228064483,875.52771935517
No,Species,747,,No,k__Bacteria|p__Firmicutes|c__Clostridia|o__Clostridiales|f__Peptostreptococcaceae|g__Peptostreptococcus|s__Peptostreptococcus_sp_MV1,No,Species,747,617.47228064483,876.52771935517
No,Species,748,,No,k__Bacteria|p__Firmicutes|c__Clostridia|o__Clostridiales|f__Peptostreptococcaceae|g__Peptostreptococcus|s__Peptostreptococcus_stomatis,No,Species,748,618.47228064483,877.52771935517
Yes,Genus,749,,Yes,k__Bacteria|p__Firmicutes|c__Clostridia|o__Clostridiales|f__Peptostreptococcaceae|g__Peptostreptococcus,Yes,Genus,749,619.47228064483,878.52771935517
Yes,Unknown,758,,Yes,Unknown,Yes,Unknown,758,628.47228064483,887.52771935517
Yes,Unknown,955,,Yes,Unknown,Yes,Unknown,955,825.47228064483,1084.5277193551701
Yes,Unknown,956,,Yes,Unknown,Yes,Unknown,956,826.47228064483,1085.5277193551701
Yes,Unknown,957,,Yes,Unknown,Yes,Unknown,957,827.47228064483,1086.5277193551701
No,Species,960,,No,k__Bacteria|p__Actinobacteria|c__Coriobacteriia|o__Coriobacteriales|f__Coriobacteriaceae|g__Coriobacteriaceae_unclassified|s__Coriobacteriaceae_bacterium_BV3Ac1,No,Species,960,830.47228064483,1089.5277193551701
No,Species,962,,No,k__Bacteria|p__Actinobacteria|c__Coriobacteriia|o__Eggerthellales|f__Eggerthellaceae|g__Cryptobacterium|s__Cryptobacterium_curtum,No,Species,962,832.47228064483,1091.5277193551701
No,Species,963,,No,k__Bacteria|p__Actinobacteria|c__Coriobacteriia|o__Coriobacteriales|f__Coriobacteriales_unclassified|g__Coriobacteriales_unclassified|s__Coriobacteriales_bacterium_DNF00809,No,Species,963,833.47228064483,1092.5277193551701
No,Species,964,,No,k__Bacteria|p__Actinobacteria|c__Coriobacteriia|o__Coriobacteriales|f__Atopobiaceae|g__Atopobium|s__Atopobium_parvulum,No,Species,964,834.47228064483,1093.5277193551701
Yes,Genus,965,,Yes,k__Bacteria|p__Actinobacteria|c__Coriobacteriia|o__Coriobacteriales|f__Atopobiaceae|g__Atopobium,Yes,Genus,965,835.47228064483,1094.5277193551701
Yes,Genus,966,,Yes,k__Bacteria|p__Actinobacteria|c__Coriobacteriia|o__Coriobacteriales|f__Atopobiaceae|g__Atopobium,Yes,Genus,966,836.47228064483,1095.5277193551701
Yes,Genus,967,,Yes,k__Bacteria|p__Actinobacteria|c__Coriobacteriia|o__Coriobacteriales|f__Atopobiaceae|g__Atopobium,Yes,Genus,967,837.47228064483,1096.5277193551701
Yes,Genus,968,,Yes,k__Bacteria|p__Actinobacteria|c__Coriobacteriia|o__Coriobacteriales|f__Atopobiaceae|g__Atopobium,Yes,Genus,968,838.47228064483,1097.5277193551701
Yes,Genus,969,,Yes,k__Bacteria|p__Actinobacteria|c__Coriobacteriia|o__Coriobacteriales|f__Atopobiaceae|g__Atopobium,Yes,Genus,969,839.47228064483,1098.5277193551701
Yes,Genus,970,,Yes,k__Bacteria|p__Actinobacteria|c__Coriobacteriia|o__Coriobacteriales|f__Atopobiaceae|g__Atopobium,Yes,Genus,970,840.47228064483,1099.5277193551701
Yes,Genus,971,,Yes,k__Bacteria|p__Actinobacteria|c__Coriobacteriia|o__Coriobacteriales|f__Atopobiaceae|g__Atopobium,Yes,Genus,971,841.47228064483,1100.5277193551701
No,Species,972,,No,k__Bacteria|p__Actinobacteria|c__Coriobacteriia|o__Coriobacteriales|f__Atopobiaceae|g__Atopobium|s__Atopobium_parvulum,No,Species,972,842.47228064483,1101.5277193551701
Yes,Genus,973,,Yes,k__Bacteria|p__Actinobacteria|c__Coriobacteriia|o__Coriobacteriales|f__Atopobiaceae|g__Atopobium,Yes,Genus,973,843.47228064483,1102.5277193551701
Yes,Genus,974,,Yes,k__Bacteria|p__Actinobacteria|c__Coriobacteriia|o__Coriobacteriales|f__Atopobiaceae|g__Atopobium,Yes,Genus,974,844.47228064483,1103.5277193551701
Yes,Genus,975,,Yes,k__Bacteria|p__Actinobacteria|c__Coriobacteriia|o__Coriobacteriales|f__Atopobiaceae|g__Atopobium,Yes,Genus,975,845.47228064483,1104.5277193551701
Yes,Genus,976,,Yes,k__Bacteria|p__Actinobacteria|c__Coriobacteriia|o__Coriobacteriales|f__Atopobiaceae|g__Atopobium,Yes,Genus,976,846.47228064483,1105.5277193551701
Yes,Genus,977,,Yes,k__Bacteria|p__Actinobacteria|c__Coriobacteriia|o__Coriobacteriales|f__Atopobiaceae|g__Atopobium,Yes,Genus,977,847.47228064483,1106.5277193551701
Yes,Genus,978,,Yes,k__Bacteria|p__Actinobacteria|c__Coriobacteriia|o__Coriobacteriales|f__Atopobiaceae|g__Atopobium,Yes,Genus,978,848.47228064483,1107.5277193551701
Yes,Genus,979,,Yes,k__Bacteria|p__Actinobacteria|c__Coriobacteriia|o__Coriobacteriales|f__Atopobiaceae|g__Atopobium,Yes,Genus,979,849.47228064483,1108.5277193551701
Yes,Genus,980,,Yes,k__Bacteria|p__Actinobacteria|c__Coriobacteriia|o__Coriobacteriales|f__Atopobiaceae|g__Atopobium,Yes,Genus,980,850.47228064483,1109.5277193551701
Yes,Genus,981,,Yes,k__Bacteria|p__Actinobacteria|c__Coriobacteriia|o__Coriobacteriales|f__Atopobiaceae|g__Atopobium,Yes,Genus,981,851.47228064483,1110.5277193551701
Yes,Genus,982,,Yes,k__Bacteria|p__Actinobacteria|c__Coriobacteriia|o__Coriobacteriales|f__Atopobiaceae|g__Atopobium,Yes,Genus,982,852.47228064483,1111.5277193551701
Yes,Genus,983,,Yes,k__Bacteria|p__Actinobacteria|c__Coriobacteriia|o__Coriobacteriales|f__Atopobiaceae|g__Atopobium,Yes,Genus,983,853.47228064483,1112.5277193551701
No,Species,984,,No,k__Bacteria|p__Actinobacteria|c__Coriobacteriia|o__Coriobacteriales|f__Atopobiaceae|g__Atopobium|s__Atopobium_sp_oral_taxon_199,No,Species,984,854.47228064483,1113.5277193551701
No,Species,985,,No,k__Bacteria|p__Actinobacteria|c__Coriobacteriia|o__Coriobacteriales|f__Atopobiaceae|g__Atopobium|s__Atopobium_rimae,No,Species,985,855.47228064483,1114.5277193551701
Yes,Genus,986,,Yes,k__Bacteria|p__Actinobacteria|c__Coriobacteriia|o__Coriobacteriales|f__Atopobiaceae|g__Atopobium,Yes,Genus,986,856.47228064483,1115.5277193551701
No,Species,987,,No,k__Bacteria|p__Actinobacteria|c__Coriobacteriia|o__Coriobacteriales|f__Atopobiaceae|g__Atopobium|s__Atopobium_minutum,No,Species,987,857.47228064483,1116.5277193551701
Yes,Family,989,,Yes,k__Bacteria|p__Actinobacteria|c__Coriobacteriia|o__Coriobacteriales|f__Atopobiaceae,Yes,Family,989,859.47228064483,1118.5277193551701
No,Species,990,,No,k__Bacteria|p__Actinobacteria|c__Coriobacteriia|o__Coriobacteriales|f__Atopobiaceae|g__Atopobium|s__Atopobium_vaginae,No,Species,990,860.47228064483,1119.5277193551701
No,Species,991,,No,k__Bacteria|p__Actinobacteria|c__Coriobacteriia|o__Coriobacteriales|f__Atopobiaceae|g__Atopobium|s__Atopobium_vaginae,No,Species,991,861.47228064483,1120.5277193551701
Yes,Genus,992,,Yes,k__Bacteria|p__Actinobacteria|c__Coriobacteriia|o__Coriobacteriales|f__Atopobiaceae|g__Atopobium,Yes,Genus,992,862.47228064483,1121.5277193551701
Yes,Unknown,993,,Yes,Unknown,Yes,Unknown,993,863.47228064483,1122.5277193551701
Yes,Unknown,994,,Yes,Unknown,Yes,Unknown,994,864.47228064483,1123.5277193551701
Yes,Unknown,997,,Yes,Unknown,Yes,Unknown,997,867.47228064483,1126.5277193551701
Yes,Unknown,1001,,Yes,Unknown,Yes,Unknown,1001,871.47228064483,1130.5277193551701
Yes,Unknown,1002,,Yes,Unknown,Yes,Unknown,1002,872.47228064483,1131.5277193551701
Yes,Unknown,1005,,Yes,Unknown,Yes,Unknown,1005,875.47228064483,1134.5277193551701
Yes,Unknown,1016,,Yes,Unknown,Yes,Unknown,1016,886.47228064483,1145.5277193551701
Yes,Unknown,1017,,Yes,Unknown,Yes,Unknown,1017,887.47228064483,1146.5277193551701
Yes,Unknown,1019,,Yes,Unknown,Yes,Unknown,1019,889.47228064483,1148.5277193551701
Yes,Unknown,1021,,Yes,Unknown,Yes,Unknown,1021,891.47228064483,1150.5277193551701
Yes,Unknown,1022,,Yes,Unknown,Yes,Unknown,1022,892.47228064483,1151.5277193551701
No,Species,1024,,No,k__Bacteria|p__Firmicutes|c__Clostridia|o__Clostridiales|f__Clostridiaceae|g__Clostridium|s__Clostridium_sp_CAG_568,No,Species,1024,894.47228064483,1153.5277193551701
Yes,Unknown,1037,,Yes,Unknown,Yes,Unknown,1037,907.47228064483,1166.5277193551701
Yes,Unknown,1303,,Yes,Unknown,Yes,Unknown,1303,1173.4722806448299,1432.5277193551701
Yes,Unknown,1314,,Yes,Unknown,Yes,Unknown,1314,1184.4722806448299,1443.5277193551701
Yes,Unknown,1315,,Yes,Unknown,Yes,Unknown,1315,1185.4722806448299,1444.5277193551701
Yes,Unknown,1316,,Yes,Unknown,Yes,Unknown,1316,1186.4722806448299,1445.5277193551701
Yes,Unknown,1317,,Yes,Unknown,Yes,Unknown,1317,1187.4722806448299,1446.5277193551701
Yes,Unknown,1318,,Yes,Unknown,Yes,Unknown,1318,1188.4722806448299,1447.5277193551701
Yes,Genus,1319,,Yes,k__Bacteria|p__Bacteroidetes|c__Bacteroidia|o__Bacteroidales|f__Bacteroidaceae|g__Bacteroides,Yes,Genus,1319,1189.4722806448299,1448.5277193551701
No,Species,1320,,No,k__Bacteria|p__Bacteroidetes|c__Bacteroidia|o__Bacteroidales|f__Bacteroidaceae|g__Bacteroides|s__Candidatus_Bacteroides_periocalifornicus,No,Species,1320,1190.4722806448299,1449.5277193551701
Yes,Unknown,1321,,Yes,Unknown,Yes,Unknown,1321,1191.4722806448299,1450.5277193551701
Yes,Unknown,1322,,Yes,Unknown,Yes,Unknown,1322,1192.4722806448299,1451.5277193551701
Yes,Unknown,1332,,Yes,Unknown,Yes,Unknown,1332,1202.4722806448299,1461.5277193551701
Yes,Unknown,1333,,Yes,Unknown,Yes,Unknown,1333,1203.4722806448299,1462.5277193551701
No,Species,1341,,No,k__Bacteria|p__Bacteroidetes|c__Bacteroidetes_unclassified|o__Bacteroidetes_unclassified|f__Bacteroidetes_unclassified|g__Bacteroidetes_unclassified|s__Bacteroidetes_oral_taxon_274,No,Species,1341,1211.4722806448299,1470.5277193551701
Yes,Genus,1342,,Yes,k__Bacteria|p__Bacteroidetes|c__Bacteroidetes_unclassified|o__Bacteroidetes_unclassified|f__Bacteroidetes_unclassified|g__Bacteroidetes_unclassified,Yes,Genus,1342,1212.4722806448299,1471.5277193551701
Yes,Genus,1343,,Yes,k__Bacteria|p__Bacteroidetes|c__Bacteroidetes_unclassified|o__Bacteroidetes_unclassified|f__Bacteroidetes_unclassified|g__Bacteroidetes_unclassified,Yes,Genus,1343,1213.4722806448299,1472.5277193551701
Yes,Unknown,1370,,Yes,Unknown,Yes,Unknown,1370,1240.4722806448299,1499.5277193551701
Yes,Unknown,1371,,Yes,Unknown,Yes,Unknown,1371,1241.4722806448299,1500.5277193551701
Yes,Unknown,1395,,Yes,Unknown,Yes,Unknown,1395,1265.4722806448299,1524.5277193551701
Yes,Unknown,1397,,Yes,Unknown,Yes,Unknown,1397,1267.4722806448299,1526.5277193551701
Yes,Unknown,1398,,Yes,Unknown,Yes,Unknown,1398,1268.4722806448299,1527.5277193551701
Yes,Unknown,1404,,Yes,Unknown,Yes,Unknown,1404,1274.4722806448299,1533.5277193551701
Yes,Unknown,1407,,Yes,Unknown,Yes,Unknown,1407,1277.4722806448299,1536.5277193551701
Yes,Unknown,1408,,Yes,Unknown,Yes,Unknown,1408,1278.4722806448299,1537.5277193551701
Yes,Genus,1410,,Yes,k__Bacteria|p__Bacteroidetes|c__Bacteroidia|o__Bacteroidales|f__Prevotellaceae|g__Alloprevotella,Yes,Genus,1410,1280.4722806448299,1539.5277193551701
No,Species,1411,,No,k__Bacteria|p__Bacteroidetes|c__Bacteroidia|o__Bacteroidales|f__Prevotellaceae|g__Alloprevotella|s__Alloprevotella_tannerae,No,Species,1411,1281.4722806448299,1540.5277193551701
Yes,Unknown,1415,,Yes,Unknown,Yes,Unknown,1415,1285.4722806448299,1544.5277193551701
Yes,Unknown,1416,,Yes,Unknown,Yes,Unknown,1416,1286.4722806448299,1545.5277193551701
No,Species,1423,,No,k__Bacteria|p__Bacteroidetes|c__Bacteroidia|o__Bacteroidales|f__Prevotellaceae|g__Prevotella|s__Prevotella_sp_CAG_617,No,Species,1423,1293.4722806448299,1552.5277193551701
No,Species,1424,,No,k__Bacteria|p__Bacteroidetes|c__Bacteroidia|o__Bacteroidales|f__Prevotellaceae|g__Prevotella|s__Prevotella_sp_CAG_755,No,Species,1424,1294.4722806448299,1553.5277193551701
Yes,Family,1425,,Yes,k__Bacteria|p__Bacteroidetes|c__Bacteroidia|o__Bacteroidales|f__Prevotellaceae,Yes,Family,1425,1295.4722806448299,1554.5277193551701
Yes,Family,1426,,Yes,k__Bacteria|p__Bacteroidetes|c__Bacteroidia|o__Bacteroidales|f__Prevotellaceae,Yes,Family,1426,1296.4722806448299,1555.5277193551701
Yes,Family,1427,,Yes,k__Bacteria|p__Bacteroidetes|c__Bacteroidia|o__Bacteroidales|f__Prevotellaceae,Yes,Family,1427,1297.4722806448299,1556.5277193551701
Yes,Family,1428,,Yes,k__Bacteria|p__Bacteroidetes|c__Bacteroidia|o__Bacteroidales|f__Prevotellaceae,Yes,Family,1428,1298.4722806448299,1557.5277193551701
No,Species,1429,,No,k__Bacteria|p__Bacteroidetes|c__Bacteroidia|o__Bacteroidales|f__Bacteroidaceae|g__Bacteroides|s__Bacteroides_sp_CAG_462,No,Species,1429,1299.4722806448299,1558.5277193551701
Yes,Family,1430,,Yes,k__Bacteria|p__Bacteroidetes|c__Bacteroidia|o__Bacteroidales|f__Bacteroidaceae,Yes,Family,1430,1300.4722806448299,1559.5277193551701
Yes,Family,1431,,Yes,k__Bacteria|p__Bacteroidetes|c__Bacteroidia|o__Bacteroidales|f__Bacteroidaceae,Yes,Family,1431,1301.4722806448299,1560.5277193551701
Yes,Family,1433,,Yes,k__Bacteria|p__Bacteroidetes|c__Bacteroidia|o__Bacteroidales|f__Tannerellaceae,Yes,Family,1433,1303.4722806448299,1562.5277193551701
Yes,Unknown,1437,,Yes,Unknown,Yes,Unknown,1437,1307.4722806448299,1566.5277193551701
No,Species,1454,,No,k__Bacteria|p__Bacteroidetes|c__Bacteroidia|o__Bacteroidales|f__Prevotellaceae|g__Prevotella|s__Prevotella_saccharolytica,No,Species,1454,1324.4722806448299,1583.5277193551701
Yes,Family,1455,,Yes,k__Bacteria|p__Bacteroidetes|c__Bacteroidia|o__Bacteroidales|f__Prevotellaceae,Yes,Family,1455,1325.4722806448299,1584.5277193551701
Yes,Family,1456,,Yes,k__Bacteria|p__Bacteroidetes|c__Bacteroidia|o__Bacteroidales|f__Prevotellaceae,Yes,Family,1456,1326.4722806448299,1585.5277193551701
No,Species,1457,,No,k__Bacteria|p__Bacteroidetes|c__Bacteroidia|o__Bacteroidales|f__Prevotellaceae|g__Prevotella|s__Prevotella_loescheii,No,Species,1457,1327.4722806448299,1586.5277193551701
No,Species,1458,,No,k__Bacteria|p__Bacteroidetes|c__Bacteroidia|o__Bacteroidales|f__Prevotellaceae|g__Prevotella|s__Prevotella_sp_HMSC073D09,No,Species,1458,1328.4722806448299,1587.5277193551701
Yes,Genus,1459,,Yes,k__Bacteria|p__Bacteroidetes|c__Bacteroidia|o__Bacteroidales|f__Prevotellaceae|g__Prevotella,Yes,Genus,1459,1329.4722806448299,1588.5277193551701
Yes,Genus,1460,,Yes,k__Bacteria|p__Bacteroidetes|c__Bacteroidia|o__Bacteroidales|f__Prevotellaceae|g__Prevotella,Yes,Genus,1460,1330.4722806448299,1589.5277193551701
Yes,Genus,1461,,Yes,k__Bacteria|p__Bacteroidetes|c__Bacteroidia|o__Bacteroidales|f__Prevotellaceae|g__Prevotella,Yes,Genus,1461,1331.4722806448299,1590.5277193551701
Yes,Family,1462,,Yes,k__Bacteria|p__Bacteroidetes|c__Bacteroidia|o__Bacteroidales|f__Prevotellaceae,Yes,Family,1462,1332.4722806448299,1591.5277193551701
Yes,Genus,1463,,Yes,k__Bacteria|p__Bacteroidetes|c__Bacteroidia|o__Bacteroidales|f__Prevotellaceae|g__Alloprevotella,Yes,Genus,1463,1333.4722806448299,1592.5277193551701
No,Species,1464,,No,k__Bacteria|p__Bacteroidetes|c__Bacteroidia|o__Bacteroidales|f__Prevotellaceae|g__Alloprevotella|s__Prevotella_sp_oral_taxon_473,No,Species,1464,1334.4722806448299,1593.5277193551701
Yes,Genus,1465,,Yes,k__Bacteria|p__Bacteroidetes|c__Bacteroidia|o__Bacteroidales|f__Prevotellaceae|g__Alloprevotella,Yes,Genus,1465,1335.4722806448299,1594.5277193551701
Yes,Genus,1466,,Yes,k__Bacteria|p__Bacteroidetes|c__Bacteroidia|o__Bacteroidales|f__Prevotellaceae|g__Alloprevotella,Yes,Genus,1466,1336.4722806448299,1595.5277193551701
Yes,Family,1467,,Yes,k__Bacteria|p__Bacteroidetes|c__Bacteroidia|o__Bacteroidales|f__Prevotellaceae,Yes,Family,1467,1337.4722806448299,1596.5277193551701
Yes,Family,1468,,Yes,k__Bacteria|p__Bacteroidetes|c__Bacteroidia|o__Bacteroidales|f__Prevotellaceae,Yes,Family,1468,1338.4722806448299,1597.5277193551701
Yes,Family,1469,,Yes,k__Bacteria|p__Bacteroidetes|c__Bacteroidia|o__Bacteroidales|f__Prevotellaceae,Yes,Family,1469,1339.4722806448299,1598.5277193551701
Yes,Family,1470,,Yes,k__Bacteria|p__Bacteroidetes|c__Bacteroidia|o__Bacteroidales|f__Prevotellaceae,Yes,Family,1470,1340.4722806448299,1599.5277193551701
Yes,Family,1471,,Yes,k__Bacteria|p__Bacteroidetes|c__Bacteroidia|o__Bacteroidales|f__Prevotellaceae,Yes,Family,1471,1341.4722806448299,1600.5277193551701
Yes,Family,1472,,Yes,k__Bacteria|p__Bacteroidetes|c__Bacteroidia|o__Bacteroidales|f__Prevotellaceae,Yes,Family,1472,1342.4722806448299,1601.5277193551701
Yes,Family,1473,,Yes,k__Bacteria|p__Bacteroidetes|c__Bacteroidia|o__Bacteroidales|f__Prevotellaceae,Yes,Family,1473,1343.4722806448299,1602.5277193551701
Yes,Family,1474,,Yes,k__Bacteria|p__Bacteroidetes|c__Bacteroidia|o__Bacteroidales|f__Prevotellaceae,Yes,Family,1474,1344.4722806448299,1603.5277193551701
Yes,Family,1475,,Yes,k__Bacteria|p__Bacteroidetes|c__Bacteroidia|o__Bacteroidales|f__Prevotellaceae,Yes,Family,1475,1345.4722806448299,1604.5277193551701
Yes,Family,1476,,Yes,k__Bacteria|p__Bacteroidetes|c__Bacteroidia|o__Bacteroidales|f__Prevotellaceae,Yes,Family,1476,1346.4722806448299,1605.5277193551701
No,Species,1477,,No,k__Bacteria|p__Bacteroidetes|c__Bacteroidia|o__Bacteroidales|f__Prevotellaceae|g__Prevotella|s__Prevotella_sp_CAG_5226,No,Species,1477,1347.4722806448299,1606.5277193551701
Yes,Family,1478,,Yes,k__Bacteria|p__Bacteroidetes|c__Bacteroidia|o__Bacteroidales|f__Prevotellaceae,Yes,Family,1478,1348.4722806448299,1607.5277193551701
No,Species,1481,,No,k__Bacteria|p__Bacteroidetes|c__Bacteroidia|o__Bacteroidales|f__Prevotellaceae|g__Prevotella|s__Prevotella_sp_CAG_891,No,Species,1481,1351.4722806448299,1610.5277193551701
Yes,Family,1482,,Yes,k__Bacteria|p__Bacteroidetes|c__Bacteroidia|o__Bacteroidales|f__Prevotellaceae,Yes,Family,1482,1352.4722806448299,1611.5277193551701
Yes,Genus,1483,,Yes,k__Bacteria|p__Bacteroidetes|c__Bacteroidia|o__Bacteroidales|f__Prevotellaceae|g__Alloprevotella,Yes,Genus,1483,1353.4722806448299,1612.5277193551701
Yes,Genus,1484,,Yes,k__Bacteria|p__Bacteroidetes|c__Bacteroidia|o__Bacteroidales|f__Prevotellaceae|g__Alloprevotella,Yes,Genus,1484,1354.4722806448299,1613.5277193551701
Yes,Unknown,1487,,Yes,Unknown,Yes,Unknown,1487,1357.4722806448299,1616.5277193551701
Yes,Unknown,1488,,Yes,Unknown,Yes,Unknown,1488,1358.4722806448299,1617.5277193551701
Yes,Unknown,1489,,Yes,Unknown,Yes,Unknown,1489,1359.4722806448299,1618.5277193551701
Yes,Unknown,1497,,Yes,Unknown,Yes,Unknown,1497,1367.4722806448299,1626.5277193551701
No,Species,1501,,No,k__Bacteria|p__Bacteroidetes|c__Bacteroidia|o__Bacteroidales|f__Prevotellaceae|g__Prevotella|s__Prevotella_sp_S7_1_8,No,Species,1501,1371.4722806448299,1630.5277193551701
Yes,Genus,1502,,Yes,k__Bacteria|p__Bacteroidetes|c__Bacteroidia|o__Bacteroidales|f__Prevotellaceae|g__Prevotella,Yes,Genus,1502,1372.4722806448299,1631.5277193551701
Yes,Genus,1503,,Yes,k__Bacteria|p__Bacteroidetes|c__Bacteroidia|o__Bacteroidales|f__Prevotellaceae|g__Prevotella,Yes,Genus,1503,1373.4722806448299,1632.5277193551701
No,Species,1504,,No,k__Bacteria|p__Bacteroidetes|c__Bacteroidia|o__Bacteroidales|f__Prevotellaceae|g__Prevotella|s__Prevotella_corporis,No,Species,1504,1374.4722806448299,1633.5277193551701
No,Species,1505,,No,k__Bacteria|p__Bacteroidetes|c__Bacteroidia|o__Bacteroidales|f__Prevotellaceae|g__Prevotella|s__Prevotella_bergensis,No,Species,1505,1375.4722806448299,1634.5277193551701
No,Species,1507,,No,k__Bacteria|p__Bacteroidetes|c__Bacteroidia|o__Bacteroidales|f__Prevotellaceae|g__Prevotella|s__Prevotella_timonensis,No,Species,1507,1377.4722806448299,1636.5277193551701
Yes,Genus,1512,,Yes,k__Bacteria|p__Bacteroidetes|c__Bacteroidia|o__Bacteroidales|f__Prevotellaceae|g__Prevotella,Yes,Genus,1512,1382.4722806448299,1641.5277193551701
Yes,Genus,1513,,Yes,k__Bacteria|p__Bacteroidetes|c__Bacteroidia|o__Bacteroidales|f__Prevotellaceae|g__Prevotella,Yes,Genus,1513,1383.4722806448299,1642.5277193551701
No,Species,1514,,No,k__Bacteria|p__Bacteroidetes|c__Bacteroidia|o__Bacteroidales|f__Prevotellaceae|g__Prevotella|s__Prevotella_buccalis,No,Species,1514,1384.4722806448299,1643.5277193551701
Yes,Genus,1515,,Yes,k__Bacteria|p__Bacteroidetes|c__Bacteroidia|o__Bacteroidales|f__Prevotellaceae|g__Prevotella,Yes,Genus,1515,1385.4722806448299,1644.5277193551701
Yes,Genus,1516,,Yes,k__Bacteria|p__Bacteroidetes|c__Bacteroidia|o__Bacteroidales|f__Prevotellaceae|g__Prevotella,Yes,Genus,1516,1386.4722806448299,1645.5277193551701
No,Species,1517,,No,k__Bacteria|p__Bacteroidetes|c__Bacteroidia|o__Bacteroidales|f__Prevotellaceae|g__Prevotella|s__Prevotella_buccalis,No,Species,1517,1387.4722806448299,1646.5277193551701
Yes,Genus,1518,,Yes,k__Bacteria|p__Bacteroidetes|c__Bacteroidia|o__Bacteroidales|f__Prevotellaceae|g__Prevotella,Yes,Genus,1518,1388.4722806448299,1647.5277193551701
Yes,Genus,1519,,Yes,k__Bacteria|p__Bacteroidetes|c__Bacteroidia|o__Bacteroidales|f__Prevotellaceae|g__Prevotella,Yes,Genus,1519,1389.4722806448299,1648.5277193551701
No,Species,1520,,No,k__Bacteria|p__Bacteroidetes|c__Bacteroidia|o__Bacteroidales|f__Prevotellaceae|g__Prevotella|s__Prevotella_oulorum,No,Species,1520,1390.4722806448299,1649.5277193551701
Yes,Genus,1521,,Yes,k__Bacteria|p__Bacteroidetes|c__Bacteroidia|o__Bacteroidales|f__Prevotellaceae|g__Prevotella,Yes,Genus,1521,1391.4722806448299,1650.5277193551701
No,Species,1522,,No,k__Bacteria|p__Bacteroidetes|c__Bacteroidia|o__Bacteroidales|f__Prevotellaceae|g__Prevotella|s__Prevotella_salivae,No,Species,1522,1392.4722806448299,1651.5277193551701
No,Species,1524,,No,k__Bacteria|p__Bacteroidetes|c__Bacteroidia|o__Bacteroidales|f__Prevotellaceae|g__Prevotella|s__Prevotella_maculosa,No,Species,1524,1394.4722806448299,1653.5277193551701
No,Species,1525,,No,k__Bacteria|p__Bacteroidetes|c__Bacteroidia|o__Bacteroidales|f__Prevotellaceae|g__Prevotella|s__Prevotella_oris,No,Species,1525,1395.4722806448299,1654.5277193551701
No,Species,1526,,No,k__Bacteria|p__Bacteroidetes|c__Bacteroidia|o__Bacteroidales|f__Prevotellaceae|g__Prevotella|s__Prevotella_pleuritidis,No,Species,1526,1396.4722806448299,1655.5277193551701
No,Species,1528,,No,k__Bacteria|p__Bacteroidetes|c__Bacteroidia|o__Bacteroidales|f__Prevotellaceae|g__Prevotella|s__Prevotella_oralis,No,Species,1528,1398.4722806448299,1657.5277193551701
No,Species,1531,,No,k__Bacteria|p__Bacteroidetes|c__Bacteroidia|o__Bacteroidales|f__Prevotellaceae|g__Prevotella|s__Prevotella_buccae,No,Species,1531,1401.4722806448299,1660.5277193551701
Yes,Family,1534,,Yes,k__Bacteria|p__Bacteroidetes|c__Bacteroidia|o__Bacteroidales|f__Prevotellaceae,Yes,Family,1534,1404.4722806448299,1663.5277193551701
No,Species,1535,,No,k__Bacteria|p__Bacteroidetes|c__Bacteroidia|o__Bacteroidales|f__Prevotellaceae|g__Prevotella|s__Prevotella_sp_oral_taxon_299,No,Species,1535,1405.4722806448299,1664.5277193551701
Yes,Genus,1536,,Yes,k__Bacteria|p__Bacteroidetes|c__Bacteroidia|o__Bacteroidales|f__Prevotellaceae|g__Prevotella,Yes,Genus,1536,1406.4722806448299,1665.5277193551701
Yes,Family,1538,,Yes,k__Bacteria|p__Bacteroidetes|c__Bacteroidia|o__Bacteroidales|f__Prevotellaceae,Yes,Family,1538,1408.4722806448299,1667.5277193551701
No,Species,1539,,No,k__Bacteria|p__Bacteroidetes|c__Bacteroidia|o__Bacteroidales|f__Prevotellaceae|g__Prevotella|s__Prevotella_multiformis,No,Species,1539,1409.4722806448299,1668.5277193551701
No,Species,1540,,No,k__Bacteria|p__Bacteroidetes|c__Bacteroidia|o__Bacteroidales|f__Prevotellaceae|g__Prevotella|s__Prevotella_denticola,No,Species,1540,1410.4722806448299,1669.5277193551701
No,Species,1541,,No,k__Bacteria|p__Bacteroidetes|c__Bacteroidia|o__Bacteroidales|f__Prevotellaceae|g__Prevotella|s__Prevotella_veroralis,No,Species,1541,1411.4722806448299,1670.5277193551701
No,Species,1542,,No,k__Bacteria|p__Bacteroidetes|c__Bacteroidia|o__Bacteroidales|f__Prevotellaceae|g__Prevotella|s__Prevotella_sp_oral_taxon_306,No,Species,1542,1412.4722806448299,1671.5277193551701
No,Species,1543,,No,k__Bacteria|p__Bacteroidetes|c__Bacteroidia|o__Bacteroidales|f__Prevotellaceae|g__Prevotella|s__Prevotella_histicola,No,Species,1543,1413.4722806448299,1672.5277193551701
No,Species,1544,,No,k__Bacteria|p__Bacteroidetes|c__Bacteroidia|o__Bacteroidales|f__Prevotellaceae|g__Prevotella|s__Prevotella_scopos,No,Species,1544,1414.4722806448299,1673.5277193551701
No,Species,1545,,No,k__Bacteria|p__Bacteroidetes|c__Bacteroidia|o__Bacteroidales|f__Prevotellaceae|g__Prevotella|s__Prevotella_jejuni,No,Species,1545,1415.4722806448299,1674.5277193551701
Yes,Genus,1546,,Yes,k__Bacteria|p__Bacteroidetes|c__Bacteroidia|o__Bacteroidales|f__Prevotellaceae|g__Prevotella,Yes,Genus,1546,1416.4722806448299,1675.5277193551701
No,Species,1547,,No,k__Bacteria|p__Bacteroidetes|c__Bacteroidia|o__Bacteroidales|f__Prevotellaceae|g__Prevotella|s__Prevotella_sp_F0091,No,Species,1547,1417.4722806448299,1676.5277193551701
Yes,Genus,1548,,Yes,k__Bacteria|p__Bacteroidetes|c__Bacteroidia|o__Bacteroidales|f__Prevotellaceae|g__Prevotella,Yes,Genus,1548,1418.4722806448299,1677.5277193551701
Yes,Genus,1549,,Yes,k__Bacteria|p__Bacteroidetes|c__Bacteroidia|o__Bacteroidales|f__Prevotellaceae|g__Prevotella,Yes,Genus,1549,1419.4722806448299,1678.5277193551701
Yes,Genus,1550,,Yes,k__Bacteria|p__Bacteroidetes|c__Bacteroidia|o__Bacteroidales|f__Prevotellaceae|g__Prevotella,Yes,Genus,1550,1420.4722806448299,1679.5277193551701
Yes,Genus,1551,,Yes,k__Bacteria|p__Bacteroidetes|c__Bacteroidia|o__Bacteroidales|f__Prevotellaceae|g__Prevotella,Yes,Genus,1551,1421.4722806448299,1680.5277193551701
Yes,Genus,1552,,Yes,k__Bacteria|p__Bacteroidetes|c__Bacteroidia|o__Bacteroidales|f__Prevotellaceae|g__Prevotella,Yes,Genus,1552,1422.4722806448299,1681.5277193551701
Yes,Genus,1553,,Yes,k__Bacteria|p__Bacteroidetes|c__Bacteroidia|o__Bacteroidales|f__Prevotellaceae|g__Prevotella,Yes,Genus,1553,1423.4722806448299,1682.5277193551701
No,Species,1554,,No,k__Bacteria|p__Bacteroidetes|c__Bacteroidia|o__Bacteroidales|f__Prevotellaceae|g__Prevotella|s__Prevotella_melaninogenica,No,Species,1554,1424.4722806448299,1683.5277193551701
No,Species,1557,,No,k__Bacteria|p__Bacteroidetes|c__Bacteroidia|o__Bacteroidales|f__Prevotellaceae|g__Prevotella|s__Prevotella_bivia,No,Species,1557,1427.4722806448299,1686.5277193551701
No,Species,1558,,No,k__Bacteria|p__Bacteroidetes|c__Bacteroidia|o__Bacteroidales|f__Prevotellaceae|g__Prevotella|s__Prevotella_amnii,No,Species,1558,1428.4722806448299,1687.5277193551701
No,Species,1559,,No,k__Bacteria|p__Bacteroidetes|c__Bacteroidia|o__Bacteroidales|f__Prevotellaceae|g__Prevotella|s__Prevotella_disiens,No,Species,1559,1429.4722806448299,1688.5277193551701
No,Species,1560,,No,k__Bacteria|p__Bacteroidetes|c__Bacteroidia|o__Bacteroidales|f__Prevotellaceae|g__Prevotella|s__Prevotella_intermedia,No,Species,1560,1430.4722806448299,1689.5277193551701
No,Species,1561,,No,k__Bacteria|p__Bacteroidetes|c__Bacteroidia|o__Bacteroidales|f__Prevotellaceae|g__Prevotella|s__Prevotella_nigrescens,No,Species,1561,1431.4722806448299,1690.5277193551701
Yes,Family,1563,,Yes,k__Bacteria|p__Bacteroidetes|c__Bacteroidia|o__Bacteroidales|f__Prevotellaceae,Yes,Family,1563,1433.4722806448299,1692.5277193551701
No,Species,1564,,No,k__Bacteria|p__Bacteroidetes|c__Bacteroidia|o__Bacteroidales|f__Prevotellaceae|g__Prevotella|s__Prevotella_pallens,No,Species,1564,1434.4722806448299,1693.5277193551701
No,Species,1565,,No,k__Bacteria|p__Bacteroidetes|c__Bacteroidia|o__Bacteroidales|f__Prevotellaceae|g__Prevotella|s__Prevotella_micans,No,Species,1565,1435.4722806448299,1694.5277193551701
Yes,Unknown,1566,,Yes,Unknown,Yes,Unknown,1566,1436.4722806448299,1695.5277193551701
Yes,Unknown,1567,,Yes,Unknown,Yes,Unknown,1567,1437.4722806448299,1696.5277193551701
Yes,Unknown,1568,,Yes,Unknown,Yes,Unknown,1568,1438.4722806448299,1697.5277193551701
Yes,Unknown,1577,,Yes,Unknown,Yes,Unknown,1577,1447.4722806448299,1706.5277193551701
Yes,Unknown,1579,,Yes,Unknown,Yes,Unknown,1579,1449.4722806448299,1708.5277193551701
Yes,Unknown,1580,,Yes,Unknown,Yes,Unknown,1580,1450.4722806448299,1709.5277193551701
Yes,Unknown,1581,,Yes,Unknown,Yes,Unknown,1581,1451.4722806448299,1710.5277193551701
Yes,Family,1583,,Yes,k__Bacteria|p__Bacteroidetes|c__Bacteroidia|o__Bacteroidales|f__Prevotellaceae,Yes,Family,1583,1453.4722806448299,1712.5277193551701
Yes,Family,1584,,Yes,k__Bacteria|p__Bacteroidetes|c__Bacteroidia|o__Bacteroidales|f__Prevotellaceae,Yes,Family,1584,1454.4722806448299,1713.5277193551701
No,Species,1585,,No,k__Bacteria|p__Bacteroidetes|c__Bacteroidia|o__Bacteroidales|f__Prevotellaceae|g__Prevotella|s__Prevotella_sp_CAG_487,No,Species,1585,1455.4722806448299,1714.5277193551701
Yes,Family,1586,,Yes,k__Bacteria|p__Bacteroidetes|c__Bacteroidia|o__Bacteroidales|f__Prevotellaceae,Yes,Family,1586,1456.4722806448299,1715.5277193551701
Yes,Family,1587,,Yes,k__Bacteria|p__Bacteroidetes|c__Bacteroidia|o__Bacteroidales|f__Prevotellaceae,Yes,Family,1587,1457.4722806448299,1716.5277193551701
No,Species,1588,,No,k__Bacteria|p__Bacteroidetes|c__Bacteroidia|o__Bacteroidales|f__Prevotellaceae|g__Prevotella|s__Prevotella_sp_109,No,Species,1588,1458.4722806448299,1717.5277193551701
No,Species,1589,,No,k__Bacteria|p__Bacteroidetes|c__Bacteroidia|o__Bacteroidales|f__Prevotellaceae|g__Prevotella|s__Prevotella_sp_CAG_1185,No,Species,1589,1459.4722806448299,1718.5277193551701
No,Species,1590,,No,k__Bacteria|p__Bacteroidetes|c__Bacteroidia|o__Bacteroidales|f__Prevotellaceae|g__Prevotella|s__Prevotella_sp_CAG_1058,No,Species,1590,1460.4722806448299,1719.5277193551701
Yes,Genus,1591,,Yes,k__Bacteria|p__Bacteroidetes|c__Bacteroidia|o__Bacteroidales|f__Prevotellaceae|g__Prevotella,Yes,Genus,1591,1461.4722806448299,1720.5277193551701
No,Species,1592,,No,k__Bacteria|p__Bacteroidetes|c__Bacteroidia|o__Bacteroidales|f__Prevotellaceae|g__Prevotella|s__Prevotella_sp_CAG_1124,No,Species,1592,1462.4722806448299,1721.5277193551701
Yes,Family,1593,,Yes,k__Bacteria|p__Bacteroidetes|c__Bacteroidia|o__Bacteroidales|f__Prevotellaceae,Yes,Family,1593,1463.4722806448299,1722.5277193551701
Yes,Family,1595,,Yes,k__Bacteria|p__Bacteroidetes|c__Bacteroidia|o__Bacteroidales|f__Prevotellaceae,Yes,Family,1595,1465.4722806448299,1724.5277193551701
Yes,Family,1596,,Yes,k__Bacteria|p__Bacteroidetes|c__Bacteroidia|o__Bacteroidales|f__Prevotellaceae,Yes,Family,1596,1466.4722806448299,1725.5277193551701
Yes,Family,1597,,Yes,k__Bacteria|p__Bacteroidetes|c__Bacteroidia|o__Bacteroidales|f__Prevotellaceae,Yes,Family,1597,1467.4722806448299,1726.5277193551701
Yes,Family,1598,,Yes,k__Bacteria|p__Bacteroidetes|c__Bacteroidia|o__Bacteroidales|f__Prevotellaceae,Yes,Family,1598,1468.4722806448299,1727.5277193551701
Yes,Family,1600,,Yes,k__Bacteria|p__Bacteroidetes|c__Bacteroidia|o__Bacteroidales|f__Prevotellaceae,Yes,Family,1600,1470.4722806448299,1729.5277193551701
Yes,Family,1601,,Yes,k__Bacteria|p__Bacteroidetes|c__Bacteroidia|o__Bacteroidales|f__Prevotellaceae,Yes,Family,1601,1471.4722806448299,1730.5277193551701
Yes,Family,1602,,Yes,k__Bacteria|p__Bacteroidetes|c__Bacteroidia|o__Bacteroidales|f__Prevotellaceae,Yes,Family,1602,1472.4722806448299,1731.5277193551701
Yes,Family,1603,,Yes,k__Bacteria|p__Bacteroidetes|c__Bacteroidia|o__Bacteroidales|f__Prevotellaceae,Yes,Family,1603,1473.4722806448299,1732.5277193551701
Yes,Family,1604,,Yes,k__Bacteria|p__Bacteroidetes|c__Bacteroidia|o__Bacteroidales|f__Prevotellaceae,Yes,Family,1604,1474.4722806448299,1733.5277193551701
No,Species,1606,,No,k__Bacteria|p__Bacteroidetes|c__Bacteroidia|o__Bacteroidales|f__Prevotellaceae|g__Prevotella|s__Prevotella_sp_P3_120,No,Species,1606,1476.4722806448299,1735.5277193551701
Yes,Genus,1612,,Yes,k__Bacteria|p__Bacteroidetes|c__Bacteroidia|o__Bacteroidales|f__Prevotellaceae|g__Prevotella,Yes,Genus,1612,1482.4722806448299,1741.5277193551701
No,Species,1613,,No,k__Bacteria|p__Bacteroidetes|c__Bacteroidia|o__Bacteroidales|f__Prevotellaceae|g__Prevotella|s__Prevotella_sp_CAG_386,No,Species,1613,1483.4722806448299,1742.5277193551701
No,Species,1614,,No,k__Bacteria|p__Bacteroidetes|c__Bacteroidia|o__Bacteroidales|f__Prevotellaceae|g__Prevotella|s__Prevotella_sp_CAG_732,No,Species,1614,1484.4722806448299,1743.5277193551701
No,Species,1615,,No,k__Bacteria|p__Bacteroidetes|c__Bacteroidia|o__Bacteroidales|f__Prevotellaceae|g__Prevotella|s__Prevotella_sp_CAG_604,No,Species,1615,1485.4722806448299,1744.5277193551701
Yes,Genus,1617,,Yes,k__Bacteria|p__Bacteroidetes|c__Bacteroidia|o__Bacteroidales|f__Prevotellaceae|g__Prevotella,Yes,Genus,1617,1487.4722806448299,1746.5277193551701
Yes,Genus,1618,,Yes,k__Bacteria|p__Bacteroidetes|c__Bacteroidia|o__Bacteroidales|f__Prevotellaceae|g__Prevotella,Yes,Genus,1618,1488.4722806448299,1747.5277193551701
Yes,Genus,1619,,Yes,k__Bacteria|p__Bacteroidetes|c__Bacteroidia|o__Bacteroidales|f__Prevotellaceae|g__Prevotella,Yes,Genus,1619,1489.4722806448299,1748.5277193551701
Yes,Genus,1620,,Yes,k__Bacteria|p__Bacteroidetes|c__Bacteroidia|o__Bacteroidales|f__Prevotellaceae|g__Prevotella,Yes,Genus,1620,1490.4722806448299,1749.5277193551701
Yes,Genus,1621,,Yes,k__Bacteria|p__Bacteroidetes|c__Bacteroidia|o__Bacteroidales|f__Prevotellaceae|g__Prevotella,Yes,Genus,1621,1491.4722806448299,1750.5277193551701
Yes,Genus,1622,,Yes,k__Bacteria|p__Bacteroidetes|c__Bacteroidia|o__Bacteroidales|f__Prevotellaceae|g__Prevotella,Yes,Genus,1622,1492.4722806448299,1751.5277193551701
Yes,Family,1623,,Yes,k__Bacteria|p__Bacteroidetes|c__Bacteroidia|o__Bacteroidales|f__Prevotellaceae,Yes,Family,1623,1493.4722806448299,1752.5277193551701
Yes,Genus,1624,,Yes,k__Bacteria|p__Bacteroidetes|c__Bacteroidia|o__Bacteroidales|f__Prevotellaceae|g__Prevotella,Yes,Genus,1624,1494.4722806448299,1753.5277193551701
Yes,Genus,1625,,Yes,k__Bacteria|p__Bacteroidetes|c__Bacteroidia|o__Bacteroidales|f__Prevotellaceae|g__Prevotella,Yes,Genus,1625,1495.4722806448299,1754.5277193551701
No,Species,1626,,No,k__Bacteria|p__Bacteroidetes|c__Bacteroidia|o__Bacteroidales|f__Prevotellaceae|g__Prevotella|s__Prevotella_copri,No,Species,1626,1496.4722806448299,1755.5277193551701
Yes,Genus,1631,,Yes,k__Bacteria|p__Bacteroidetes|c__Bacteroidia|o__Bacteroidales|f__Prevotellaceae|g__Prevotella,Yes,Genus,1631,1501.4722806448299,1760.5277193551701
Yes,Genus,1632,,Yes,k__Bacteria|p__Bacteroidetes|c__Bacteroidia|o__Bacteroidales|f__Prevotellaceae|g__Prevotella,Yes,Genus,1632,1502.4722806448299,1761.5277193551701
Yes,Genus,1633,,Yes,k__Bacteria|p__Bacteroidetes|c__Bacteroidia|o__Bacteroidales|f__Prevotellaceae|g__Prevotella,Yes,Genus,1633,1503.4722806448299,1762.5277193551701
Yes,Genus,1635,,Yes,k__Bacteria|p__Bacteroidetes|c__Bacteroidia|o__Bacteroidales|f__Prevotellaceae|g__Prevotella,Yes,Genus,1635,1505.4722806448299,1764.5277193551701
Yes,Genus,1636,,Yes,k__Bacteria|p__Bacteroidetes|c__Bacteroidia|o__Bacteroidales|f__Prevotellaceae|g__Prevotella,Yes,Genus,1636,1506.4722806448299,1765.5277193551701
Yes,Genus,1637,,Yes,k__Bacteria|p__Bacteroidetes|c__Bacteroidia|o__Bacteroidales|f__Prevotellaceae|g__Prevotella,Yes,Genus,1637,1507.4722806448299,1766.5277193551701
Yes,Genus,1638,,Yes,k__Bacteria|p__Bacteroidetes|c__Bacteroidia|o__Bacteroidales|f__Prevotellaceae|g__Prevotella,Yes,Genus,1638,1508.4722806448299,1767.5277193551701
Yes,Genus,1639,,Yes,k__Bacteria|p__Bacteroidetes|c__Bacteroidia|o__Bacteroidales|f__Prevotellaceae|g__Prevotella,Yes,Genus,1639,1509.4722806448299,1768.5277193551701
Yes,Genus,1640,,Yes,k__Bacteria|p__Bacteroidetes|c__Bacteroidia|o__Bacteroidales|f__Prevotellaceae|g__Prevotella,Yes,Genus,1640,1510.4722806448299,1769.5277193551701
Yes,Genus,1642,,Yes,k__Bacteria|p__Bacteroidetes|c__Bacteroidia|o__Bacteroidales|f__Prevotellaceae|g__Prevotella,Yes,Genus,1642,1512.4722806448299,1771.5277193551701
No,Species,1644,,No,k__Bacteria|p__Bacteroidetes|c__Bacteroidia|o__Bacteroidales|f__Prevotellaceae|g__Prevotella|s__Prevotella_copri,No,Species,1644,1514.4722806448299,1773.5277193551701
Yes,Genus,1646,,Yes,k__Bacteria|p__Bacteroidetes|c__Bacteroidia|o__Bacteroidales|f__Prevotellaceae|g__Prevotella,Yes,Genus,1646,1516.4722806448299,1775.5277193551701
Yes,Genus,1647,,Yes,k__Bacteria|p__Bacteroidetes|c__Bacteroidia|o__Bacteroidales|f__Prevotellaceae|g__Prevotella,Yes,Genus,1647,1517.4722806448299,1776.5277193551701
Yes,Genus,1648,,Yes,k__Bacteria|p__Bacteroidetes|c__Bacteroidia|o__Bacteroidales|f__Prevotellaceae|g__Prevotella,Yes,Genus,1648,1518.4722806448299,1777.5277193551701
Yes,Genus,1649,,Yes,k__Bacteria|p__Bacteroidetes|c__Bacteroidia|o__Bacteroidales|f__Prevotellaceae|g__Prevotella,Yes,Genus,1649,1519.4722806448299,1778.5277193551701
Yes,Genus,1650,,Yes,k__Bacteria|p__Bacteroidetes|c__Bacteroidia|o__Bacteroidales|f__Prevotellaceae|g__Prevotella,Yes,Genus,1650,1520.4722806448299,1779.5277193551701
Yes,Genus,1651,,Yes,k__Bacteria|p__Bacteroidetes|c__Bacteroidia|o__Bacteroidales|f__Prevotellaceae|g__Prevotella,Yes,Genus,1651,1521.4722806448299,1780.5277193551701
Yes,Genus,1652,,Yes,k__Bacteria|p__Bacteroidetes|c__Bacteroidia|o__Bacteroidales|f__Prevotellaceae|g__Prevotella,Yes,Genus,1652,1522.4722806448299,1781.5277193551701
Yes,Genus,1653,,Yes,k__Bacteria|p__Bacteroidetes|c__Bacteroidia|o__Bacteroidales|f__Prevotellaceae|g__Prevotella,Yes,Genus,1653,1523.4722806448299,1782.5277193551701
Yes,Genus,1654,,Yes,k__Bacteria|p__Bacteroidetes|c__Bacteroidia|o__Bacteroidales|f__Prevotellaceae|g__Prevotella,Yes,Genus,1654,1524.4722806448299,1783.5277193551701
Yes,Genus,1655,,Yes,k__Bacteria|p__Bacteroidetes|c__Bacteroidia|o__Bacteroidales|f__Prevotellaceae|g__Prevotella,Yes,Genus,1655,1525.4722806448299,1784.5277193551701
Yes,Genus,1656,,Yes,k__Bacteria|p__Bacteroidetes|c__Bacteroidia|o__Bacteroidales|f__Prevotellaceae|g__Prevotella,Yes,Genus,1656,1526.4722806448299,1785.5277193551701
No,Species,1657,,No,k__Bacteria|p__Bacteroidetes|c__Bacteroidia|o__Bacteroidales|f__Prevotellaceae|g__Prevotella|s__Prevotella_sp_CAG_1092,No,Species,1657,1527.4722806448299,1786.5277193551701
Yes,Genus,1658,,Yes,k__Bacteria|p__Bacteroidetes|c__Bacteroidia|o__Bacteroidales|f__Prevotellaceae|g__Prevotella,Yes,Genus,1658,1528.4722806448299,1787.5277193551701
Yes,Family,1659,,Yes,k__Bacteria|p__Bacteroidetes|c__Bacteroidia|o__Bacteroidales|f__Prevotellaceae,Yes,Family,1659,1529.4722806448299,1788.5277193551701
No,Species,1662,,No,k__Bacteria|p__Bacteroidetes|c__Bacteroidia|o__Bacteroidales|f__Prevotellaceae|g__Prevotella|s__Prevotella_sp_CAG_592,No,Species,1662,1532.4722806448299,1791.5277193551701
Yes,Family,1663,,Yes,k__Bacteria|p__Bacteroidetes|c__Bacteroidia|o__Bacteroidales|f__Prevotellaceae,Yes,Family,1663,1533.4722806448299,1792.5277193551701
Yes,Family,1664,,Yes,k__Bacteria|p__Bacteroidetes|c__Bacteroidia|o__Bacteroidales|f__Prevotellaceae,Yes,Family,1664,1534.4722806448299,1793.5277193551701
Yes,Family,1665,,Yes,k__Bacteria|p__Bacteroidetes|c__Bacteroidia|o__Bacteroidales|f__Prevotellaceae,Yes,Family,1665,1535.4722806448299,1794.5277193551701
No,Species,1666,,No,k__Bacteria|p__Bacteroidetes|c__Bacteroidia|o__Bacteroidales|f__Prevotellaceae|g__Prevotella|s__Prevotella_sp_CAG_474,No,Species,1666,1536.4722806448299,1795.5277193551701
Yes,Family,1667,,Yes,k__Bacteria|p__Bacteroidetes|c__Bacteroidia|o__Bacteroidales|f__Prevotellaceae,Yes,Family,1667,1537.4722806448299,1796.5277193551701
Yes,Family,1668,,Yes,k__Bacteria|p__Bacteroidetes|c__Bacteroidia|o__Bacteroidales|f__Prevotellaceae,Yes,Family,1668,1538.4722806448299,1797.5277193551701
Yes,Family,1669,,Yes,k__Bacteria|p__Bacteroidetes|c__Bacteroidia|o__Bacteroidales|f__Prevotellaceae,Yes,Family,1669,1539.4722806448299,1798.5277193551701
Yes,Family,1670,,Yes,k__Bacteria|p__Bacteroidetes|c__Bacteroidia|o__Bacteroidales|f__Prevotellaceae,Yes,Family,1670,1540.4722806448299,1799.5277193551701
Yes,Family,1671,,Yes,k__Bacteria|p__Bacteroidetes|c__Bacteroidia|o__Bacteroidales|f__Prevotellaceae,Yes,Family,1671,1541.4722806448299,1800.5277193551701
Yes,Family,1672,,Yes,k__Bacteria|p__Bacteroidetes|c__Bacteroidia|o__Bacteroidales|f__Prevotellaceae,Yes,Family,1672,1542.4722806448299,1801.5277193551701
Yes,Family,1673,,Yes,k__Bacteria|p__Bacteroidetes|c__Bacteroidia|o__Bacteroidales|f__Prevotellaceae,Yes,Family,1673,1543.4722806448299,1802.5277193551701
Yes,Family,1674,,Yes,k__Bacteria|p__Bacteroidetes|c__Bacteroidia|o__Bacteroidales|f__Prevotellaceae,Yes,Family,1674,1544.4722806448299,1803.5277193551701
Yes,Family,1675,,Yes,k__Bacteria|p__Bacteroidetes|c__Bacteroidia|o__Bacteroidales|f__Prevotellaceae,Yes,Family,1675,1545.4722806448299,1804.5277193551701
Yes,Family,1676,,Yes,k__Bacteria|p__Bacteroidetes|c__Bacteroidia|o__Bacteroidales|f__Prevotellaceae,Yes,Family,1676,1546.4722806448299,1805.5277193551701
No,Species,1677,,No,k__Bacteria|p__Bacteroidetes|c__Bacteroidia|o__Bacteroidales|f__Prevotellaceae|g__Prevotella|s__Prevotella_sp_885,No,Species,1677,1547.4722806448299,1806.5277193551701
No,Species,1679,,No,k__Bacteria|p__Bacteroidetes|c__Bacteroidia|o__Bacteroidales|f__Prevotellaceae|g__Prevotella|s__Prevotella_stercorea,No,Species,1679,1549.4722806448299,1808.5277193551701
No,Species,1680,,No,k__Bacteria|p__Bacteroidetes|c__Bacteroidia|o__Bacteroidales|f__Prevotellaceae|g__Prevotella|s__Prevotella_sp_CAG_520,No,Species,1680,1550.4722806448299,1809.5277193551701
Yes,Family,1683,,Yes,k__Bacteria|p__Bacteroidetes|c__Bacteroidia|o__Bacteroidales|f__Prevotellaceae,Yes,Family,1683,1553.4722806448299,1812.5277193551701
No,Species,1684,,No,k__Bacteria|p__Bacteroidetes|c__Bacteroidia|o__Bacteroidales|f__Prevotellaceae|g__Prevotella|s__Prevotella_sp_CAG_924,No,Species,1684,1554.4722806448299,1813.5277193551701
Yes,Family,1685,,Yes,k__Bacteria|p__Bacteroidetes|c__Bacteroidia|o__Bacteroidales|f__Prevotellaceae,Yes,Family,1685,1555.4722806448299,1814.5277193551701
Yes,Family,1687,,Yes,k__Bacteria|p__Bacteroidetes|c__Bacteroidia|o__Bacteroidales|f__Prevotellaceae,Yes,Family,1687,1557.4722806448299,1816.5277193551701
Yes,Family,1688,,Yes,k__Bacteria|p__Bacteroidetes|c__Bacteroidia|o__Bacteroidales|f__Prevotellaceae,Yes,Family,1688,1558.4722806448299,1817.5277193551701
Yes,Family,1689,,Yes,k__Bacteria|p__Bacteroidetes|c__Bacteroidia|o__Bacteroidales|f__Prevotellaceae,Yes,Family,1689,1559.4722806448299,1818.5277193551701
Yes,Family,1690,,Yes,k__Bacteria|p__Bacteroidetes|c__Bacteroidia|o__Bacteroidales|f__Prevotellaceae,Yes,Family,1690,1560.4722806448299,1819.5277193551701
Yes,Family,1691,,Yes,k__Bacteria|p__Bacteroidetes|c__Bacteroidia|o__Bacteroidales|f__Prevotellaceae,Yes,Family,1691,1561.4722806448299,1820.5277193551701
Yes,Family,1692,,Yes,k__Bacteria|p__Bacteroidetes|c__Bacteroidia|o__Bacteroidales|f__Prevotellaceae,Yes,Family,1692,1562.4722806448299,1821.5277193551701
Yes,Family,1695,,Yes,k__Bacteria|p__Bacteroidetes|c__Bacteroidia|o__Bacteroidales|f__Prevotellaceae,Yes,Family,1695,1565.4722806448299,1824.5277193551701
No,Species,1697,,No,k__Bacteria|p__Bacteroidetes|c__Bacteroidia|o__Bacteroidales|f__Prevotellaceae|g__Prevotella|s__Prevotella_sp_CAG_1320,No,Species,1697,1567.4722806448299,1826.5277193551701
Yes,Family,1699,,Yes,k__Bacteria|p__Bacteroidetes|c__Bacteroidia|o__Bacteroidales|f__Prevotellaceae,Yes,Family,1699,1569.4722806448299,1828.5277193551701
Yes,Family,1701,,Yes,k__Bacteria|p__Bacteroidetes|c__Bacteroidia|o__Bacteroidales|f__Prevotellaceae,Yes,Family,1701,1571.4722806448299,1830.5277193551701
No,Species,1702,,No,k__Bacteria|p__Bacteroidetes|c__Bacteroidia|o__Bacteroidales|f__Prevotellaceae|g__Prevotella|s__Prevotella_multisaccharivorax,No,Species,1702,1572.4722806448299,1831.5277193551701
Yes,Family,1704,,Yes,k__Bacteria|p__Bacteroidetes|c__Bacteroidia|o__Bacteroidales|f__Prevotellaceae,Yes,Family,1704,1574.4722806448299,1833.5277193551701
Yes,Family,1705,,Yes,k__Bacteria|p__Bacteroidetes|c__Bacteroidia|o__Bacteroidales|f__Prevotellaceae,Yes,Family,1705,1575.4722806448299,1834.5277193551701
No,Species,1710,,No,k__Bacteria|p__Bacteroidetes|c__Bacteroidia|o__Bacteroidales|f__Prevotellaceae|g__Prevotella|s__Prevotella_sp_P3_122,No,Species,1710,1580.4722806448299,1839.5277193551701
Yes,Unknown,1714,,Yes,Unknown,Yes,Unknown,1714,1584.4722806448299,1843.5277193551701
Yes,Unknown,1715,,Yes,Unknown,Yes,Unknown,1715,1585.4722806448299,1844.5277193551701
Yes,Family,1769,,Yes,k__Bacteria|p__Bacteroidetes|c__Bacteroidia|o__Bacteroidales|f__Dysgonamonadaceae,Yes,Family,1769,1639.4722806448299,1898.5277193551701
No,Species,1773,,No,k__Bacteria|p__Bacteroidetes|c__Bacteroidia|o__Bacteroidales|f__Dysgonamonadaceae|g__Dysgonomonas|s__Dysgonomonas_mossii,No,Species,1773,1643.4722806448299,1902.5277193551701
Yes,Genus,1777,,Yes,k__Bacteria|p__Bacteroidetes|c__Bacteroidia|o__Bacteroidales|f__Porphyromonadaceae|g__Sanguibacteroides,Yes,Genus,1777,1647.4722806448299,1906.5277193551701
Yes,Family,1778,,Yes,k__Bacteria|p__Bacteroidetes|c__Bacteroidia|o__Bacteroidales|f__Odoribacteraceae,Yes,Family,1778,1648.4722806448299,1907.5277193551701
Yes,Family,1779,,Yes,k__Bacteria|p__Bacteroidetes|c__Bacteroidia|o__Bacteroidales|f__Odoribacteraceae,Yes,Family,1779,1649.4722806448299,1908.5277193551701
Yes,Family,1780,,Yes,k__Bacteria|p__Bacteroidetes|c__Bacteroidia|o__Bacteroidales|f__Odoribacteraceae,Yes,Family,1780,1650.4722806448299,1909.5277193551701
Yes,Family,1781,,Yes,k__Bacteria|p__Bacteroidetes|c__Bacteroidia|o__Bacteroidales|f__Odoribacteraceae,Yes,Family,1781,1651.4722806448299,1910.5277193551701
Yes,Genus,1782,,Yes,k__Bacteria|p__Bacteroidetes|c__Bacteroidia|o__Bacteroidales|f__Odoribacteraceae|g__Butyricimonas,Yes,Genus,1782,1652.4722806448299,1911.5277193551701
Yes,Genus,1783,,Yes,k__Bacteria|p__Bacteroidetes|c__Bacteroidia|o__Bacteroidales|f__Odoribacteraceae|g__Butyricimonas,Yes,Genus,1783,1653.4722806448299,1912.5277193551701
Yes,Genus,1784,,Yes,k__Bacteria|p__Bacteroidetes|c__Bacteroidia|o__Bacteroidales|f__Odoribacteraceae|g__Butyricimonas,Yes,Genus,1784,1654.4722806448299,1913.5277193551701
No,Species,1785,,No,k__Bacteria|p__Bacteroidetes|c__Bacteroidia|o__Bacteroidales|f__Odoribacteraceae|g__Butyricimonas|s__Butyricimonas_sp_An62,No,Species,1785,1655.4722806448299,1914.5277193551701
No,Species,1786,,No,k__Bacteria|p__Bacteroidetes|c__Bacteroidia|o__Bacteroidales|f__Odoribacteraceae|g__Butyricimonas|s__Butyricimonas_synergistica,No,Species,1786,1656.4722806448299,1915.5277193551701
Yes,Family,1787,,Yes,k__Bacteria|p__Bacteroidetes|c__Bacteroidia|o__Bacteroidales|f__Odoribacteraceae,Yes,Family,1787,1657.4722806448299,1916.5277193551701
Yes,Family,1788,,Yes,k__Bacteria|p__Bacteroidetes|c__Bacteroidia|o__Bacteroidales|f__Odoribacteraceae,Yes,Family,1788,1658.4722806448299,1917.5277193551701
Yes,Family,1789,,Yes,k__Bacteria|p__Bacteroidetes|c__Bacteroidia|o__Bacteroidales|f__Odoribacteraceae,Yes,Family,1789,1659.4722806448299,1918.5277193551701
No,Species,1790,,No,k__Bacteria|p__Bacteroidetes|c__Bacteroidia|o__Bacteroidales|f__Odoribacteraceae|g__Odoribacter|s__Odoribacter_splanchnicus,No,Species,1790,1660.4722806448299,1919.5277193551701
No,Species,1791,,No,k__Bacteria|p__Bacteroidetes|c__Bacteroidia|o__Bacteroidales|f__Odoribacteraceae|g__Odoribacter|s__Odoribacter_sp_CAG_788,No,Species,1791,1661.4722806448299,1920.5277193551701
No,Species,1792,,No,k__Bacteria|p__Bacteroidetes|c__Bacteroidia|o__Bacteroidales|f__Odoribacteraceae|g__Odoribacter|s__Odoribacter_laneus,No,Species,1792,1662.4722806448299,1921.5277193551701
Yes,Family,1793,,Yes,k__Bacteria|p__Bacteroidetes|c__Bacteroidia|o__Bacteroidales|f__Odoribacteraceae,Yes,Family,1793,1663.4722806448299,1922.5277193551701
Yes,Unknown,1795,,Yes,Unknown,Yes,Unknown,1795,1665.4722806448299,1924.5277193551701
Yes,Family,1796,,Yes,k__Bacteria|p__Bacteroidetes|c__Bacteroidia|o__Bacteroidales|f__Prevotellaceae,Yes,Family,1796,1666.4722806448299,1925.5277193551701
No,Species,1797,,No,k__Bacteria|p__Bacteroidetes|c__Bacteroidia|o__Bacteroidales|f__Prevotellaceae|g__Paraprevotella|s__Paraprevotella_xylaniphila,No,Species,1797,1667.4722806448299,1926.5277193551701
No,Species,1798,,No,k__Bacteria|p__Bacteroidetes|c__Bacteroidia|o__Bacteroidales|f__Prevotellaceae|g__Paraprevotella|s__Paraprevotella_clara,No,Species,1798,1668.4722806448299,1927.5277193551701
Yes,Family,1799,,Yes,k__Bacteria|p__Bacteroidetes|c__Bacteroidia|o__Bacteroidales|f__Prevotellaceae,Yes,Family,1799,1669.4722806448299,1928.5277193551701
Yes,Family,1800,,Yes,k__Bacteria|p__Bacteroidetes|c__Bacteroidia|o__Bacteroidales|f__Prevotellaceae,Yes,Family,1800,1670.4722806448299,1929.5277193551701
Yes,Family,1801,,Yes,k__Bacteria|p__Bacteroidetes|c__Bacteroidia|o__Bacteroidales|f__Prevotellaceae,Yes,Family,1801,1671.4722806448299,1930.5277193551701
Yes,Unknown,1802,,Yes,Unknown,Yes,Unknown,1802,1672.4722806448299,1931.5277193551701
Yes,Unknown,1803,,Yes,Unknown,Yes,Unknown,1803,1673.4722806448299,1932.5277193551701
Yes,Unknown,1804,,Yes,Unknown,Yes,Unknown,1804,1674.4722806448299,1933.5277193551701
Yes,Unknown,1805,,Yes,Unknown,Yes,Unknown,1805,1675.4722806448299,1934.5277193551701
No,Species,1806,,No,k__Bacteria|p__Bacteroidetes|c__Bacteroidia|o__Bacteroidales|f__Bacteroidaceae|g__Bacteroides|s__Bacteroides_pyogenes,No,Species,1806,1676.4722806448299,1935.5277193551701
Yes,Family,1808,,Yes,k__Bacteria|p__Bacteroidetes|c__Bacteroidia|o__Bacteroidales|f__Bacteroidaceae,Yes,Family,1808,1678.4722806448299,1937.5277193551701
Yes,Family,1809,,Yes,k__Bacteria|p__Bacteroidetes|c__Bacteroidia|o__Bacteroidales|f__Bacteroidaceae,Yes,Family,1809,1679.4722806448299,1938.5277193551701
Yes,Genus,1810,,Yes,k__Bacteria|p__Bacteroidetes|c__Bacteroidia|o__Bacteroidales|f__Bacteroidaceae|g__Bacteroides,Yes,Genus,1810,1680.4722806448299,1939.5277193551701
Yes,Genus,1811,,Yes,k__Bacteria|p__Bacteroidetes|c__Bacteroidia|o__Bacteroidales|f__Bacteroidaceae|g__Bacteroides,Yes,Genus,1811,1681.4722806448299,1940.5277193551701
No,Species,1812,,No,k__Bacteria|p__Bacteroidetes|c__Bacteroidia|o__Bacteroidales|f__Bacteroidaceae|g__Bacteroides|s__Bacteroides_massiliensis,No,Species,1812,1682.4722806448299,1941.5277193551701
No,Species,1813,,No,k__Bacteria|p__Bacteroidetes|c__Bacteroidia|o__Bacteroidales|f__Bacteroidaceae|g__Bacteroides|s__Bacteroides_sartorii,No,Species,1813,1683.4722806448299,1942.5277193551701
No,Species,1814,,No,k__Bacteria|p__Bacteroidetes|c__Bacteroidia|o__Bacteroidales|f__Bacteroidaceae|g__Bacteroides|s__Bacteroides_vulgatus,No,Species,1814,1684.4722806448299,1943.5277193551701
No,Species,1815,,No,k__Bacteria|p__Bacteroidetes|c__Bacteroidia|o__Bacteroidales|f__Bacteroidaceae|g__Bacteroides|s__Bacteroides_dorei,No,Species,1815,1685.4722806448299,1944.5277193551701
Yes,Genus,1816,,Yes,k__Bacteria|p__Bacteroidetes|c__Bacteroidia|o__Bacteroidales|f__Bacteroidaceae|g__Bacteroides,Yes,Genus,1816,1686.4722806448299,1945.5277193551701
Yes,Genus,1817,,Yes,k__Bacteria|p__Bacteroidetes|c__Bacteroidia|o__Bacteroidales|f__Bacteroidaceae|g__Bacteroides,Yes,Genus,1817,1687.4722806448299,1946.5277193551701
Yes,Family,1818,,Yes,k__Bacteria|p__Bacteroidetes|c__Bacteroidia|o__Bacteroidales|f__Bacteroidaceae,Yes,Family,1818,1688.4722806448299,1947.5277193551701
Yes,Family,1819,,Yes,k__Bacteria|p__Bacteroidetes|c__Bacteroidia|o__Bacteroidales|f__Bacteroidaceae,Yes,Family,1819,1689.4722806448299,1948.5277193551701
Yes,Genus,1820,,Yes,k__Bacteria|p__Bacteroidetes|c__Bacteroidia|o__Bacteroidales|f__Bacteroidaceae|g__Bacteroides,Yes,Genus,1820,1690.4722806448299,1949.5277193551701
No,Species,1821,,No,k__Bacteria|p__Bacteroidetes|c__Bacteroidia|o__Bacteroidales|f__Bacteroidaceae|g__Bacteroides|s__Bacteroides_sp_CAG_633,No,Species,1821,1691.4722806448299,1950.5277193551701
No,Species,1822,,No,k__Bacteria|p__Bacteroidetes|c__Bacteroidia|o__Bacteroidales|f__Bacteroidaceae|g__Bacteroides|s__Bacteroides_sp_CAG_598,No,Species,1822,1692.4722806448299,1951.5277193551701
Yes,Genus,1823,,Yes,k__Bacteria|p__Bacteroidetes|c__Bacteroidia|o__Bacteroidales|f__Bacteroidaceae|g__Bacteroides,Yes,Genus,1823,1693.4722806448299,1952.5277193551701
No,Species,1824,,No,k__Bacteria|p__Bacteroidetes|c__Bacteroidia|o__Bacteroidales|f__Bacteroidaceae|g__Bacteroides|s__Bacteroides_sp_CAG_661,No,Species,1824,1694.4722806448299,1953.5277193551701
Yes,Family,1825,,Yes,k__Bacteria|p__Bacteroidetes|c__Bacteroidia|o__Bacteroidales|f__Bacteroidaceae,Yes,Family,1825,1695.4722806448299,1954.5277193551701
Yes,Family,1826,,Yes,k__Bacteria|p__Bacteroidetes|c__Bacteroidia|o__Bacteroidales|f__Bacteroidaceae,Yes,Family,1826,1696.4722806448299,1955.5277193551701
Yes,Family,1827,,Yes,k__Bacteria|p__Bacteroidetes|c__Bacteroidia|o__Bacteroidales|f__Bacteroidaceae,Yes,Family,1827,1697.4722806448299,1956.5277193551701
Yes,Family,1828,,Yes,k__Bacteria|p__Bacteroidetes|c__Bacteroidia|o__Bacteroidales|f__Bacteroidaceae,Yes,Family,1828,1698.4722806448299,1957.5277193551701
No,Species,1829,,No,k__Bacteria|p__Bacteroidetes|c__Bacteroidia|o__Bacteroidales|f__Bacteroidaceae|g__Bacteroides|s__Bacteroides_eggerthii,No,Species,1829,1699.4722806448299,1958.5277193551701
No,Species,1830,,No,k__Bacteria|p__Bacteroidetes|c__Bacteroidia|o__Bacteroidales|f__Bacteroidaceae|g__Bacteroides|s__Bacteroides_stercoris,No,Species,1830,1700.4722806448299,1959.5277193551701
Yes,Genus,1831,,Yes,k__Bacteria|p__Bacteroidetes|c__Bacteroidia|o__Bacteroidales|f__Bacteroidaceae|g__Bacteroides,Yes,Genus,1831,1701.4722806448299,1960.5277193551701
No,Species,1832,,No,k__Bacteria|p__Bacteroidetes|c__Bacteroidia|o__Bacteroidales|f__Bacteroidaceae|g__Bacteroides|s__Bacteroides_clarus,No,Species,1832,1702.4722806448299,1961.5277193551701
Yes,Family,1833,,Yes,k__Bacteria|p__Bacteroidetes|c__Bacteroidia|o__Bacteroidales|f__Bacteroidaceae,Yes,Family,1833,1703.4722806448299,1962.5277193551701
Yes,Family,1834,,Yes,k__Bacteria|p__Bacteroidetes|c__Bacteroidia|o__Bacteroidales|f__Bacteroidaceae,Yes,Family,1834,1704.4722806448299,1963.5277193551701
No,Species,1835,,No,k__Bacteria|p__Bacteroidetes|c__Bacteroidia|o__Bacteroidales|f__Bacteroidaceae|g__Bacteroides|s__Bacteroides_fluxus,No,Species,1835,1705.4722806448299,1964.5277193551701
No,Species,1836,,No,k__Bacteria|p__Bacteroidetes|c__Bacteroidia|o__Bacteroidales|f__Bacteroidaceae|g__Bacteroides|s__Bacteroides_uniformis,No,Species,1836,1706.4722806448299,1965.5277193551701
Yes,Genus,1838,,Yes,k__Bacteria|p__Bacteroidetes|c__Bacteroidia|o__Bacteroidales|f__Bacteroidaceae|g__Bacteroides,Yes,Genus,1838,1708.4722806448299,1967.5277193551701
Yes,Family,1840,,Yes,k__Bacteria|p__Bacteroidetes|c__Bacteroidia|o__Bacteroidales|f__Bacteroidaceae,Yes,Family,1840,1710.4722806448299,1969.5277193551701
Yes,Genus,1842,,Yes,k__Bacteria|p__Bacteroidetes|c__Bacteroidia|o__Bacteroidales|f__Bacteroidaceae|g__Bacteroides,Yes,Genus,1842,1712.4722806448299,1971.5277193551701
Yes,Genus,1843,,Yes,k__Bacteria|p__Bacteroidetes|c__Bacteroidia|o__Bacteroidales|f__Bacteroidaceae|g__Bacteroides,Yes,Genus,1843,1713.4722806448299,1972.5277193551701
No,Species,1844,,No,k__Bacteria|p__Bacteroidetes|c__Bacteroidia|o__Bacteroidales|f__Bacteroidaceae|g__Bacteroides|s__Bacteroides_cellulosilyticus,No,Species,1844,1714.4722806448299,1973.5277193551701
No,Species,1845,,No,k__Bacteria|p__Bacteroidetes|c__Bacteroidia|o__Bacteroidales|f__Bacteroidaceae|g__Bacteroides|s__Bacteroides_intestinalis_CAG_315,No,Species,1845,1715.4722806448299,1974.5277193551701
No,Species,1846,,No,k__Bacteria|p__Bacteroidetes|c__Bacteroidia|o__Bacteroidales|f__Bacteroidaceae|g__Bacteroides|s__Bacteroides_intestinalis,No,Species,1846,1716.4722806448299,1975.5277193551701
Yes,Genus,1847,,Yes,k__Bacteria|p__Bacteroidetes|c__Bacteroidia|o__Bacteroidales|f__Bacteroidaceae|g__Bacteroides,Yes,Genus,1847,1717.4722806448299,1976.5277193551701
No,Species,1848,,No,k__Bacteria|p__Bacteroidetes|c__Bacteroidia|o__Bacteroidales|f__Bacteroidaceae|g__Bacteroides|s__Bacteroides_oleiciplenus,No,Species,1848,1718.4722806448299,1977.5277193551701
Yes,Genus,1849,,Yes,k__Bacteria|p__Bacteroidetes|c__Bacteroidia|o__Bacteroidales|f__Bacteroidaceae|g__Bacteroides,Yes,Genus,1849,1719.4722806448299,1978.5277193551701
Yes,Genus,1851,,Yes,k__Bacteria|p__Bacteroidetes|c__Bacteroidia|o__Bacteroidales|f__Bacteroidaceae|g__Bacteroides,Yes,Genus,1851,1721.4722806448299,1980.5277193551701
No,Species,1853,,No,k__Bacteria|p__Bacteroidetes|c__Bacteroidia|o__Bacteroidales|f__Bacteroidaceae|g__Bacteroides|s__Bacteroides_fragilis,No,Species,1853,1723.4722806448299,1982.5277193551701
Yes,Genus,1854,,Yes,k__Bacteria|p__Bacteroidetes|c__Bacteroidia|o__Bacteroidales|f__Bacteroidaceae|g__Bacteroides,Yes,Genus,1854,1724.4722806448299,1983.5277193551701
No,Species,1855,,No,k__Bacteria|p__Bacteroidetes|c__Bacteroidia|o__Bacteroidales|f__Bacteroidaceae|g__Bacteroides|s__Bacteroides_fragilis,No,Species,1855,1725.4722806448299,1984.5277193551701
Yes,Genus,1856,,Yes,k__Bacteria|p__Bacteroidetes|c__Bacteroidia|o__Bacteroidales|f__Bacteroidaceae|g__Bacteroides,Yes,Genus,1856,1726.4722806448299,1985.5277193551701
No,Species,1857,,No,k__Bacteria|p__Bacteroidetes|c__Bacteroidia|o__Bacteroidales|f__Bacteroidaceae|g__Bacteroides|s__Bacteroides_salyersiae,No,Species,1857,1727.4722806448299,1986.5277193551701
No,Species,1858,,No,k__Bacteria|p__Bacteroidetes|c__Bacteroidia|o__Bacteroidales|f__Bacteroidaceae|g__Bacteroides|s__Bacteroides_nordii,No,Species,1858,1728.4722806448299,1987.5277193551701
Yes,Family,1859,,Yes,k__Bacteria|p__Bacteroidetes|c__Bacteroidia|o__Bacteroidales|f__Bacteroidaceae,Yes,Family,1859,1729.4722806448299,1988.5277193551701
No,Species,1860,,No,k__Bacteria|p__Bacteroidetes|c__Bacteroidia|o__Bacteroidales|f__Bacteroidaceae|g__Bacteroides|s__Bacteroides_faecis,No,Species,1860,1730.4722806448299,1989.5277193551701
No,Species,1861,,No,k__Bacteria|p__Bacteroidetes|c__Bacteroidia|o__Bacteroidales|f__Bacteroidaceae|g__Bacteroides|s__Bacteroides_thetaiotaomicron,No,Species,1861,1731.4722806448299,1990.5277193551701
No,Species,1862,,No,k__Bacteria|p__Bacteroidetes|c__Bacteroidia|o__Bacteroidales|f__Bacteroidaceae|g__Bacteroides|s__Bacteroides_finegoldii,No,Species,1862,1732.4722806448299,1991.5277193551701
Yes,Genus,1865,,Yes,k__Bacteria|p__Bacteroidetes|c__Bacteroidia|o__Bacteroidales|f__Bacteroidaceae|g__Bacteroides,Yes,Genus,1865,1735.4722806448299,1994.5277193551701
Yes,Genus,1866,,Yes,k__Bacteria|p__Bacteroidetes|c__Bacteroidia|o__Bacteroidales|f__Bacteroidaceae|g__Bacteroides,Yes,Genus,1866,1736.4722806448299,1995.5277193551701
No,Species,1867,,No,k__Bacteria|p__Bacteroidetes|c__Bacteroidia|o__Bacteroidales|f__Bacteroidaceae|g__Bacteroides|s__Bacteroides_xylanisolvens,No,Species,1867,1737.4722806448299,1996.5277193551701
Yes,Genus,1868,,Yes,k__Bacteria|p__Bacteroidetes|c__Bacteroidia|o__Bacteroidales|f__Bacteroidaceae|g__Bacteroides,Yes,Genus,1868,1738.4722806448299,1997.5277193551701
Yes,Genus,1869,,Yes,k__Bacteria|p__Bacteroidetes|c__Bacteroidia|o__Bacteroidales|f__Bacteroidaceae|g__Bacteroides,Yes,Genus,1869,1739.4722806448299,1998.5277193551701
No,Species,1870,,No,k__Bacteria|p__Bacteroidetes|c__Bacteroidia|o__Bacteroidales|f__Bacteroidaceae|g__Bacteroides|s__Bacteroides_sp_D2,No,Species,1870,1740.4722806448299,1999.5277193551701
Yes,Genus,1871,,Yes,k__Bacteria|p__Bacteroidetes|c__Bacteroidia|o__Bacteroidales|f__Bacteroidaceae|g__Bacteroides,Yes,Genus,1871,1741.4722806448299,2000.5277193551701
No,Species,1872,,No,k__Bacteria|p__Bacteroidetes|c__Bacteroidia|o__Bacteroidales|f__Bacteroidaceae|g__Bacteroides|s__Bacteroides_ovatus,No,Species,1872,1742.4722806448299,2001.5277193551701
Yes,Genus,1873,,Yes,k__Bacteria|p__Bacteroidetes|c__Bacteroidia|o__Bacteroidales|f__Bacteroidaceae|g__Bacteroides,Yes,Genus,1873,1743.4722806448299,2002.5277193551701
Yes,Genus,1874,,Yes,k__Bacteria|p__Bacteroidetes|c__Bacteroidia|o__Bacteroidales|f__Bacteroidaceae|g__Bacteroides,Yes,Genus,1874,1744.4722806448299,2003.5277193551701
Yes,Genus,1875,,Yes,k__Bacteria|p__Bacteroidetes|c__Bacteroidia|o__Bacteroidales|f__Bacteroidaceae|g__Bacteroides,Yes,Genus,1875,1745.4722806448299,2004.5277193551701
Yes,Genus,1876,,Yes,k__Bacteria|p__Bacteroidetes|c__Bacteroidia|o__Bacteroidales|f__Bacteroidaceae|g__Bacteroides,Yes,Genus,1876,1746.4722806448299,2005.5277193551701
No,Species,1877,,No,k__Bacteria|p__Bacteroidetes|c__Bacteroidia|o__Bacteroidales|f__Bacteroidaceae|g__Bacteroides|s__Bacteroides_caccae,No,Species,1877,1747.4722806448299,2006.5277193551701
No,Species,1878,,No,k__Bacteria|p__Bacteroidetes|c__Bacteroidia|o__Bacteroidales|f__Bacteroidaceae|g__Bacteroides|s__Bacteroides_sp_CAG_754,No,Species,1878,1748.4722806448299,2007.5277193551701
Yes,Genus,1879,,Yes,k__Bacteria|p__Bacteroidetes|c__Bacteroidia|o__Bacteroidales|f__Bacteroidaceae|g__Bacteroides,Yes,Genus,1879,1749.4722806448299,2008.5277193551701
Yes,Family,1880,,Yes,k__Bacteria|p__Bacteroidetes|c__Bacteroidia|o__Bacteroidales|f__Bacteroidaceae,Yes,Family,1880,1750.4722806448299,2009.5277193551701
Yes,Family,1881,,Yes,k__Bacteria|p__Bacteroidetes|c__Bacteroidia|o__Bacteroidales|f__Bacteroidaceae,Yes,Family,1881,1751.4722806448299,2010.5277193551701
Yes,Genus,1882,,Yes,k__Bacteria|p__Bacteroidetes|c__Bacteroidia|o__Bacteroidales|f__Bacteroidaceae|g__Bacteroides,Yes,Genus,1882,1752.4722806448299,2011.5277193551701
No,Species,1883,,No,k__Bacteria|p__Bacteroidetes|c__Bacteroidia|o__Bacteroidales|f__Bacteroidaceae|g__Bacteroides|s__Bacteroides_sp_CAG_530,No,Species,1883,1753.4722806448299,2012.5277193551701
Yes,Genus,1884,,Yes,k__Bacteria|p__Bacteroidetes|c__Bacteroidia|o__Bacteroidales|f__Bacteroidaceae|g__Bacteroides,Yes,Genus,1884,1754.4722806448299,2013.5277193551701
Yes,Genus,1885,,Yes,k__Bacteria|p__Bacteroidetes|c__Bacteroidia|o__Bacteroidales|f__Bacteroidaceae|g__Bacteroides,Yes,Genus,1885,1755.4722806448299,2014.5277193551701
Yes,Family,1887,,Yes,k__Bacteria|p__Bacteroidetes|c__Bacteroidia|o__Bacteroidales|f__Bacteroidaceae,Yes,Family,1887,1757.4722806448299,2016.5277193551701
No,Species,1888,,No,k__Bacteria|p__Bacteroidetes|c__Bacteroidia|o__Bacteroidales|f__Bacteroidaceae|g__Bacteroides|s__Bacteroides_coprophilus,No,Species,1888,1758.4722806448299,2017.5277193551701
Yes,Family,1889,,Yes,k__Bacteria|p__Bacteroidetes|c__Bacteroidia|o__Bacteroidales|f__Bacteroidaceae,Yes,Family,1889,1759.4722806448299,2018.5277193551701
Yes,Family,1890,,Yes,k__Bacteria|p__Bacteroidetes|c__Bacteroidia|o__Bacteroidales|f__Bacteroidaceae,Yes,Family,1890,1760.4722806448299,2019.5277193551701
No,Species,1891,,No,k__Bacteria|p__Bacteroidetes|c__Bacteroidia|o__Bacteroidales|f__Bacteroidaceae|g__Bacteroides|s__Bacteroides_coprocola,No,Species,1891,1761.4722806448299,2020.5277193551701
Yes,Genus,1893,,Yes,k__Bacteria|p__Bacteroidetes|c__Bacteroidia|o__Bacteroidales|f__Bacteroidaceae|g__Bacteroides,Yes,Genus,1893,1763.4722806448299,2022.5277193551701
No,Species,1894,,No,k__Bacteria|p__Bacteroidetes|c__Bacteroidia|o__Bacteroidales|f__Bacteroidaceae|g__Bacteroides|s__Bacteroides_sp_CAG_1076,No,Species,1894,1764.4722806448299,2023.5277193551701
No,Species,1895,,No,k__Bacteria|p__Bacteroidetes|c__Bacteroidia|o__Bacteroidales|f__Bacteroidaceae|g__Bacteroides|s__Bacteroides_sp_CAG_443,No,Species,1895,1765.4722806448299,2024.5277193551701
Yes,Family,1896,,Yes,k__Bacteria|p__Bacteroidetes|c__Bacteroidia|o__Bacteroidales|f__Bacteroidaceae,Yes,Family,1896,1766.4722806448299,2025.5277193551701
No,Species,1897,,No,k__Bacteria|p__Bacteroidetes|c__Bacteroidia|o__Bacteroidales|f__Bacteroidaceae|g__Bacteroides|s__Bacteroides_sp_CAG_714,No,Species,1897,1767.4722806448299,2026.5277193551701
Yes,Genus,1898,,Yes,k__Bacteria|p__Bacteroidetes|c__Bacteroidia|o__Bacteroidales|f__Bacteroidaceae|g__Bacteroides,Yes,Genus,1898,1768.4722806448299,2027.5277193551701
No,Species,1899,,No,k__Bacteria|p__Bacteroidetes|c__Bacteroidia|o__Bacteroidales|f__Bacteroidaceae|g__Bacteroides|s__Bacteroides_plebeius,No,Species,1899,1769.4722806448299,2028.5277193551701
Yes,Genus,1902,,Yes,k__Bacteria|p__Bacteroidetes|c__Bacteroidia|o__Bacteroidales|f__Bacteroidaceae|g__Bacteroides,Yes,Genus,1902,1772.4722806448299,2031.5277193551701
No,Species,1903,,No,k__Bacteria|p__Bacteroidetes|c__Bacteroidia|o__Bacteroidales|f__Bacteroidaceae|g__Bacteroides|s__Bacteroides_plebeius_CAG_211,No,Species,1903,1773.4722806448299,2032.5277193551701
Yes,Genus,1908,,Yes,k__Bacteria|p__Bacteroidetes|c__Bacteroidia|o__Bacteroidales|f__Bacteroidaceae|g__Bacteroides,Yes,Genus,1908,1778.4722806448299,2037.5277193551701
Yes,Genus,1909,,Yes,k__Bacteria|p__Bacteroidetes|c__Bacteroidia|o__Bacteroidales|f__Bacteroidaceae|g__Bacteroides,Yes,Genus,1909,1779.4722806448299,2038.5277193551701
No,Species,1910,,No,k__Bacteria|p__Bacteroidetes|c__Bacteroidia|o__Bacteroidales|f__Bacteroidaceae|g__Bacteroides|s__Bacteroides_sp,No,Species,1910,1780.4722806448299,2039.5277193551701
Yes,Genus,1911,,Yes,k__Bacteria|p__Bacteroidetes|c__Bacteroidia|o__Bacteroidales|f__Bacteroidaceae|g__Bacteroides,Yes,Genus,1911,1781.4722806448299,2040.5277193551701
Yes,Genus,1912,,Yes,k__Bacteria|p__Bacteroidetes|c__Bacteroidia|o__Bacteroidales|f__Bacteroidaceae|g__Bacteroides,Yes,Genus,1912,1782.4722806448299,2041.5277193551701
Yes,Family,1913,,Yes,k__Bacteria|p__Bacteroidetes|c__Bacteroidia|o__Bacteroidales|f__Bacteroidaceae,Yes,Family,1913,1783.4722806448299,2042.5277193551701
Yes,Family,1914,,Yes,k__Bacteria|p__Bacteroidetes|c__Bacteroidia|o__Bacteroidales|f__Bacteroidaceae,Yes,Family,1914,1784.4722806448299,2043.5277193551701
No,Species,1915,,No,k__Bacteria|p__Bacteroidetes|c__Bacteroidia|o__Bacteroidales|f__Bacteroidaceae|g__Bacteroides|s__Bacteroides_sp_An322,No,Species,1915,1785.4722806448299,2044.5277193551701
No,Species,1916,,No,k__Bacteria|p__Bacteroidetes|c__Bacteroidia|o__Bacteroidales|f__Bacteroidaceae|g__Bacteroides|s__Bacteroides_salanitronis,No,Species,1916,1786.4722806448299,2045.5277193551701
No,Species,1917,,No,k__Bacteria|p__Bacteroidetes|c__Bacteroidia|o__Bacteroidales|f__Bacteroidaceae|g__Bacteroides|s__Bacteroides_sp_An19,No,Species,1917,1787.4722806448299,2046.5277193551701
Yes,Genus,1918,,Yes,k__Bacteria|p__Bacteroidetes|c__Bacteroidia|o__Bacteroidales|f__Bacteroidaceae|g__Bacteroides,Yes,Genus,1918,1788.4722806448299,2047.5277193551701
Yes,Family,1919,,Yes,k__Bacteria|p__Bacteroidetes|c__Bacteroidia|o__Bacteroidales|f__Bacteroidaceae,Yes,Family,1919,1789.4722806448299,2048.52771935517
Yes,Family,1921,,Yes,k__Bacteria|p__Bacteroidetes|c__Bacteroidia|o__Bacteroidales|f__Bacteroidaceae,Yes,Family,1921,1791.4722806448299,2050.52771935517
No,Species,1924,,No,k__Bacteria|p__Bacteroidetes|c__Bacteroidia|o__Bacteroidales|f__Bacteroidaceae|g__Bacteroides|s__Bacteroides_graminisolvens,No,Species,1924,1794.4722806448299,2053.52771935517
Yes,Family,1928,,Yes,k__Bacteria|p__Bacteroidetes|c__Bacteroidia|o__Bacteroidales|f__Tannerellaceae,Yes,Family,1928,1798.4722806448299,2057.52771935517
Yes,Family,1929,,Yes,k__Bacteria|p__Bacteroidetes|c__Bacteroidia|o__Bacteroidales|f__Tannerellaceae,Yes,Family,1929,1799.4722806448299,2058.52771935517
No,Species,1930,,No,k__Bacteria|p__Bacteroidetes|c__Bacteroidia|o__Bacteroidales|f__Tannerellaceae|g__Parabacteroides|s__Parabacteroides_sp_CAG_409,No,Species,1930,1800.4722806448299,2059.52771935517
Yes,Genus,1931,,Yes,k__Bacteria|p__Bacteroidetes|c__Bacteroidia|o__Bacteroidales|f__Tannerellaceae|g__Parabacteroides,Yes,Genus,1931,1801.4722806448299,2060.52771935517
Yes,Genus,1932,,Yes,k__Bacteria|p__Bacteroidetes|c__Bacteroidia|o__Bacteroidales|f__Tannerellaceae|g__Parabacteroides,Yes,Genus,1932,1802.4722806448299,2061.52771935517
Yes,Family,1933,,Yes,k__Bacteria|p__Bacteroidetes|c__Bacteroidia|o__Bacteroidales|f__Tannerellaceae,Yes,Family,1933,1803.4722806448299,2062.52771935517
No,Species,1934,,No,k__Bacteria|p__Bacteroidetes|c__Bacteroidia|o__Bacteroidales|f__Tannerellaceae|g__Parabacteroides|s__Parabacteroides_distasonis,No,Species,1934,1804.4722806448299,2063.52771935517
Yes,Family,1935,,Yes,k__Bacteria|p__Bacteroidetes|c__Bacteroidia|o__Bacteroidales|f__Tannerellaceae,Yes,Family,1935,1805.4722806448299,2064.52771935517
Yes,Family,1936,,Yes,k__Bacteria|p__Bacteroidetes|c__Bacteroidia|o__Bacteroidales|f__Tannerellaceae,Yes,Family,1936,1806.4722806448299,2065.52771935517
Yes,Family,1937,,Yes,k__Bacteria|p__Bacteroidetes|c__Bacteroidia|o__Bacteroidales|f__Tannerellaceae,Yes,Family,1937,1807.4722806448299,2066.52771935517
Yes,Family,1938,,Yes,k__Bacteria|p__Bacteroidetes|c__Bacteroidia|o__Bacteroidales|f__Tannerellaceae,Yes,Family,1938,1808.4722806448299,2067.52771935517
Yes,Family,1939,,Yes,k__Bacteria|p__Bacteroidetes|c__Bacteroidia|o__Bacteroidales|f__Tannerellaceae,Yes,Family,1939,1809.4722806448299,2068.52771935517
Yes,Family,1940,,Yes,k__Bacteria|p__Bacteroidetes|c__Bacteroidia|o__Bacteroidales|f__Tannerellaceae,Yes,Family,1940,1810.4722806448299,2069.52771935517
No,Species,1941,,No,k__Bacteria|p__Bacteroidetes|c__Bacteroidia|o__Bacteroidales|f__Tannerellaceae|g__Parabacteroides|s__Parabacteroides_goldsteinii,No,Species,1941,1811.4722806448299,2070.52771935517
No,Species,1942,,No,k__Bacteria|p__Bacteroidetes|c__Bacteroidia|o__Bacteroidales|f__Tannerellaceae|g__Parabacteroides|s__Parabacteroides_gordonii,No,Species,1942,1812.4722806448299,2071.52771935517
Yes,Family,1943,,Yes,k__Bacteria|p__Bacteroidetes|c__Bacteroidia|o__Bacteroidales|f__Tannerellaceae,Yes,Family,1943,1813.4722806448299,2072.52771935517
Yes,Family,1944,,Yes,k__Bacteria|p__Bacteroidetes|c__Bacteroidia|o__Bacteroidales|f__Tannerellaceae,Yes,Family,1944,1814.4722806448299,2073.52771935517
Yes,Genus,1945,,Yes,k__Bacteria|p__Bacteroidetes|c__Bacteroidia|o__Bacteroidales|f__Tannerellaceae|g__Parabacteroides,Yes,Genus,1945,1815.4722806448299,2074.52771935517
Yes,Genus,1946,,Yes,k__Bacteria|p__Bacteroidetes|c__Bacteroidia|o__Bacteroidales|f__Tannerellaceae|g__Parabacteroides,Yes,Genus,1946,1816.4722806448299,2075.52771935517
Yes,Genus,1947,,Yes,k__Bacteria|p__Bacteroidetes|c__Bacteroidia|o__Bacteroidales|f__Tannerellaceae|g__Parabacteroides,Yes,Genus,1947,1817.4722806448299,2076.52771935517
No,Species,1948,,No,k__Bacteria|p__Bacteroidetes|c__Bacteroidia|o__Bacteroidales|f__Tannerellaceae|g__Parabacteroides|s__Parabacteroides_johnsonii,No,Species,1948,1818.4722806448299,2077.52771935517
No,Species,1949,,No,k__Bacteria|p__Bacteroidetes|c__Bacteroidia|o__Bacteroidales|f__Tannerellaceae|g__Parabacteroides|s__Parabacteroides_merdae,No,Species,1949,1819.4722806448299,2078.52771935517
Yes,Genus,1950,,Yes,k__Bacteria|p__Bacteroidetes|c__Bacteroidia|o__Bacteroidales|f__Tannerellaceae|g__Parabacteroides,Yes,Genus,1950,1820.4722806448299,2079.52771935517
Yes,Unknown,1953,,Yes,Unknown,Yes,Unknown,1953,1823.4722806448299,2082.52771935517
Yes,Unknown,1954,,Yes,Unknown,Yes,Unknown,1954,1824.4722806448299,2083.52771935517
Yes,Unknown,1955,,Yes,Unknown,Yes,Unknown,1955,1825.4722806448299,2084.52771935517
Yes,Genus,1956,,Yes,k__Bacteria|p__Bacteroidetes|c__Bacteroidia|o__Bacteroidales|f__Bacteroidaceae|g__Bacteroides,Yes,Genus,1956,1826.4722806448299,2085.52771935517
No,Species,1957,,No,k__Bacteria|p__Bacteroidetes|c__Bacteroidia|o__Bacteroidales|f__Bacteroidaceae|g__Bacteroides|s__Bacteroides_sp_CAG_144,No,Species,1957,1827.4722806448299,2086.52771935517
Yes,Family,1958,,Yes,k__Bacteria|p__Bacteroidetes|c__Bacteroidia|o__Bacteroidales|f__Bacteroidaceae,Yes,Family,1958,1828.4722806448299,2087.52771935517
Yes,Family,1959,,Yes,k__Bacteria|p__Bacteroidetes|c__Bacteroidia|o__Bacteroidales|f__Bacteroidaceae,Yes,Family,1959,1829.4722806448299,2088.52771935517
Yes,Family,1960,,Yes,k__Bacteria|p__Bacteroidetes|c__Bacteroidia|o__Bacteroidales|f__Bacteroidaceae,Yes,Family,1960,1830.4722806448299,2089.52771935517
Yes,Unknown,1961,,Yes,Unknown,Yes,Unknown,1961,1831.4722806448299,2090.52771935517
No,Species,1962,,No,k__Bacteria|p__Bacteroidetes|c__Bacteroidia|o__Bacteroidales|f__Barnesiellaceae|g__Coprobacter|s__Coprobacter_secundus,No,Species,1962,1832.4722806448299,2091.52771935517
No,Species,1963,,No,k__Bacteria|p__Bacteroidetes|c__Bacteroidia|o__Bacteroidales|f__Barnesiellaceae|g__Coprobacter|s__Coprobacter_fastidiosus,No,Species,1963,1833.4722806448299,2092.52771935517
Yes,Family,1964,,Yes,k__Bacteria|p__Bacteroidetes|c__Bacteroidia|o__Bacteroidales|f__Barnesiellaceae,Yes,Family,1964,1834.4722806448299,2093.52771935517
No,Species,1965,,No,k__Bacteria|p__Bacteroidetes|c__Bacteroidia|o__Bacteroidales|f__Bacteroidaceae|g__Bacteroides|s__Bacteroides_sp_CAG_20,No,Species,1965,1835.4722806448299,2094.52771935517
No,Species,1967,,No,k__Bacteria|p__Bacteroidetes|c__Bacteroidia|o__Bacteroidales|f__Barnesiellaceae|g__Barnesiella|s__Barnesiella_sp_An22,No,Species,1967,1837.4722806448299,2096.52771935517
Yes,Unknown,1969,,Yes,Unknown,Yes,Unknown,1969,1839.4722806448299,2098.52771935517
Yes,Family,1972,,Yes,k__Bacteria|p__Bacteroidetes|c__Bacteroidia|o__Bacteroidales|f__Porphyromonadaceae,Yes,Family,1972,1842.4722806448299,2101.52771935517
No,Species,1973,,No,k__Bacteria|p__Bacteroidetes|c__Bacteroidia|o__Bacteroidales|f__Porphyromonadaceae|g__Porphyromonas|s__Porphyromonas_uenonis,No,Species,1973,1843.4722806448299,2102.52771935517
Yes,Genus,1974,,Yes,k__Bacteria|p__Bacteroidetes|c__Bacteroidia|o__Bacteroidales|f__Porphyromonadaceae|g__Porphyromonas,Yes,Genus,1974,1844.4722806448299,2103.52771935517
Yes,Genus,1975,,Yes,k__Bacteria|p__Bacteroidetes|c__Bacteroidia|o__Bacteroidales|f__Porphyromonadaceae|g__Porphyromonas,Yes,Genus,1975,1845.4722806448299,2104.52771935517
Yes,Genus,1976,,Yes,k__Bacteria|p__Bacteroidetes|c__Bacteroidia|o__Bacteroidales|f__Porphyromonadaceae|g__Porphyromonas,Yes,Genus,1976,1846.4722806448299,2105.52771935517
Yes,Genus,1977,,Yes,k__Bacteria|p__Bacteroidetes|c__Bacteroidia|o__Bacteroidales|f__Porphyromonadaceae|g__Porphyromonas,Yes,Genus,1977,1847.4722806448299,2106.52771935517
Yes,Genus,1978,,Yes,k__Bacteria|p__Bacteroidetes|c__Bacteroidia|o__Bacteroidales|f__Porphyromonadaceae|g__Porphyromonas,Yes,Genus,1978,1848.4722806448299,2107.52771935517
Yes,Genus,1979,,Yes,k__Bacteria|p__Bacteroidetes|c__Bacteroidia|o__Bacteroidales|f__Porphyromonadaceae|g__Porphyromonas,Yes,Genus,1979,1849.4722806448299,2108.52771935517
Yes,Genus,1980,,Yes,k__Bacteria|p__Bacteroidetes|c__Bacteroidia|o__Bacteroidales|f__Porphyromonadaceae|g__Porphyromonas,Yes,Genus,1980,1850.4722806448299,2109.52771935517
No,Species,1981,,No,k__Bacteria|p__Bacteroidetes|c__Bacteroidia|o__Bacteroidales|f__Porphyromonadaceae|g__Porphyromonas|s__Porphyromonas_asaccharolytica,No,Species,1981,1851.4722806448299,2110.52771935517
Yes,Genus,1982,,Yes,k__Bacteria|p__Bacteroidetes|c__Bacteroidia|o__Bacteroidales|f__Porphyromonadaceae|g__Porphyromonas,Yes,Genus,1982,1852.4722806448299,2111.52771935517
Yes,Genus,1983,,Yes,k__Bacteria|p__Bacteroidetes|c__Bacteroidia|o__Bacteroidales|f__Porphyromonadaceae|g__Porphyromonas,Yes,Genus,1983,1853.4722806448299,2112.52771935517
Yes,Genus,1984,,Yes,k__Bacteria|p__Bacteroidetes|c__Bacteroidia|o__Bacteroidales|f__Porphyromonadaceae|g__Porphyromonas,Yes,Genus,1984,1854.4722806448299,2113.52771935517
Yes,Genus,1985,,Yes,k__Bacteria|p__Bacteroidetes|c__Bacteroidia|o__Bacteroidales|f__Porphyromonadaceae|g__Porphyromonas,Yes,Genus,1985,1855.4722806448299,2114.52771935517
Yes,Genus,1986,,Yes,k__Bacteria|p__Bacteroidetes|c__Bacteroidia|o__Bacteroidales|f__Porphyromonadaceae|g__Porphyromonas,Yes,Genus,1986,1856.4722806448299,2115.52771935517
Yes,Genus,1988,,Yes,k__Bacteria|p__Bacteroidetes|c__Bacteroidia|o__Bacteroidales|f__Porphyromonadaceae|g__Porphyromonas,Yes,Genus,1988,1858.4722806448299,2117.52771935517
Yes,Genus,1989,,Yes,k__Bacteria|p__Bacteroidetes|c__Bacteroidia|o__Bacteroidales|f__Porphyromonadaceae|g__Porphyromonas,Yes,Genus,1989,1859.4722806448299,2118.52771935517
No,Species,1990,,No,k__Bacteria|p__Bacteroidetes|c__Bacteroidia|o__Bacteroidales|f__Porphyromonadaceae|g__Porphyromonas|s__Porphyromonas_sp_HMSC065F10,No,Species,1990,1860.4722806448299,2119.52771935517
No,Species,1991,,No,k__Bacteria|p__Bacteroidetes|c__Bacteroidia|o__Bacteroidales|f__Porphyromonadaceae|g__Porphyromonas|s__Porphyromonas_sp_CAG_1061,No,Species,1991,1861.4722806448299,2120.52771935517
Yes,Genus,1992,,Yes,k__Bacteria|p__Bacteroidetes|c__Bacteroidia|o__Bacteroidales|f__Porphyromonadaceae|g__Porphyromonas,Yes,Genus,1992,1862.4722806448299,2121.52771935517
Yes,Genus,2015,,Yes,k__Bacteria|p__Bacteroidetes|c__Bacteroidia|o__Bacteroidales|f__Porphyromonadaceae|g__Porphyromonas,Yes,Genus,2015,1885.4722806448299,2144.52771935517
No,Species,2016,,No,k__Bacteria|p__Bacteroidetes|c__Bacteroidia|o__Bacteroidales|f__Porphyromonadaceae|g__Porphyromonas|s__Porphyromonas_endodontalis,No,Species,2016,1886.4722806448299,2145.52771935517
Yes,Unknown,2018,,Yes,Unknown,Yes,Unknown,2018,1888.4722806448299,2147.52771935517
Yes,Unknown,2019,,Yes,Unknown,Yes,Unknown,2019,1889.4722806448299,2148.52771935517
Yes,Unknown,2020,,Yes,Unknown,Yes,Unknown,2020,1890.4722806448299,2149.52771935517
Yes,Unknown,2021,,Yes,Unknown,Yes,Unknown,2021,1891.4722806448299,2150.52771935517
Yes,Unknown,2023,,Yes,Unknown,Yes,Unknown,2023,1893.4722806448299,2152.52771935517
Yes,Unknown,2024,,Yes,Unknown,Yes,Unknown,2024,1894.4722806448299,2153.52771935517
Yes,Unknown,2025,,Yes,Unknown,Yes,Unknown,2025,1895.4722806448299,2154.52771935517
No,Species,2036,,No,k__Bacteria|p__Bacteroidetes|c__Bacteroidia|o__Bacteroidales|f__Porphyromonadaceae|g__Porphyromonas|s__Porphyromonas_catoniae,No,Species,2036,1906.4722806448299,2165.52771935517
Yes,Family,2037,,Yes,k__Bacteria|p__Bacteroidetes|c__Bacteroidia|o__Bacteroidales|f__Porphyromonadaceae,Yes,Family,2037,1907.4722806448299,2166.52771935517
Yes,Family,2038,,Yes,k__Bacteria|p__Bacteroidetes|c__Bacteroidia|o__Bacteroidales|f__Porphyromonadaceae,Yes,Family,2038,1908.4722806448299,2167.52771935517
Yes,Family,2039,,Yes,k__Bacteria|p__Bacteroidetes|c__Bacteroidia|o__Bacteroidales|f__Porphyromonadaceae,Yes,Family,2039,1909.4722806448299,2168.52771935517
Yes,Family,2040,,Yes,k__Bacteria|p__Bacteroidetes|c__Bacteroidia|o__Bacteroidales|f__Porphyromonadaceae,Yes,Family,2040,1910.4722806448299,2169.52771935517
No,Species,2041,,No,k__Bacteria|p__Bacteroidetes|c__Bacteroidia|o__Bacteroidales|f__Porphyromonadaceae|g__Porphyromonas|s__Porphyromonas_sp_oral_taxon_278,No,Species,2041,1911.4722806448299,2170.52771935517
Yes,Genus,2042,,Yes,k__Bacteria|p__Bacteroidetes|c__Bacteroidia|o__Bacteroidales|f__Porphyromonadaceae|g__Porphyromonas,Yes,Genus,2042,1912.4722806448299,2171.52771935517
No,Species,2043,,No,k__Bacteria|p__Bacteroidetes|c__Bacteroidia|o__Bacteroidales|f__Porphyromonadaceae|g__Porphyromonadaceae_unclassified|s__Porphyromonadaceae_bacterium_KA00676,No,Species,2043,1913.4722806448299,2172.52771935517
Yes,Genus,2044,,Yes,k__Bacteria|p__Bacteroidetes|c__Bacteroidia|o__Bacteroidales|f__Porphyromonadaceae|g__Porphyromonas,Yes,Genus,2044,1914.4722806448299,2173.52771935517
No,Species,2048,,No,k__Bacteria|p__Bacteroidetes|c__Bacteroidia|o__Bacteroidales|f__Tannerellaceae|g__Tannerella|s__Tannerella_sp_oral_taxon_HOT_286,No,Species,2048,1918.4722806448299,2177.52771935517
Yes,Genus,2049,,Yes,k__Bacteria|p__Bacteroidetes|c__Bacteroidia|o__Bacteroidales|f__Tannerellaceae|g__Tannerella,Yes,Genus,2049,1919.4722806448299,2178.52771935517
No,Species,2052,,No,k__Bacteria|p__Bacteroidetes|c__Bacteroidetes_unclassified|o__Bacteroidetes_unclassified|f__Bacteroidetes_unclassified|g__Bacteroidetes_unclassified|s__Bacteroidetes_bacterium_oral_taxon_272,No,Species,2052,1922.4722806448299,2181.52771935517
No,Species,2053,,No,k__Bacteria|p__Bacteroidetes|c__Bacteroidia|o__Bacteroidales|f__Tannerellaceae|g__Tannerella|s__Tannerella_forsythia,No,Species,2053,1923.4722806448299,2182.52771935517
Yes,Genus,2054,,Yes,k__Bacteria|p__Bacteroidetes|c__Bacteroidia|o__Bacteroidales|f__Tannerellaceae|g__Tannerella,Yes,Genus,2054,1924.4722806448299,2183.52771935517
No,Species,2057,,No,k__Bacteria|p__Bacteroidetes|c__Bacteroidia|o__Bacteroidales|f__Porphyromonadaceae|g__Porphyromonas|s__Porphyromonas_gingivalis,No,Species,2057,1927.4722806448299,2186.52771935517
Yes,Unknown,2065,,Yes,Unknown,Yes,Unknown,2065,1935.4722806448299,2194.52771935517
Yes,Unknown,2066,,Yes,Unknown,Yes,Unknown,2066,1936.4722806448299,2195.52771935517
Yes,Unknown,2067,,Yes,Unknown,Yes,Unknown,2067,1937.4722806448299,2196.52771935517
Yes,Family,2068,,Yes,k__Bacteria|p__Bacteroidetes|c__Bacteroidia|o__Bacteroidales|f__Prevotellaceae,Yes,Family,2068,1938.4722806448299,2197.52771935517
Yes,Family,2069,,Yes,k__Bacteria|p__Bacteroidetes|c__Bacteroidia|o__Bacteroidales|f__Prevotellaceae,Yes,Family,2069,1939.4722806448299,2198.52771935517
Yes,Family,2070,,Yes,k__Bacteria|p__Bacteroidetes|c__Bacteroidia|o__Bacteroidales|f__Prevotellaceae,Yes,Family,2070,1940.4722806448299,2199.52771935517
No,Species,2071,,No,k__Bacteria|p__Bacteroidetes|c__Bacteroidia|o__Bacteroidales|f__Prevotellaceae|g__Prevotella|s__Prevotella_sp_CAG_279,No,Species,2071,1941.4722806448299,2200.52771935517
Yes,Family,2072,,Yes,k__Bacteria|p__Bacteroidetes|c__Bacteroidia|o__Bacteroidales|f__Prevotellaceae,Yes,Family,2072,1942.4722806448299,2201.52771935517
Yes,Family,2073,,Yes,k__Bacteria|p__Bacteroidetes|c__Bacteroidia|o__Bacteroidales|f__Prevotellaceae,Yes,Family,2073,1943.4722806448299,2202.52771935517
Yes,Genus,2075,,Yes,k__Bacteria|p__Bacteroidetes|c__Bacteroidia|o__Bacteroidales|f__Prevotellaceae|g__Prevotella,Yes,Genus,2075,1945.4722806448299,2204.52771935517
No,Species,2076,,No,k__Bacteria|p__Bacteroidetes|c__Bacteroidia|o__Bacteroidales|f__Prevotellaceae|g__Prevotella|s__Prevotella_sp_CAG_873,No,Species,2076,1946.4722806448299,2205.52771935517
Yes,Unknown,2077,,Yes,Unknown,Yes,Unknown,2077,1947.4722806448299,2206.52771935517
Yes,Unknown,2080,,Yes,Unknown,Yes,Unknown,2080,1950.4722806448299,2209.52771935517
Yes,Unknown,2082,,Yes,Unknown,Yes,Unknown,2082,1952.4722806448299,2211.52771935517
Yes,Unknown,2083,,Yes,Unknown,Yes,Unknown,2083,1953.4722806448299,2212.52771935517
Yes,Family,2084,,Yes,k__Bacteria|p__Bacteroidetes|c__Bacteroidia|o__Bacteroidales|f__Bacteroidaceae,Yes,Family,2084,1954.4722806448299,2213.52771935517
Yes,Family,2085,,Yes,k__Bacteria|p__Bacteroidetes|c__Bacteroidia|o__Bacteroidales|f__Bacteroidaceae,Yes,Family,2085,1955.4722806448299,2214.52771935517
Yes,Family,2087,,Yes,k__Bacteria|p__Bacteroidetes|c__Bacteroidia|o__Bacteroidales|f__Bacteroidaceae,Yes,Family,2087,1957.4722806448299,2216.52771935517
Yes,Family,2089,,Yes,k__Bacteria|p__Bacteroidetes|c__Bacteroidia|o__Bacteroidales|f__Bacteroidaceae,Yes,Family,2089,1959.4722806448299,2218.52771935517
Yes,Family,2090,,Yes,k__Bacteria|p__Bacteroidetes|c__Bacteroidia|o__Bacteroidales|f__Bacteroidaceae,Yes,Family,2090,1960.4722806448299,2219.52771935517
No,Species,2091,,No,k__Bacteria|p__Bacteroidetes|c__Bacteroidia|o__Bacteroidales|f__Bacteroidaceae|g__Bacteroides|s__Bacteroides_sp_CAG_927,No,Species,2091,1961.4722806448299,2220.52771935517
Yes,Family,2092,,Yes,k__Bacteria|p__Bacteroidetes|c__Bacteroidia|o__Bacteroidales|f__Bacteroidaceae,Yes,Family,2092,1962.4722806448299,2221.52771935517
Yes,Family,2093,,Yes,k__Bacteria|p__Bacteroidetes|c__Bacteroidia|o__Bacteroidales|f__Bacteroidaceae,Yes,Family,2093,1963.4722806448299,2222.52771935517
Yes,Family,2094,,Yes,k__Bacteria|p__Bacteroidetes|c__Bacteroidia|o__Bacteroidales|f__Prevotellaceae,Yes,Family,2094,1964.4722806448299,2223.52771935517
Yes,Family,2095,,Yes,k__Bacteria|p__Bacteroidetes|c__Bacteroidia|o__Bacteroidales|f__Prevotellaceae,Yes,Family,2095,1965.4722806448299,2224.52771935517
Yes,Family,2097,,Yes,k__Bacteria|p__Bacteroidetes|c__Bacteroidia|o__Bacteroidales|f__Prevotellaceae,Yes,Family,2097,1967.4722806448299,2226.52771935517
Yes,Family,2098,,Yes,k__Bacteria|p__Bacteroidetes|c__Bacteroidia|o__Bacteroidales|f__Prevotellaceae,Yes,Family,2098,1968.4722806448299,2227.52771935517
Yes,Family,2099,,Yes,k__Bacteria|p__Bacteroidetes|c__Bacteroidia|o__Bacteroidales|f__Prevotellaceae,Yes,Family,2099,1969.4722806448299,2228.52771935517
Yes,Family,2100,,Yes,k__Bacteria|p__Bacteroidetes|c__Bacteroidia|o__Bacteroidales|f__Prevotellaceae,Yes,Family,2100,1970.4722806448299,2229.52771935517
Yes,Family,2101,,Yes,k__Bacteria|p__Bacteroidetes|c__Bacteroidia|o__Bacteroidales|f__Prevotellaceae,Yes,Family,2101,1971.4722806448299,2230.52771935517
Yes,Family,2103,,Yes,k__Bacteria|p__Bacteroidetes|c__Bacteroidia|o__Bacteroidales|f__Prevotellaceae,Yes,Family,2103,1973.4722806448299,2232.52771935517
Yes,Family,2104,,Yes,k__Bacteria|p__Bacteroidetes|c__Bacteroidia|o__Bacteroidales|f__Prevotellaceae,Yes,Family,2104,1974.4722806448299,2233.52771935517
Yes,Family,2105,,Yes,k__Bacteria|p__Bacteroidetes|c__Bacteroidia|o__Bacteroidales|f__Prevotellaceae,Yes,Family,2105,1975.4722806448299,2234.52771935517
Yes,Family,2106,,Yes,k__Bacteria|p__Bacteroidetes|c__Bacteroidia|o__Bacteroidales|f__Prevotellaceae,Yes,Family,2106,1976.4722806448299,2235.52771935517
Yes,Family,2107,,Yes,k__Bacteria|p__Bacteroidetes|c__Bacteroidia|o__Bacteroidales|f__Prevotellaceae,Yes,Family,2107,1977.4722806448299,2236.52771935517
Yes,Family,2108,,Yes,k__Bacteria|p__Bacteroidetes|c__Bacteroidia|o__Bacteroidales|f__Prevotellaceae,Yes,Family,2108,1978.4722806448299,2237.52771935517
Yes,Family,2109,,Yes,k__Bacteria|p__Bacteroidetes|c__Bacteroidia|o__Bacteroidales|f__Prevotellaceae,Yes,Family,2109,1979.4722806448299,2238.52771935517
Yes,Family,2110,,Yes,k__Bacteria|p__Bacteroidetes|c__Bacteroidia|o__Bacteroidales|f__Prevotellaceae,Yes,Family,2110,1980.4722806448299,2239.52771935517
Yes,Family,2111,,Yes,k__Bacteria|p__Bacteroidetes|c__Bacteroidia|o__Bacteroidales|f__Prevotellaceae,Yes,Family,2111,1981.4722806448299,2240.52771935517
Yes,Family,2112,,Yes,k__Bacteria|p__Bacteroidetes|c__Bacteroidia|o__Bacteroidales|f__Prevotellaceae,Yes,Family,2112,1982.4722806448299,2241.52771935517
Yes,Family,2113,,Yes,k__Bacteria|p__Bacteroidetes|c__Bacteroidia|o__Bacteroidales|f__Prevotellaceae,Yes,Family,2113,1983.4722806448299,2242.52771935517
Yes,Family,2114,,Yes,k__Bacteria|p__Bacteroidetes|c__Bacteroidia|o__Bacteroidales|f__Prevotellaceae,Yes,Family,2114,1984.4722806448299,2243.52771935517
Yes,Family,2115,,Yes,k__Bacteria|p__Bacteroidetes|c__Bacteroidia|o__Bacteroidales|f__Prevotellaceae,Yes,Family,2115,1985.4722806448299,2244.52771935517
Yes,Family,2116,,Yes,k__Bacteria|p__Bacteroidetes|c__Bacteroidia|o__Bacteroidales|f__Prevotellaceae,Yes,Family,2116,1986.4722806448299,2245.52771935517
Yes,Family,2118,,Yes,k__Bacteria|p__Bacteroidetes|c__Bacteroidia|o__Bacteroidales|f__Prevotellaceae,Yes,Family,2118,1988.4722806448299,2247.52771935517
Yes,Family,2119,,Yes,k__Bacteria|p__Bacteroidetes|c__Bacteroidia|o__Bacteroidales|f__Prevotellaceae,Yes,Family,2119,1989.4722806448299,2248.52771935517
Yes,Family,2120,,Yes,k__Bacteria|p__Bacteroidetes|c__Bacteroidia|o__Bacteroidales|f__Prevotellaceae,Yes,Family,2120,1990.4722806448299,2249.52771935517
No,Species,2121,,No,k__Bacteria|p__Bacteroidetes|c__Bacteroidia|o__Bacteroidales|f__Prevotellaceae|g__Prevotella|s__Prevotella_sp_CAG_1031,No,Species,2121,1991.4722806448299,2250.52771935517
Yes,Family,2122,,Yes,k__Bacteria|p__Bacteroidetes|c__Bacteroidia|o__Bacteroidales|f__Prevotellaceae,Yes,Family,2122,1992.4722806448299,2251.52771935517
Yes,Family,2124,,Yes,k__Bacteria|p__Bacteroidetes|c__Bacteroidia|o__Bacteroidales|f__Prevotellaceae,Yes,Family,2124,1994.4722806448299,2253.52771935517
Yes,Family,2125,,Yes,k__Bacteria|p__Bacteroidetes|c__Bacteroidia|o__Bacteroidales|f__Prevotellaceae,Yes,Family,2125,1995.4722806448299,2254.52771935517
Yes,Family,2126,,Yes,k__Bacteria|p__Bacteroidetes|c__Bacteroidia|o__Bacteroidales|f__Prevotellaceae,Yes,Family,2126,1996.4722806448299,2255.52771935517
Yes,Family,2127,,Yes,k__Bacteria|p__Bacteroidetes|c__Bacteroidia|o__Bacteroidales|f__Prevotellaceae,Yes,Family,2127,1997.4722806448299,2256.52771935517
Yes,Family,2128,,Yes,k__Bacteria|p__Bacteroidetes|c__Bacteroidia|o__Bacteroidales|f__Prevotellaceae,Yes,Family,2128,1998.4722806448299,2257.52771935517
Yes,Family,2129,,Yes,k__Bacteria|p__Bacteroidetes|c__Bacteroidia|o__Bacteroidales|f__Prevotellaceae,Yes,Family,2129,1999.4722806448299,2258.52771935517
Yes,Family,2131,,Yes,k__Bacteria|p__Bacteroidetes|c__Bacteroidia|o__Bacteroidales|f__Prevotellaceae,Yes,Family,2131,2001.4722806448299,2260.52771935517
Yes,Family,2132,,Yes,k__Bacteria|p__Bacteroidetes|c__Bacteroidia|o__Bacteroidales|f__Prevotellaceae,Yes,Family,2132,2002.4722806448299,2261.52771935517
Yes,Family,2133,,Yes,k__Bacteria|p__Bacteroidetes|c__Bacteroidia|o__Bacteroidales|f__Prevotellaceae,Yes,Family,2133,2003.4722806448299,2262.52771935517
Yes,Family,2134,,Yes,k__Bacteria|p__Bacteroidetes|c__Bacteroidia|o__Bacteroidales|f__Prevotellaceae,Yes,Family,2134,2004.4722806448299,2263.52771935517
Yes,Family,2135,,Yes,k__Bacteria|p__Bacteroidetes|c__Bacteroidia|o__Bacteroidales|f__Prevotellaceae,Yes,Family,2135,2005.4722806448299,2264.52771935517
Yes,Family,2136,,Yes,k__Bacteria|p__Bacteroidetes|c__Bacteroidia|o__Bacteroidales|f__Prevotellaceae,Yes,Family,2136,2006.4722806448299,2265.52771935517
Yes,Family,2137,,Yes,k__Bacteria|p__Bacteroidetes|c__Bacteroidia|o__Bacteroidales|f__Prevotellaceae,Yes,Family,2137,2007.4722806448299,2266.52771935517
Yes,Family,2138,,Yes,k__Bacteria|p__Bacteroidetes|c__Bacteroidia|o__Bacteroidales|f__Prevotellaceae,Yes,Family,2138,2008.4722806448299,2267.52771935517
Yes,Family,2139,,Yes,k__Bacteria|p__Bacteroidetes|c__Bacteroidia|o__Bacteroidales|f__Prevotellaceae,Yes,Family,2139,2009.4722806448299,2268.52771935517
Yes,Family,2140,,Yes,k__Bacteria|p__Bacteroidetes|c__Bacteroidia|o__Bacteroidales|f__Prevotellaceae,Yes,Family,2140,2010.4722806448299,2269.52771935517
Yes,Unknown,2141,,Yes,Unknown,Yes,Unknown,2141,2011.4722806448299,2270.52771935517
Yes,Unknown,2142,,Yes,Unknown,Yes,Unknown,2142,2012.4722806448299,2271.52771935517
Yes,Unknown,2143,,Yes,Unknown,Yes,Unknown,2143,2013.4722806448299,2272.52771935517
Yes,Unknown,2145,,Yes,Unknown,Yes,Unknown,2145,2015.4722806448299,2274.52771935517
Yes,Unknown,2146,,Yes,Unknown,Yes,Unknown,2146,2016.4722806448299,2275.52771935517
Yes,Unknown,2148,,Yes,Unknown,Yes,Unknown,2148,2018.4722806448299,2277.52771935517
Yes,Unknown,2149,,Yes,Unknown,Yes,Unknown,2149,2019.4722806448299,2278.52771935517
Yes,Unknown,2153,,Yes,Unknown,Yes,Unknown,2153,2023.4722806448299,2282.52771935517
No,Species,2154,,No,k__Bacteria|p__Bacteroidetes|c__Bacteroidia|o__Bacteroidales|f__Prevotellaceae|g__Prevotella|s__Prevotella_sp_CAG_485,No,Species,2154,2024.4722806448299,2283.52771935517
Yes,Family,2155,,Yes,k__Bacteria|p__Bacteroidetes|c__Bacteroidia|o__Bacteroidales|f__Prevotellaceae,Yes,Family,2155,2025.4722806448299,2284.52771935517
Yes,Family,2156,,Yes,k__Bacteria|p__Bacteroidetes|c__Bacteroidia|o__Bacteroidales|f__Prevotellaceae,Yes,Family,2156,2026.4722806448299,2285.52771935517
Yes,Unknown,2158,,Yes,Unknown,Yes,Unknown,2158,2028.4722806448299,2287.52771935517
Yes,Unknown,2159,,Yes,Unknown,Yes,Unknown,2159,2029.4722806448299,2288.52771935517
Yes,Unknown,2160,,Yes,Unknown,Yes,Unknown,2160,2030.4722806448299,2289.52771935517
Yes,Unknown,2161,,Yes,Unknown,Yes,Unknown,2161,2031.4722806448299,2290.52771935517
Yes,Unknown,2162,,Yes,Unknown,Yes,Unknown,2162,2032.4722806448299,2291.52771935517
Yes,Unknown,2163,,Yes,Unknown,Yes,Unknown,2163,2033.4722806448299,2292.52771935517
Yes,Unknown,2164,,Yes,Unknown,Yes,Unknown,2164,2034.4722806448299,2293.52771935517
Yes,Unknown,2165,,Yes,Unknown,Yes,Unknown,2165,2035.4722806448299,2294.52771935517
Yes,Unknown,2166,,Yes,Unknown,Yes,Unknown,2166,2036.4722806448299,2295.52771935517
Yes,Unknown,2167,,Yes,Unknown,Yes,Unknown,2167,2037.4722806448299,2296.52771935517
Yes,Unknown,2168,,Yes,Unknown,Yes,Unknown,2168,2038.4722806448299,2297.52771935517
Yes,Unknown,2169,,Yes,Unknown,Yes,Unknown,2169,2039.4722806448299,2298.52771935517
Yes,Unknown,2171,,Yes,Unknown,Yes,Unknown,2171,2041.4722806448299,2300.52771935517
Yes,Unknown,2173,,Yes,Unknown,Yes,Unknown,2173,2043.4722806448299,2302.52771935517
Yes,Unknown,2174,,Yes,Unknown,Yes,Unknown,2174,2044.4722806448299,2303.52771935517
Yes,Unknown,2175,,Yes,Unknown,Yes,Unknown,2175,2045.4722806448299,2304.52771935517
Yes,Unknown,2176,,Yes,Unknown,Yes,Unknown,2176,2046.4722806448299,2305.52771935517
Yes,Family,2180,,Yes,k__Bacteria|p__Bacteroidetes|c__Bacteroidia|o__Bacteroidales|f__Rikenellaceae,Yes,Family,2180,2050.47228064483,2309.52771935517
Yes,Genus,2181,,Yes,k__Bacteria|p__Bacteroidetes|c__Bacteroidia|o__Bacteroidales|f__Rikenellaceae|g__Alistipes,Yes,Genus,2181,2051.47228064483,2310.52771935517
Yes,Genus,2182,,Yes,k__Bacteria|p__Bacteroidetes|c__Bacteroidia|o__Bacteroidales|f__Rikenellaceae|g__Alistipes,Yes,Genus,2182,2052.47228064483,2311.52771935517
Yes,Genus,2183,,Yes,k__Bacteria|p__Bacteroidetes|c__Bacteroidia|o__Bacteroidales|f__Rikenellaceae|g__Alistipes,Yes,Genus,2183,2053.47228064483,2312.52771935517
Yes,Genus,2184,,Yes,k__Bacteria|p__Bacteroidetes|c__Bacteroidia|o__Bacteroidales|f__Rikenellaceae|g__Alistipes,Yes,Genus,2184,2054.47228064483,2313.52771935517
No,Species,2185,,No,k__Bacteria|p__Bacteroidetes|c__Bacteroidia|o__Bacteroidales|f__Rikenellaceae|g__Alistipes|s__Alistipes_sp_CAG_831,No,Species,2185,2055.47228064483,2314.52771935517
Yes,Family,2186,,Yes,k__Bacteria|p__Bacteroidetes|c__Bacteroidia|o__Bacteroidales|f__Rikenellaceae,Yes,Family,2186,2056.47228064483,2315.52771935517
Yes,Unknown,2191,,Yes,Unknown,Yes,Unknown,2191,2061.47228064483,2320.52771935517
Yes,Unknown,2208,,Yes,Unknown,Yes,Unknown,2208,2078.47228064483,2337.52771935517
Yes,Unknown,2209,,Yes,Unknown,Yes,Unknown,2209,2079.47228064483,2338.52771935517
Yes,Unknown,2210,,Yes,Unknown,Yes,Unknown,2210,2080.47228064483,2339.52771935517
Yes,Unknown,2212,,Yes,Unknown,Yes,Unknown,2212,2082.47228064483,2341.52771935517
No,Species,2214,,No,k__Bacteria|p__Bacteroidetes|c__Bacteroidia|o__Bacteroidales|f__Bacteroidaceae|g__Bacteroides|s__Bacteroides_sp_CAG_1060,No,Species,2214,2084.47228064483,2343.52771935517
Yes,Family,2215,,Yes,k__Bacteria|p__Bacteroidetes|c__Bacteroidia|o__Bacteroidales|f__Bacteroidaceae,Yes,Family,2215,2085.47228064483,2344.52771935517
Yes,Family,2218,,Yes,k__Bacteria|p__Bacteroidetes|c__Bacteroidia|o__Bacteroidales|f__Bacteroidaceae,Yes,Family,2218,2088.47228064483,2347.52771935517
Yes,Family,2219,,Yes,k__Bacteria|p__Bacteroidetes|c__Bacteroidia|o__Bacteroidales|f__Bacteroidaceae,Yes,Family,2219,2089.47228064483,2348.52771935517
Yes,Family,2220,,Yes,k__Bacteria|p__Bacteroidetes|c__Bacteroidia|o__Bacteroidales|f__Bacteroidaceae,Yes,Family,2220,2090.47228064483,2349.52771935517
Yes,Family,2221,,Yes,k__Bacteria|p__Bacteroidetes|c__Bacteroidia|o__Bacteroidales|f__Bacteroidaceae,Yes,Family,2221,2091.47228064483,2350.52771935517
No,Species,2227,,No,k__Bacteria|p__Bacteroidetes|c__Bacteroidia|o__Bacteroidales|f__Rikenellaceae|g__Alistipes|s__Alistipes_sp_CAG_514,No,Species,2227,2097.47228064483,2356.52771935517
Yes,Genus,2228,,Yes,k__Bacteria|p__Bacteroidetes|c__Bacteroidia|o__Bacteroidales|f__Rikenellaceae|g__Alistipes,Yes,Genus,2228,2098.47228064483,2357.52771935517
Yes,Genus,2229,,Yes,k__Bacteria|p__Bacteroidetes|c__Bacteroidia|o__Bacteroidales|f__Rikenellaceae|g__Alistipes,Yes,Genus,2229,2099.47228064483,2358.52771935517
No,Species,2230,,No,k__Bacteria|p__Bacteroidetes|c__Bacteroidia|o__Bacteroidales|f__Rikenellaceae|g__Alistipes|s__Alistipes_sp_CAG_435,No,Species,2230,2100.47228064483,2359.52771935517
Yes,Family,2237,,Yes,k__Bacteria|p__Bacteroidetes|c__Bacteroidia|o__Bacteroidales|f__Bacteroidaceae,Yes,Family,2237,2107.47228064483,2366.52771935517
No,Species,2238,,No,k__Bacteria|p__Bacteroidetes|c__Bacteroidia|o__Bacteroidales|f__Bacteroidaceae|g__Bacteroides|s__Bacteroides_sp_CAG_770,No,Species,2238,2108.47228064483,2367.52771935517
No,Species,2239,,No,k__Bacteria|p__Bacteroidetes|c__Bacteroidia|o__Bacteroidales|f__Bacteroidaceae|g__Bacteroides|s__Bacteroides_sp_CAG_709,No,Species,2239,2109.47228064483,2368.52771935517
No,Species,2240,,No,k__Bacteria|p__Bacteroidetes|c__Bacteroidia|o__Bacteroidales|f__Bacteroidaceae|g__Bacteroides|s__Bacteroides_sp_CAG_545,No,Species,2240,2110.47228064483,2369.52771935517
Yes,Family,2241,,Yes,k__Bacteria|p__Bacteroidetes|c__Bacteroidia|o__Bacteroidales|f__Bacteroidaceae,Yes,Family,2241,2111.47228064483,2370.52771935517
Yes,Family,2246,,Yes,k__Bacteria|p__Bacteroidetes|c__Bacteroidia|o__Bacteroidales|f__Bacteroidaceae,Yes,Family,2246,2116.47228064483,2375.52771935517
Yes,Family,2247,,Yes,k__Bacteria|p__Bacteroidetes|c__Bacteroidia|o__Bacteroidales|f__Bacteroidaceae,Yes,Family,2247,2117.47228064483,2376.52771935517
Yes,Unknown,2275,,Yes,Unknown,Yes,Unknown,2275,2145.47228064483,2404.52771935517
Yes,Unknown,2276,,Yes,Unknown,Yes,Unknown,2276,2146.47228064483,2405.52771935517
Yes,Unknown,2277,,Yes,Unknown,Yes,Unknown,2277,2147.47228064483,2406.52771935517
Yes,Unknown,2278,,Yes,Unknown,Yes,Unknown,2278,2148.47228064483,2407.52771935517
Yes,Unknown,2279,,Yes,Unknown,Yes,Unknown,2279,2149.47228064483,2408.52771935517
Yes,Unknown,2284,,Yes,Unknown,Yes,Unknown,2284,2154.47228064483,2413.52771935517
Yes,Unknown,2285,,Yes,Unknown,Yes,Unknown,2285,2155.47228064483,2414.52771935517
No,Species,2286,,No,k__Bacteria|p__Bacteroidetes|c__Bacteroidia|o__Bacteroidales|f__Rikenellaceae|g__Alistipes|s__Alistipes_inops,No,Species,2286,2156.47228064483,2415.52771935517
Yes,Family,2287,,Yes,k__Bacteria|p__Bacteroidetes|c__Bacteroidia|o__Bacteroidales|f__Rikenellaceae,Yes,Family,2287,2157.47228064483,2416.52771935517
Yes,Family,2288,,Yes,k__Bacteria|p__Bacteroidetes|c__Bacteroidia|o__Bacteroidales|f__Rikenellaceae,Yes,Family,2288,2158.47228064483,2417.52771935517
Yes,Family,2289,,Yes,k__Bacteria|p__Bacteroidetes|c__Bacteroidia|o__Bacteroidales|f__Rikenellaceae,Yes,Family,2289,2159.47228064483,2418.52771935517
Yes,Family,2290,,Yes,k__Bacteria|p__Bacteroidetes|c__Bacteroidia|o__Bacteroidales|f__Rikenellaceae,Yes,Family,2290,2160.47228064483,2419.52771935517
Yes,Family,2291,,Yes,k__Bacteria|p__Bacteroidetes|c__Bacteroidia|o__Bacteroidales|f__Rikenellaceae,Yes,Family,2291,2161.47228064483,2420.52771935517
No,Species,2292,,No,k__Bacteria|p__Bacteroidetes|c__Bacteroidia|o__Bacteroidales|f__Rikenellaceae|g__Alistipes|s__Alistipes_sp_CHKCI003,No,Species,2292,2162.47228064483,2421.52771935517
Yes,Genus,2293,,Yes,k__Bacteria|p__Bacteroidetes|c__Bacteroidia|o__Bacteroidales|f__Rikenellaceae|g__Alistipes,Yes,Genus,2293,2163.47228064483,2422.52771935517
Yes,Genus,2294,,Yes,k__Bacteria|p__Bacteroidetes|c__Bacteroidia|o__Bacteroidales|f__Rikenellaceae|g__Alistipes,Yes,Genus,2294,2164.47228064483,2423.52771935517
No,Species,2295,,No,k__Bacteria|p__Bacteroidetes|c__Bacteroidia|o__Bacteroidales|f__Rikenellaceae|g__Alistipes|s__Alistipes_shahii,No,Species,2295,2165.47228064483,2424.52771935517
Yes,Genus,2296,,Yes,k__Bacteria|p__Bacteroidetes|c__Bacteroidia|o__Bacteroidales|f__Rikenellaceae|g__Alistipes,Yes,Genus,2296,2166.47228064483,2425.52771935517
Yes,Genus,2297,,Yes,k__Bacteria|p__Bacteroidetes|c__Bacteroidia|o__Bacteroidales|f__Rikenellaceae|g__Alistipes,Yes,Genus,2297,2167.47228064483,2426.52771935517
Yes,Genus,2298,,Yes,k__Bacteria|p__Bacteroidetes|c__Bacteroidia|o__Bacteroidales|f__Rikenellaceae|g__Alistipes,Yes,Genus,2298,2168.47228064483,2427.52771935517
No,Species,2299,,No,k__Bacteria|p__Bacteroidetes|c__Bacteroidia|o__Bacteroidales|f__Rikenellaceae|g__Alistipes|s__Alistipes_timonensis,No,Species,2299,2169.47228064483,2428.52771935517
Yes,Genus,2300,,Yes,k__Bacteria|p__Bacteroidetes|c__Bacteroidia|o__Bacteroidales|f__Rikenellaceae|g__Alistipes,Yes,Genus,2300,2170.47228064483,2429.52771935517
No,Species,2301,,No,k__Bacteria|p__Bacteroidetes|c__Bacteroidia|o__Bacteroidales|f__Rikenellaceae|g__Alistipes|s__Alistipes_finegoldii,No,Species,2301,2171.47228064483,2430.52771935517
Yes,Genus,2302,,Yes,k__Bacteria|p__Bacteroidetes|c__Bacteroidia|o__Bacteroidales|f__Rikenellaceae|g__Alistipes,Yes,Genus,2302,2172.47228064483,2431.52771935517
No,Species,2303,,No,k__Bacteria|p__Bacteroidetes|c__Bacteroidia|o__Bacteroidales|f__Rikenellaceae|g__Alistipes|s__Alistipes_finegoldii,No,Species,2303,2173.47228064483,2432.52771935517
No,Species,2304,,No,k__Bacteria|p__Bacteroidetes|c__Bacteroidia|o__Bacteroidales|f__Rikenellaceae|g__Alistipes|s__Alistipes_sp_An31A,No,Species,2304,2174.47228064483,2433.52771935517
Yes,Genus,2305,,Yes,k__Bacteria|p__Bacteroidetes|c__Bacteroidia|o__Bacteroidales|f__Rikenellaceae|g__Alistipes,Yes,Genus,2305,2175.47228064483,2434.52771935517
No,Species,2306,,No,k__Bacteria|p__Bacteroidetes|c__Bacteroidia|o__Bacteroidales|f__Rikenellaceae|g__Alistipes|s__Alistipes_sp_An66,No,Species,2306,2176.47228064483,2435.52771935517
Yes,Genus,2307,,Yes,k__Bacteria|p__Bacteroidetes|c__Bacteroidia|o__Bacteroidales|f__Rikenellaceae|g__Alistipes,Yes,Genus,2307,2177.47228064483,2436.52771935517
Yes,Genus,2309,,Yes,k__Bacteria|p__Bacteroidetes|c__Bacteroidia|o__Bacteroidales|f__Rikenellaceae|g__Alistipes,Yes,Genus,2309,2179.47228064483,2438.52771935517
Yes,Family,2310,,Yes,k__Bacteria|p__Bacteroidetes|c__Bacteroidia|o__Bacteroidales|f__Rikenellaceae,Yes,Family,2310,2180.47228064483,2439.52771935517
Yes,Family,2311,,Yes,k__Bacteria|p__Bacteroidetes|c__Bacteroidia|o__Bacteroidales|f__Rikenellaceae,Yes,Family,2311,2181.47228064483,2440.52771935517
Yes,Family,2312,,Yes,k__Bacteria|p__Bacteroidetes|c__Bacteroidia|o__Bacteroidales|f__Rikenellaceae,Yes,Family,2312,2182.47228064483,2441.52771935517
No,Species,2313,,No,k__Bacteria|p__Bacteroidetes|c__Bacteroidia|o__Bacteroidales|f__Rikenellaceae|g__Alistipes|s__Alistipes_sp_CAG_268,No,Species,2313,2183.47228064483,2442.52771935517
Yes,Family,2315,,Yes,k__Bacteria|p__Bacteroidetes|c__Bacteroidia|o__Bacteroidales|f__Rikenellaceae,Yes,Family,2315,2185.47228064483,2444.52771935517
Yes,Family,2317,,Yes,k__Bacteria|p__Bacteroidetes|c__Bacteroidia|o__Bacteroidales|f__Rikenellaceae,Yes,Family,2317,2187.47228064483,2446.52771935517
No,Species,2318,,No,k__Bacteria|p__Bacteroidetes|c__Bacteroidia|o__Bacteroidales|f__Rikenellaceae|g__Alistipes|s__Alistipes_putredinis,No,Species,2318,2188.47228064483,2447.52771935517
Yes,Family,2320,,Yes,k__Bacteria|p__Bacteroidetes|c__Bacteroidia|o__Bacteroidales|f__Rikenellaceae,Yes,Family,2320,2190.47228064483,2449.52771935517
Yes,Family,2321,,Yes,k__Bacteria|p__Bacteroidetes|c__Bacteroidia|o__Bacteroidales|f__Rikenellaceae,Yes,Family,2321,2191.47228064483,2450.52771935517
Yes,Family,2322,,Yes,k__Bacteria|p__Bacteroidetes|c__Bacteroidia|o__Bacteroidales|f__Rikenellaceae,Yes,Family,2322,2192.47228064483,2451.52771935517
Yes,Family,2323,,Yes,k__Bacteria|p__Bacteroidetes|c__Bacteroidia|o__Bacteroidales|f__Rikenellaceae,Yes,Family,2323,2193.47228064483,2452.52771935517
Yes,Family,2324,,Yes,k__Bacteria|p__Bacteroidetes|c__Bacteroidia|o__Bacteroidales|f__Rikenellaceae,Yes,Family,2324,2194.47228064483,2453.52771935517
No,Species,2325,,No,k__Bacteria|p__Bacteroidetes|c__Bacteroidia|o__Bacteroidales|f__Rikenellaceae|g__Alistipes|s__Alistipes_indistinctus,No,Species,2325,2195.47228064483,2454.52771935517
No,Species,2326,,No,k__Bacteria|p__Firmicutes|c__Clostridia|o__Clostridiales|f__Ruminococcaceae|g__Faecalibacterium|s__Faecalibacterium_prausnitzii,No,Species,2326,2196.47228064483,2455.52771935517
Yes,Family,2327,,Yes,k__Bacteria|p__Bacteroidetes|c__Bacteroidia|o__Bacteroidales|f__Rikenellaceae,Yes,Family,2327,2197.47228064483,2456.52771935517
Yes,Family,2328,,Yes,k__Bacteria|p__Bacteroidetes|c__Bacteroidia|o__Bacteroidales|f__Rikenellaceae,Yes,Family,2328,2198.47228064483,2457.52771935517
Yes,Family,2329,,Yes,k__Bacteria|p__Bacteroidetes|c__Bacteroidia|o__Bacteroidales|f__Rikenellaceae,Yes,Family,2329,2199.47228064483,2458.52771935517
Yes,Family,2476,,Yes,k__Bacteria|p__Bacteroidetes|c__Flavobacteriia|o__Flavobacteriales|f__Flavobacteriaceae,Yes,Family,2476,2346.47228064483,2605.52771935517
Yes,Family,2477,,Yes,k__Bacteria|p__Bacteroidetes|c__Flavobacteriia|o__Flavobacteriales|f__Flavobacteriaceae,Yes,Family,2477,2347.47228064483,2606.52771935517
No,Species,2478,,No,k__Bacteria|p__Bacteroidetes|c__Flavobacteriia|o__Flavobacteriales|f__Flavobacteriaceae|g__Capnocytophaga|s__Capnocytophaga_sp_oral_taxon_338,No,Species,2478,2348.47228064483,2607.52771935517
No,Species,2479,,No,k__Bacteria|p__Bacteroidetes|c__Flavobacteriia|o__Flavobacteriales|f__Flavobacteriaceae|g__Capnocytophaga|s__Capnocytophaga_gingivalis,No,Species,2479,2349.47228064483,2608.52771935517
Yes,Genus,2480,,Yes,k__Bacteria|p__Bacteroidetes|c__Flavobacteriia|o__Flavobacteriales|f__Flavobacteriaceae|g__Capnocytophaga,Yes,Genus,2480,2350.47228064483,2609.52771935517
Yes,Genus,2482,,Yes,k__Bacteria|p__Bacteroidetes|c__Flavobacteriia|o__Flavobacteriales|f__Flavobacteriaceae|g__Capnocytophaga,Yes,Genus,2482,2352.47228064483,2611.52771935517
No,Species,2483,,No,k__Bacteria|p__Bacteroidetes|c__Flavobacteriia|o__Flavobacteriales|f__Flavobacteriaceae|g__Capnocytophaga|s__Capnocytophaga_granulosa,No,Species,2483,2353.47228064483,2612.52771935517
Yes,Genus,2485,,Yes,k__Bacteria|p__Bacteroidetes|c__Flavobacteriia|o__Flavobacteriales|f__Flavobacteriaceae|g__Capnocytophaga,Yes,Genus,2485,2355.47228064483,2614.52771935517
No,Species,2487,,No,k__Bacteria|p__Bacteroidetes|c__Flavobacteriia|o__Flavobacteriales|f__Flavobacteriaceae|g__Capnocytophaga|s__Capnocytophaga_haemolytica,No,Species,2487,2357.47228064483,2616.52771935517
Yes,Family,2488,,Yes,k__Bacteria|p__Bacteroidetes|c__Flavobacteriia|o__Flavobacteriales|f__Flavobacteriaceae,Yes,Family,2488,2358.47228064483,2617.52771935517
No,Species,2489,,No,k__Bacteria|p__Bacteroidetes|c__Flavobacteriia|o__Flavobacteriales|f__Flavobacteriaceae|g__Capnocytophaga|s__Capnocytophaga_sp_oral_taxon_332,No,Species,2489,2359.47228064483,2618.52771935517
Yes,Family,2490,,Yes,k__Bacteria|p__Bacteroidetes|c__Flavobacteriia|o__Flavobacteriales|f__Flavobacteriaceae,Yes,Family,2490,2360.47228064483,2619.52771935517
Yes,Genus,2491,,Yes,k__Bacteria|p__Bacteroidetes|c__Flavobacteriia|o__Flavobacteriales|f__Flavobacteriaceae|g__Capnocytophaga,Yes,Genus,2491,2361.47228064483,2620.52771935517
Yes,Genus,2492,,Yes,k__Bacteria|p__Bacteroidetes|c__Flavobacteriia|o__Flavobacteriales|f__Flavobacteriaceae|g__Capnocytophaga,Yes,Genus,2492,2362.47228064483,2621.52771935517
Yes,Genus,2493,,Yes,k__Bacteria|p__Bacteroidetes|c__Flavobacteriia|o__Flavobacteriales|f__Flavobacteriaceae|g__Capnocytophaga,Yes,Genus,2493,2363.47228064483,2622.52771935517
No,Species,2495,,No,k__Bacteria|p__Bacteroidetes|c__Flavobacteriia|o__Flavobacteriales|f__Flavobacteriaceae|g__Capnocytophaga|s__Capnocytophaga_leadbetteri,No,Species,2495,2365.47228064483,2624.52771935517
Yes,Genus,2496,,Yes,k__Bacteria|p__Bacteroidetes|c__Flavobacteriia|o__Flavobacteriales|f__Flavobacteriaceae|g__Capnocytophaga,Yes,Genus,2496,2366.47228064483,2625.52771935517
No,Species,2497,,No,k__Bacteria|p__Bacteroidetes|c__Flavobacteriia|o__Flavobacteriales|f__Flavobacteriaceae|g__Capnocytophaga|s__Capnocytophaga_ochracea,No,Species,2497,2367.47228064483,2626.52771935517
No,Species,2498,,No,k__Bacteria|p__Bacteroidetes|c__Flavobacteriia|o__Flavobacteriales|f__Flavobacteriaceae|g__Capnocytophaga|s__Capnocytophaga_sp_ChDC_OS43,No,Species,2498,2368.47228064483,2627.52771935517
Yes,Genus,2499,,Yes,k__Bacteria|p__Bacteroidetes|c__Flavobacteriia|o__Flavobacteriales|f__Flavobacteriaceae|g__Capnocytophaga,Yes,Genus,2499,2369.47228064483,2628.52771935517
Yes,Genus,2500,,Yes,k__Bacteria|p__Bacteroidetes|c__Flavobacteriia|o__Flavobacteriales|f__Flavobacteriaceae|g__Capnocytophaga,Yes,Genus,2500,2370.47228064483,2629.52771935517
No,Species,2502,,No,k__Bacteria|p__Bacteroidetes|c__Flavobacteriia|o__Flavobacteriales|f__Flavobacteriaceae|g__Capnocytophaga|s__Capnocytophaga_sputigena,No,Species,2502,2372.47228064483,2631.52771935517
Yes,Family,2503,,Yes,k__Bacteria|p__Bacteroidetes|c__Flavobacteriia|o__Flavobacteriales|f__Flavobacteriaceae,Yes,Family,2503,2373.47228064483,2632.52771935517
Yes,Family,2504,,Yes,k__Bacteria|p__Bacteroidetes|c__Flavobacteriia|o__Flavobacteriales|f__Flavobacteriaceae,Yes,Family,2504,2374.47228064483,2633.52771935517
Yes,Family,2505,,Yes,k__Bacteria|p__Bacteroidetes|c__Flavobacteriia|o__Flavobacteriales|f__Flavobacteriaceae,Yes,Family,2505,2375.47228064483,2634.52771935517
Yes,Family,2506,,Yes,k__Bacteria|p__Bacteroidetes|c__Flavobacteriia|o__Flavobacteriales|f__Flavobacteriaceae,Yes,Family,2506,2376.47228064483,2635.52771935517
Yes,Family,2507,,Yes,k__Bacteria|p__Bacteroidetes|c__Flavobacteriia|o__Flavobacteriales|f__Flavobacteriaceae,Yes,Family,2507,2377.47228064483,2636.52771935517
Yes,Family,2508,,Yes,k__Bacteria|p__Bacteroidetes|c__Flavobacteriia|o__Flavobacteriales|f__Flavobacteriaceae,Yes,Family,2508,2378.47228064483,2637.52771935517
Yes,Family,2509,,Yes,k__Bacteria|p__Bacteroidetes|c__Flavobacteriia|o__Flavobacteriales|f__Flavobacteriaceae,Yes,Family,2509,2379.47228064483,2638.52771935517
Yes,Family,2510,,Yes,k__Bacteria|p__Bacteroidetes|c__Flavobacteriia|o__Flavobacteriales|f__Flavobacteriaceae,Yes,Family,2510,2380.47228064483,2639.52771935517
Yes,Family,2511,,Yes,k__Bacteria|p__Bacteroidetes|c__Flavobacteriia|o__Flavobacteriales|f__Flavobacteriaceae,Yes,Family,2511,2381.47228064483,2640.52771935517
Yes,Family,2512,,Yes,k__Bacteria|p__Bacteroidetes|c__Flavobacteriia|o__Flavobacteriales|f__Flavobacteriaceae,Yes,Family,2512,2382.47228064483,2641.52771935517
Yes,Family,2513,,Yes,k__Bacteria|p__Bacteroidetes|c__Flavobacteriia|o__Flavobacteriales|f__Flavobacteriaceae,Yes,Family,2513,2383.47228064483,2642.52771935517
Yes,Family,2514,,Yes,k__Bacteria|p__Bacteroidetes|c__Flavobacteriia|o__Flavobacteriales|f__Flavobacteriaceae,Yes,Family,2514,2384.47228064483,2643.52771935517
Yes,Family,2515,,Yes,k__Bacteria|p__Bacteroidetes|c__Flavobacteriia|o__Flavobacteriales|f__Flavobacteriaceae,Yes,Family,2515,2385.47228064483,2644.52771935517
Yes,Family,2516,,Yes,k__Bacteria|p__Bacteroidetes|c__Flavobacteriia|o__Flavobacteriales|f__Flavobacteriaceae,Yes,Family,2516,2386.47228064483,2645.52771935517
Yes,Family,2517,,Yes,k__Bacteria|p__Bacteroidetes|c__Flavobacteriia|o__Flavobacteriales|f__Flavobacteriaceae,Yes,Family,2517,2387.47228064483,2646.52771935517
Yes,Family,2518,,Yes,k__Bacteria|p__Bacteroidetes|c__Flavobacteriia|o__Flavobacteriales|f__Flavobacteriaceae,Yes,Family,2518,2388.47228064483,2647.52771935517
Yes,Family,2519,,Yes,k__Bacteria|p__Bacteroidetes|c__Flavobacteriia|o__Flavobacteriales|f__Flavobacteriaceae,Yes,Family,2519,2389.47228064483,2648.52771935517
Yes,Family,2520,,Yes,k__Bacteria|p__Bacteroidetes|c__Flavobacteriia|o__Flavobacteriales|f__Flavobacteriaceae,Yes,Family,2520,2390.47228064483,2649.52771935517
Yes,Family,2521,,Yes,k__Bacteria|p__Bacteroidetes|c__Flavobacteriia|o__Flavobacteriales|f__Flavobacteriaceae,Yes,Family,2521,2391.47228064483,2650.52771935517
Yes,Family,2522,,Yes,k__Bacteria|p__Bacteroidetes|c__Flavobacteriia|o__Flavobacteriales|f__Flavobacteriaceae,Yes,Family,2522,2392.47228064483,2651.52771935517
Yes,Family,2523,,Yes,k__Bacteria|p__Bacteroidetes|c__Flavobacteriia|o__Flavobacteriales|f__Flavobacteriaceae,Yes,Family,2523,2393.47228064483,2652.52771935517
Yes,Family,2524,,Yes,k__Bacteria|p__Bacteroidetes|c__Flavobacteriia|o__Flavobacteriales|f__Flavobacteriaceae,Yes,Family,2524,2394.47228064483,2653.52771935517
Yes,Family,2526,,Yes,k__Bacteria|p__Bacteroidetes|c__Flavobacteriia|o__Flavobacteriales|f__Flavobacteriaceae,Yes,Family,2526,2396.47228064483,2655.52771935517
Yes,Family,2527,,Yes,k__Bacteria|p__Bacteroidetes|c__Flavobacteriia|o__Flavobacteriales|f__Flavobacteriaceae,Yes,Family,2527,2397.47228064483,2656.52771935517
Yes,Family,2528,,Yes,k__Bacteria|p__Bacteroidetes|c__Flavobacteriia|o__Flavobacteriales|f__Flavobacteriaceae,Yes,Family,2528,2398.47228064483,2657.52771935517
Yes,Family,2529,,Yes,k__Bacteria|p__Bacteroidetes|c__Flavobacteriia|o__Flavobacteriales|f__Flavobacteriaceae,Yes,Family,2529,2399.47228064483,2658.52771935517
Yes,Family,2530,,Yes,k__Bacteria|p__Bacteroidetes|c__Flavobacteriia|o__Flavobacteriales|f__Flavobacteriaceae,Yes,Family,2530,2400.47228064483,2659.52771935517
Yes,Family,2531,,Yes,k__Bacteria|p__Bacteroidetes|c__Flavobacteriia|o__Flavobacteriales|f__Flavobacteriaceae,Yes,Family,2531,2401.47228064483,2660.52771935517
Yes,Family,2532,,Yes,k__Bacteria|p__Bacteroidetes|c__Flavobacteriia|o__Flavobacteriales|f__Flavobacteriaceae,Yes,Family,2532,2402.47228064483,2661.52771935517
Yes,Family,2533,,Yes,k__Bacteria|p__Bacteroidetes|c__Flavobacteriia|o__Flavobacteriales|f__Flavobacteriaceae,Yes,Family,2533,2403.47228064483,2662.52771935517
No,Species,2548,,No,k__Bacteria|p__Bacteroidetes|c__Flavobacteriia|o__Flavobacteriales|f__Flavobacteriaceae|g__Chryseobacterium|s__Chryseobacterium_bovis,No,Species,2548,2418.47228064483,2677.52771935517
No,Species,2549,,No,k__Bacteria|p__Bacteroidetes|c__Flavobacteriia|o__Flavobacteriales|f__Flavobacteriaceae|g__Chryseobacterium|s__Chryseobacterium_hominis,No,Species,2549,2419.47228064483,2678.52771935517
No,Species,2580,,No,k__Bacteria|p__Bacteroidetes|c__Flavobacteriia|o__Flavobacteriales|f__Flavobacteriaceae|g__Chryseobacterium|s__Chryseobacterium_joostei,No,Species,2580,2450.47228064483,2709.52771935517
No,Species,2933,,No,k__Bacteria|p__Bacteroidetes|c__Flavobacteriia|o__Flavobacteriales|f__Flavobacteriaceae|g__Flavobacterium|s__Flavobacterium_lindanitolerans,No,Species,2933,2803.47228064483,3062.52771935517
No,Species,3054,,No,k__Bacteria|p__Bacteroidetes|c__Flavobacteriia|o__Flavobacteriales|f__Flavobacteriaceae|g__Weeksella|s__Weeksella_sp_HMSC059D05,No,Species,3054,2924.47228064483,3183.52771935517
Yes,Family,3056,,Yes,k__Bacteria|p__Bacteroidetes|c__Flavobacteriia|o__Flavobacteriales|f__Flavobacteriaceae,Yes,Family,3056,2926.47228064483,3185.52771935517
No,Species,3145,,No,k__Bacteria|p__Bacteroidetes|c__Sphingobacteriia|o__Sphingobacteriales|f__Sphingobacteriaceae|g__Sphingobacterium|s__Sphingobacterium_spiritivorum,No,Species,3145,3015.47228064483,3274.52771935517
Yes,Family,3320,,Yes,k__Bacteria|p__Bacteroidetes|c__Bacteroidia|o__Bacteroidales|f__Prevotellaceae,Yes,Family,3320,3190.47228064483,3449.52771935517
Yes,Family,3473,,Yes,k__Bacteria|p__Bacteroidetes|c__Chitinophagia|o__Chitinophagales|f__Chitinophagaceae,Yes,Family,3473,3343.47228064483,3602.52771935517
Yes,Family,3516,,Yes,k__Bacteria|p__Candidatus_Gracilibacteria|c__Candidatus_Gracilibacteria_unclassified|o__Candidatus_Gracilibacteria_unclassified|f__Candidatus_Gracilibacteria_unclassified,Yes,Family,3516,3386.47228064483,3645.52771935517
Yes,Unknown,3521,,Yes,Unknown,Yes,Unknown,3521,3391.47228064483,3650.52771935517
Yes,Family,3539,,Yes,k__Bacteria|p__Spirochaetes|c__Spirochaetia|o__Spirochaetales|f__Spirochaetaceae,Yes,Family,3539,3409.47228064483,3668.52771935517
No,Species,3542,,No,k__Bacteria|p__Spirochaetes|c__Spirochaetia|o__Spirochaetales|f__Spirochaetaceae|g__Treponema|s__Treponema_berlinense,No,Species,3542,3412.47228064483,3671.52771935517
Yes,Genus,3545,,Yes,k__Bacteria|p__Spirochaetes|c__Spirochaetia|o__Spirochaetales|f__Spirochaetaceae|g__Treponema,Yes,Genus,3545,3415.47228064483,3674.52771935517
No,Species,3546,,No,k__Bacteria|p__Spirochaetes|c__Spirochaetia|o__Spirochaetales|f__Spirochaetaceae|g__Treponema|s__Treponema_succinifaciens,No,Species,3546,3416.47228064483,3675.52771935517
Yes,Genus,3547,,Yes,k__Bacteria|p__Spirochaetes|c__Spirochaetia|o__Spirochaetales|f__Spirochaetaceae|g__Treponema,Yes,Genus,3547,3417.47228064483,3676.52771935517
Yes,Family,3548,,Yes,k__Bacteria|p__Spirochaetes|c__Spirochaetia|o__Spirochaetales|f__Spirochaetaceae,Yes,Family,3548,3418.47228064483,3677.52771935517
Yes,Family,3550,,Yes,k__Bacteria|p__Spirochaetes|c__Spirochaetia|o__Spirochaetales|f__Spirochaetaceae,Yes,Family,3550,3420.47228064483,3679.52771935517
Yes,Unknown,3552,,Yes,Unknown,Yes,Unknown,3552,3422.47228064483,3681.52771935517
Yes,Unknown,3573,,Yes,Unknown,Yes,Unknown,3573,3443.47228064483,3702.52771935517
Yes,Unknown,3574,,Yes,Unknown,Yes,Unknown,3574,3444.47228064483,3703.52771935517
Yes,Unknown,3575,,Yes,Unknown,Yes,Unknown,3575,3445.47228064483,3704.52771935517
Yes,Unknown,3576,,Yes,Unknown,Yes,Unknown,3576,3446.47228064483,3705.52771935517
Yes,Unknown,3577,,Yes,Unknown,Yes,Unknown,3577,3447.47228064483,3706.52771935517
Yes,Unknown,3578,,Yes,Unknown,Yes,Unknown,3578,3448.47228064483,3707.52771935517
Yes,Unknown,3579,,Yes,Unknown,Yes,Unknown,3579,3449.47228064483,3708.52771935517
Yes,Unknown,3580,,Yes,Unknown,Yes,Unknown,3580,3450.47228064483,3709.52771935517
Yes,Unknown,3581,,Yes,Unknown,Yes,Unknown,3581,3451.47228064483,3710.52771935517
No,Species,3584,,No,k__Bacteria|p__Spirochaetes|c__Spirochaetia|o__Spirochaetales|f__Spirochaetaceae|g__Treponema|s__Treponema_socranskii,No,Species,3584,3454.47228064483,3713.52771935517
Yes,Genus,3585,,Yes,k__Bacteria|p__Spirochaetes|c__Spirochaetia|o__Spirochaetales|f__Spirochaetaceae|g__Treponema,Yes,Genus,3585,3455.47228064483,3714.52771935517
Yes,Genus,3586,,Yes,k__Bacteria|p__Spirochaetes|c__Spirochaetia|o__Spirochaetales|f__Spirochaetaceae|g__Treponema,Yes,Genus,3586,3456.47228064483,3715.52771935517
No,Species,3587,,No,k__Bacteria|p__Spirochaetes|c__Spirochaetia|o__Spirochaetales|f__Spirochaetaceae|g__Treponema|s__Treponema_lecithinolyticum,No,Species,3587,3457.47228064483,3716.52771935517
Yes,Genus,3588,,Yes,k__Bacteria|p__Spirochaetes|c__Spirochaetia|o__Spirochaetales|f__Spirochaetaceae|g__Treponema,Yes,Genus,3588,3458.47228064483,3717.52771935517
No,Species,3589,,No,k__Bacteria|p__Spirochaetes|c__Spirochaetia|o__Spirochaetales|f__Spirochaetaceae|g__Treponema|s__Treponema_maltophilum,No,Species,3589,3459.47228064483,3718.52771935517
Yes,Genus,3590,,Yes,k__Bacteria|p__Spirochaetes|c__Spirochaetia|o__Spirochaetales|f__Spirochaetaceae|g__Treponema,Yes,Genus,3590,3460.47228064483,3719.52771935517
Yes,Unknown,3591,,Yes,Unknown,Yes,Unknown,3591,3461.47228064483,3720.52771935517
Yes,Unknown,3592,,Yes,Unknown,Yes,Unknown,3592,3462.47228064483,3721.52771935517
Yes,Unknown,3593,,Yes,Unknown,Yes,Unknown,3593,3463.47228064483,3722.52771935517
Yes,Unknown,3597,,Yes,Unknown,Yes,Unknown,3597,3467.47228064483,3726.52771935517
Yes,Unknown,3598,,Yes,Unknown,Yes,Unknown,3598,3468.47228064483,3727.52771935517
Yes,Unknown,3599,,Yes,Unknown,Yes,Unknown,3599,3469.47228064483,3728.52771935517
Yes,Family,3600,,Yes,k__Bacteria|p__Spirochaetes|c__Spirochaetia|o__Spirochaetales|f__Spirochaetaceae,Yes,Family,3600,3470.47228064483,3729.52771935517
Yes,Genus,3601,,Yes,k__Bacteria|p__Spirochaetes|c__Spirochaetia|o__Spirochaetales|f__Spirochaetaceae|g__Treponema,Yes,Genus,3601,3471.47228064483,3730.52771935517
No,Species,3602,,No,k__Bacteria|p__Spirochaetes|c__Spirochaetia|o__Spirochaetales|f__Spirochaetaceae|g__Treponema|s__Treponema_vincentii,No,Species,3602,3472.47228064483,3731.52771935517
Yes,Genus,3603,,Yes,k__Bacteria|p__Spirochaetes|c__Spirochaetia|o__Spirochaetales|f__Spirochaetaceae|g__Treponema,Yes,Genus,3603,3473.47228064483,3732.52771935517
Yes,Genus,3604,,Yes,k__Bacteria|p__Spirochaetes|c__Spirochaetia|o__Spirochaetales|f__Spirochaetaceae|g__Treponema,Yes,Genus,3604,3474.47228064483,3733.52771935517
Yes,Genus,3605,,Yes,k__Bacteria|p__Spirochaetes|c__Spirochaetia|o__Spirochaetales|f__Spirochaetaceae|g__Treponema,Yes,Genus,3605,3475.47228064483,3734.52771935517
No,Species,3606,,No,k__Bacteria|p__Spirochaetes|c__Spirochaetia|o__Spirochaetales|f__Spirochaetaceae|g__Treponema|s__Treponema_medium,No,Species,3606,3476.47228064483,3735.52771935517
Yes,Genus,3607,,Yes,k__Bacteria|p__Spirochaetes|c__Spirochaetia|o__Spirochaetales|f__Spirochaetaceae|g__Treponema,Yes,Genus,3607,3477.47228064483,3736.52771935517
Yes,Family,3609,,Yes,k__Bacteria|p__Spirochaetes|c__Spirochaetia|o__Spirochaetales|f__Spirochaetaceae,Yes,Family,3609,3479.47228064483,3738.52771935517
Yes,Family,3610,,Yes,k__Bacteria|p__Spirochaetes|c__Spirochaetia|o__Spirochaetales|f__Spirochaetaceae,Yes,Family,3610,3480.47228064483,3739.52771935517
Yes,Family,3611,,Yes,k__Bacteria|p__Spirochaetes|c__Spirochaetia|o__Spirochaetales|f__Spirochaetaceae,Yes,Family,3611,3481.47228064483,3740.52771935517
No,Species,3613,,No,k__Bacteria|p__Spirochaetes|c__Spirochaetia|o__Spirochaetales|f__Spirochaetaceae|g__Treponema|s__Treponema_denticola,No,Species,3613,3483.47228064483,3742.52771935517
Yes,Genus,3615,,Yes,k__Bacteria|p__Spirochaetes|c__Spirochaetia|o__Spirochaetales|f__Spirochaetaceae|g__Treponema,Yes,Genus,3615,3485.47228064483,3744.52771935517
Yes,Family,3663,,Yes,k__Bacteria|p__Actinobacteria|c__Actinobacteria|o__Corynebacteriales|f__Corynebacteriales_unclassified,Yes,Family,3663,3533.47228064483,3792.52771935517
No,Species,3664,,No,k__Bacteria|p__Actinobacteria|c__Actinobacteria|o__Corynebacteriales|f__Corynebacteriales_unclassified|g__Lawsonella|s__Lawsonella_clevelandensis,No,Species,3664,3534.47228064483,3793.52771935517
Yes,Genus,3665,,Yes,k__Bacteria|p__Actinobacteria|c__Actinobacteria|o__Corynebacteriales|f__Corynebacteriales_unclassified|g__Lawsonella,Yes,Genus,3665,3535.47228064483,3794.52771935517
Yes,Unknown,3668,,Yes,Unknown,Yes,Unknown,3668,3538.47228064483,3797.52771935517
Yes,Unknown,3671,,Yes,Unknown,Yes,Unknown,3671,3541.47228064483,3800.52771935517
Yes,Unknown,3672,,Yes,Unknown,Yes,Unknown,3672,3542.47228064483,3801.52771935517
Yes,Family,3673,,Yes,k__Bacteria|p__Proteobacteria|c__Gammaproteobacteria|o__Aeromonadales|f__Succinivibrionaceae,Yes,Family,3673,3543.47228064483,3802.52771935517
Yes,Family,3674,,Yes,k__Bacteria|p__Proteobacteria|c__Gammaproteobacteria|o__Aeromonadales|f__Succinivibrionaceae,Yes,Family,3674,3544.47228064483,3803.52771935517
Yes,Family,3675,,Yes,k__Bacteria|p__Proteobacteria|c__Gammaproteobacteria|o__Aeromonadales|f__Succinivibrionaceae,Yes,Family,3675,3545.47228064483,3804.52771935517
No,Species,3677,,No,k__Bacteria|p__Proteobacteria|c__Gammaproteobacteria|o__Aeromonadales|f__Succinivibrionaceae|g__Succinatimonas|s__Succinatimonas_sp_CAG_777,No,Species,3677,3547.47228064483,3806.52771935517
Yes,Genus,3678,,Yes,k__Bacteria|p__Proteobacteria|c__Gammaproteobacteria|o__Aeromonadales|f__Succinivibrionaceae|g__Succinatimonas,Yes,Genus,3678,3548.47228064483,3807.52771935517
