x,y,value,group,label,facet,source,target,weight,lower,upper
7201.57821561835,2.24406365142853,0.200495946519443,Up,Up,,7201.57821561835,2.24406365142853,0.200495946519443,0.15905667728062367,0.24193521575826232
1009.4171373789,-2.25745415444343,0.209646854058983,Down,Down,,1009.4171373789,-2.25745415444343,0.209646854058983,0.16820758482016368,0.25108612329780233
249.11733008828,3.82947416241995,0.362326285244109,Up,Up,,249.11733008828,3.82947416241995,0.362326285244109,0.3208870160052897,0.4037655544829283
5237.50347892816,2.55040873229321,0.256037907055118,Up,Up,,5237.50347892816,2.55040873229321,0.256037907055118,0.21459863781629865,0.2974771762939373
10838.1037380565,2.21430006444672,0.222906470988473,Up,Up,,10838.1037380565,2.21430006444672,0.222906470988473,0.18146720174965367,0.2643457402272923
2456.80698644421,2.28824322056242,0.235622817278782,Up,Up,,2456.80698644421,2.28824322056242,0.235622817278782,0.19418354803996268,0.27706208651760134
270620.1516182,-2.41134234291108,0.249189852126336,Down,Down,,270620.1516182,-2.41134234291108,0.249189852126336,0.20775058288751666,0.2906291213651553
373.292197202967,2.5866667340059,0.281643301951282,Up,Up,,373.292197202967,2.5866667340059,0.281643301951282,0.24020403271246268,0.3230825711901013
19263.2497506596,-2.29293922928425,0.264094831934254,Down,Down,,19263.2497506596,-2.29293922928425,0.264094831934254,0.22265556269543466,0.3055341011730733
28952.5932768382,1.79737664301061,0.208096074055432,Up,Up,,28952.5932768382,1.79737664301061,0.208096074055432,0.16665680481661269,0.24953534329425134
16046.1295436213,1.42464304999043,0.167227853547922,Up,Up,,16046.1295436213,1.42464304999043,0.167227853547922,0.12578858430910267,0.20866712278674132
2601.20803909912,-2.68196407484017,0.325688058415834,Down,Down,,2601.20803909912,-2.68196407484017,0.325688058415834,0.2842487891770147,0.3671273276546533
9057.29938965537,1.70851994640231,0.20914417023613,Up,Up,,9057.29938965537,1.70851994640231,0.20914417023613,0.16770490099731067,0.2505834394749493
22153.0896738367,-3.85141758416705,0.480527743642317,Down,Down,,22153.0896738367,-3.85141758416705,0.480527743642317,0.4390884744034977,0.5219670128811363
2754.6066024634,1.28222411533842,0.164053598941781,Up,Up,,2754.6066024634,1.28222411533842,0.164053598941781,0.12261432970296168,0.20549286818060034
761.986479615549,1.8923844920591,0.24211370179189,Up,Up,,761.986479615549,1.8923844920591,0.24211370179189,0.2006744325530707,0.2835529710307093
1502.09574846676,-1.23346884914908,0.161518847757953,Down,Down,,1502.09574846676,-1.23346884914908,0.161518847757953,0.12007957851913367,0.20295811699677233
496.977976239338,-1.50099662158495,0.2021924413106,Down,Down,,496.977976239338,-1.50099662158495,0.2021924413106,0.16075317207178066,0.24363171054941932
14532.9123430199,1.74173436290607,0.238762260391981,Up,Up,,14532.9123430199,1.74173436290607,0.238762260391981,0.19732299115316168,0.2802015296308003
3139.7517854302,-1.35919615536148,0.186827682334971,Down,Down,,3139.7517854302,-1.35919615536148,0.186827682334971,0.14538841309615166,0.22826695157379032
10634.6087791199,-3.02895383689483,0.418314581601541,Down,Down,,10634.6087791199,-3.02895383689483,0.418314581601541,0.3768753123627217,0.4597538508403603
20525.9104331819,1.60277066116623,0.22360337166379,Up,Up,,20525.9104331819,1.60277066116623,0.22360337166379,0.18216410242497066,0.2650426409026093
1060.84716012521,1.61651285884184,0.231401409050629,Up,Up,,1060.84716012521,1.61651285884184,0.231401409050629,0.18996213981180968,0.2728406782894483
27397.1596261796,-2.54475478191564,0.371785722003609,Down,Down,,27397.1596261796,-2.54475478191564,0.371785722003609,0.3303464527647897,0.4132249912424283
7778.05242347038,1.45825458313733,0.21309856990787,Up,Up,,7778.05242347038,1.45825458313733,0.21309856990787,0.17165930066905066,0.2545378391466893
2039.91593362635,1.54655107358994,0.226717321543246,Up,Up,,2039.91593362635,1.54655107358994,0.226717321543246,0.18527805230442668,0.26815659078206533
2897.89523236288,-1.26980773154049,0.188128463906301,Down,Down,,2897.89523236288,-1.26980773154049,0.188128463906301,0.14668919466748168,0.22956773314512033
689.66530145264,2.36734852584266,0.351221557531732,Up,Up,,689.66530145264,2.36734852584266,0.351221557531732,0.3097822882929127,0.3926608267705513
1103.21455695163,1.48692741474388,0.220888322359837,Up,Up,,1103.21455695163,1.48692741474388,0.220888322359837,0.17944905312101767,0.2623275915986563
74988.8235137753,-4.55651826251586,0.67804234722924,Down,Down,,74988.8235137753,-4.55651826251586,0.67804234722924,0.6366030779904206,0.7194816164680593
22710.8427631659,-2.36673286660781,0.353303226296375,Down,Down,,22710.8427631659,-2.36673286660781,0.353303226296375,0.3118639570575557,0.3947424955351943
1285.32072687132,1.26319364193086,0.189599331709393,Up,Up,,1285.32072687132,1.26319364193086,0.189599331709393,0.14816006247057367,0.23103860094821232
5973.49145797716,2.1390387011984,0.323322820907482,Up,Up,,5973.49145797716,2.1390387011984,0.323322820907482,0.2818835516686627,0.3647620901463013
9491.35472298586,-1.18080425844079,0.180561213570007,Down,Down,,9491.35472298586,-1.18080425844079,0.180561213570007,0.13912194433118769,0.22200048280882634
1797.54427736475,1.84332990985635,0.282618585718658,Up,Up,,1797.54427736475,1.84332990985635,0.282618585718658,0.24117931647983867,0.3240578549574773
2212.35432244789,2.03723655808703,0.317407458237937,Up,Up,,2212.35432244789,2.03723655808703,0.317407458237937,0.2759681889991177,0.3588467274767563
11192.0201922248,1.27702377872655,0.20026603472248,Up,Up,,11192.0201922248,1.27702377872655,0.20026603472248,0.15882676548366068,0.24170530396129933
15319.7162897411,-5.04644982251181,0.793181368457778,Down,Down,,15319.7162897411,-5.04644982251181,0.793181368457778,0.7517420992189586,0.8346206376965973
38478.6223373444,-1.82959188851138,0.288271328325719,Down,Down,,38478.6223373444,-1.82959188851138,0.288271328325719,0.24683205908689967,0.3297105975645383
11768.2742173304,-3.25406802345017,0.516113217061856,Down,Down,,11768.2742173304,-3.25406802345017,0.516113217061856,0.4746739478230367,0.5575524863006753
1260.8545156184,-1.25845124950658,0.201152186545469,Down,Down,,1260.8545156184,-1.25845124950658,0.201152186545469,0.15971291730664966,0.2425914557842883
310.50094795851,-1.8105676195108,0.290712499361182,Down,Down,,310.50094795851,-1.8105676195108,0.290712499361182,0.24927323012236266,0.3321517686000013
5023.39694779633,-1.5428550384289,0.249570279496577,Down,Down,,5023.39694779633,-1.5428550384289,0.249570279496577,0.20813101025775768,0.2910095487353963
18120.1523087539,-2.04290533157932,0.331755993416568,Down,Down,,18120.1523087539,-2.04290533157932,0.331755993416568,0.2903167241777487,0.37319526265538727
231.358507211492,-2.59485138164898,0.421952920537727,Down,Down,,231.358507211492,-2.59485138164898,0.421952920537727,0.3805136512989077,0.4633921897765463
2845.028396931,2.14832979170924,0.352154746526005,Up,Up,,2845.028396931,2.14832979170924,0.352154746526005,0.3107154772871857,0.3935940157648243
1783.43740204939,-1.08688232306381,0.178940993504728,Down,Down,,1783.43740204939,-1.08688232306381,0.178940993504728,0.13750172426590868,0.22038026274354733
11577.4203445093,1.18868950609354,0.196140950114146,Up,Up,,11577.4203445093,1.18868950609354,0.196140950114146,0.15470168087532668,0.23758021935296533
846.83233702315,-1.17902168741927,0.196066505754658,Down,Down,,846.83233702315,-1.17902168741927,0.196066505754658,0.15462723651583868,0.23750577499347733
17660.9111708601,2.13850855614923,0.357739092113037,Up,Up,,17660.9111708601,2.13850855614923,0.357739092113037,0.3162998228742177,0.3991783613518563
39.8602237528419,7.67619035985353,1.29023118503924,Up,Up,,39.8602237528419,7.67619035985353,1.29023118503924,1.2487919158004208,1.3316704542780593
1049.58974705404,2.49015457998506,0.42079354209462,Up,Up,,1049.58974705404,2.49015457998506,0.42079354209462,0.3793542728558007,0.4622328113334393
945.578094708887,-4.34642887352576,0.735463601856251,Down,Down,,945.578094708887,-4.34642887352576,0.735463601856251,0.6940243326174317,0.7769028710950704
3035.20746953471,1.460179850342,0.247576938290205,Up,Up,,3035.20746953471,1.460179850342,0.247576938290205,0.20613766905138567,0.2890162075290243
217.585282106142,-2.38594241271114,0.405048888182352,Down,Down,,217.585282106142,-2.38594241271114,0.405048888182352,0.3636096189435327,0.4464881574211713
32158.2372142176,-2.5480812936481,0.432792279151317,Down,Down,,32158.2372142176,-2.5480812936481,0.432792279151317,0.3913530099124977,0.4742315483901363
2427.29828015541,0.960474490646105,0.163923471708231,Normal,Normal,,2427.29828015541,0.960474490646105,0.163923471708231,0.12248420246941166,0.20536274094705032
3093.59956087466,1.53119906768461,0.262575486478062,Up,Up,,3093.59956087466,1.53119906768461,0.262575486478062,0.22113621723924268,0.3040147557168813
36514.4682312677,-1.98187174303838,0.341561210066214,Down,Down,,36514.4682312677,-1.98187174303838,0.341561210066214,0.3001219408273947,0.3830004793050333
24370.0339235458,-0.911269910968621,0.157792064938765,Normal,Normal,,24370.0339235458,-0.911269910968621,0.157792064938765,0.11635279569994567,0.19923133417758432
11745.7104824899,1.54678546055747,0.268027127874703,Up,Up,,11745.7104824899,1.54678546055747,0.268027127874703,0.22658785863588368,0.3094663971135223
2419.8931743975,-4.47684789899316,0.776788290782711,Down,Down,,2419.8931743975,-4.47684789899316,0.776788290782711,0.7353490215438917,0.8182275600215304
590.487156696451,-1.23070322757246,0.214467401469868,Down,Down,,590.487156696451,-1.23070322757246,0.214467401469868,0.17302813223104868,0.25590667070868733
3545.83645653456,-1.24164588189748,0.216768545076068,Down,Down,,3545.83645653456,-1.24164588189748,0.216768545076068,0.17532927583724867,0.2582078143148873
2913.3179992624,0.964608403142988,0.1712502676135,Normal,Normal,,2913.3179992624,0.964608403142988,0.1712502676135,0.1298109983746807,0.21268953685231934
277.93964059543,-1.33091406852559,0.236555777926881,Down,Down,,277.93964059543,-1.33091406852559,0.236555777926881,0.19511650868806169,0.27799504716570034
14356.6373816832,2.22223092821828,0.395661805936819,Up,Up,,14356.6373816832,2.22223092821828,0.395661805936819,0.3542225366979997,0.4371010751756383
1635.07791053563,-0.968882017023017,0.17243135727768,Normal,Normal,,1635.07791053563,-0.968882017023017,0.17243135727768,0.13099208803886067,0.21387062651649932
1587.05938985749,1.46529822129934,0.261386816369204,Up,Up,,1587.05938985749,1.46529822129934,0.261386816369204,0.2199475471303847,0.3028260856080233
1665.53743550493,0.972798083572207,0.174280809884465,Normal,Normal,,1665.53743550493,0.972798083572207,0.174280809884465,0.13284154064564568,0.21572007912328434
5508.21597310362,0.894775565378813,0.160449300522735,Normal,Normal,,5508.21597310362,0.894775565378813,0.160449300522735,0.11901003128391568,0.20188856976155434
3669.59526088061,1.46130088890968,0.26297761770188,Up,Up,,3669.59526088061,1.46130088890968,0.26297761770188,0.22153834846306067,0.3044168869406993
2705.00548697647,1.59059923256754,0.286400000793084,Up,Up,,2705.00548697647,1.59059923256754,0.286400000793084,0.24496073155426465,0.3278392700319033
27691.902530582,-1.48425006571238,0.267235557254118,Down,Down,,27691.902530582,-1.48425006571238,0.267235557254118,0.2257962880152987,0.3086748264929373
105.846922504229,-1.74458514150638,0.314051648171329,Down,Down,,105.846922504229,-1.74458514150638,0.314051648171329,0.2726123789325097,0.3554909174101483
976.214282766867,-1.75992195043525,0.316776549429747,Down,Down,,976.214282766867,-1.75992195043525,0.316776549429747,0.2753372801909277,0.3582158186685663
2401.03363689238,1.07061365366941,0.193049271059143,Up,Up,,2401.03363689238,1.07061365366941,0.193049271059143,0.15161000182032366,0.23448854029796232
17278.7848282287,-4.32384652114437,0.780350554896254,Down,Down,,17278.7848282287,-4.32384652114437,0.780350554896254,0.7389112856574347,0.8217898241350734
3233.96274930144,1.9726606630425,0.356147893383586,Up,Up,,3233.96274930144,1.9726606630425,0.356147893383586,0.3147086241447667,0.3975871626224053
15811.8821849814,-4.16260546966699,0.752570509637,Down,Down,,15811.8821849814,-4.16260546966699,0.752570509637,0.7111312403981807,0.7940097788758194
2747.99834540468,-4.77907126833014,0.867230502626723,Down,Down,,2747.99834540468,-4.77907126833014,0.867230502626723,0.8257912333879036,0.9086697718655423
516.986085663915,-1.11905475838267,0.203535599920551,Down,Down,,516.986085663915,-1.11905475838267,0.203535599920551,0.16209633068173168,0.24497486915937033
3766.2416314443,-1.24154424480587,0.225801013414943,Down,Down,,3766.2416314443,-1.24154424480587,0.225801013414943,0.18436174417612367,0.2672402826537623
3353.50143268446,-1.02942222950457,0.188449112138745,Down,Down,,3353.50143268446,-1.02942222950457,0.188449112138745,0.14700984289992566,0.22988838137756432
4470.95928011597,1.46644193629936,0.268715289109875,Up,Up,,4470.95928011597,1.46644193629936,0.268715289109875,0.2272760198710557,0.3101545583486943
875.1236938166,-1.41294093822365,0.259751437344574,Down,Down,,875.1236938166,-1.41294093822365,0.259751437344574,0.21831216810575468,0.3011907065833933
2858.47975969176,1.22460752983676,0.225207793533775,Up,Up,,2858.47975969176,1.22460752983676,0.225207793533775,0.1837685242949557,0.2666470627725943
558.176156290034,-1.39036289247531,0.256122627401479,Down,Down,,558.176156290034,-1.39036289247531,0.256122627401479,0.21468335816265968,0.2975618966402983
5297.44217640607,1.66126869286143,0.306240141712565,Up,Up,,5297.44217640607,1.66126869286143,0.306240141712565,0.2648008724737457,0.34767941095138427
1735.45520868656,1.49921846116647,0.276580525993904,Up,Up,,1735.45520868656,1.49921846116647,0.276580525993904,0.23514125675508465,0.3180197952327233
20043.305949076,1.07396803101338,0.198291055100801,Up,Up,,20043.305949076,1.07396803101338,0.198291055100801,0.15685178586198167,0.23973032433962033
1657.286340611,-1.01834370783781,0.188381937748203,Down,Down,,1657.286340611,-1.01834370783781,0.188381937748203,0.14694266850938367,0.22982120698702233
142.569899097249,2.27371612911057,0.422665792135556,Up,Up,,142.569899097249,2.27371612911057,0.422665792135556,0.3812265228967367,0.4641050613743753
13338.7075536459,-3.64695685938241,0.679703863857568,Down,Down,,13338.7075536459,-3.64695685938241,0.679703863857568,0.6382645946187486,0.7211431330963873
14432.8247435791,-4.65319837292102,0.868161726274854,Down,Down,,14432.8247435791,-4.65319837292102,0.868161726274854,0.8267224570360346,0.9096009955136733
3194.0645429068,1.27246264141015,0.237595223094287,Up,Up,,3194.0645429068,1.27246264141015,0.237595223094287,0.19615595385546766,0.2790344923331063
1671.69656995146,-1.07708083517267,0.20133965615263,Down,Down,,1671.69656995146,-1.07708083517267,0.20133965615263,0.15990038691381067,0.24277892539144932
726.90858593046,-2.09511893354764,0.391924073954924,Down,Down,,726.90858593046,-2.09511893354764,0.391924073954924,0.3504848047161047,0.4333633431937433
62552.7679080398,-1.15923188845038,0.21758844683022,Down,Down,,62552.7679080398,-1.15923188845038,0.21758844683022,0.17614917759140067,0.2590277160690393
1269.95154456511,1.17113876901474,0.219915216376339,Up,Up,,1269.95154456511,1.17113876901474,0.219915216376339,0.17847594713751969,0.26135448561515834
8526.13177007582,-1.04987902282857,0.197379088117101,Down,Down,,8526.13177007582,-1.04987902282857,0.197379088117101,0.15593981887828168,0.23881835735592033
1548.72769006992,-1.25152555195427,0.235336348294946,Down,Down,,1548.72769006992,-1.25152555195427,0.235336348294946,0.1938970790561267,0.27677561753376534
14043.5721774566,1.01792208747107,0.191323920687399,Up,Up,,14043.5721774566,1.01792208747107,0.191323920687399,0.14988465144857968,0.23276318992621833
3566.39246788088,1.95238784488781,0.368333443351606,Up,Up,,3566.39246788088,1.95238784488781,0.368333443351606,0.3268941741127867,0.4097727125904253
1109.60287169759,1.27827565252074,0.241722359114247,Up,Up,,1109.60287169759,1.27827565252074,0.241722359114247,0.20028308987542767,0.2831616283530663
1858.11863640425,-1.46601874338067,0.277449033107999,Down,Down,,1858.11863640425,-1.46601874338067,0.277449033107999,0.23600976386917968,0.3188883023468183
692.969191164755,-1.2278192606675,0.234013389197216,Down,Down,,692.969191164755,-1.2278192606675,0.234013389197216,0.19257411995839668,0.27545265843603534
670.941552638401,-1.14125391000194,0.21761698217351,Down,Down,,670.941552638401,-1.14125391000194,0.21761698217351,0.17617771293469067,0.2590562514123293
1181.54922103336,1.54128196018746,0.295523092135458,Up,Up,,1181.54922103336,1.54128196018746,0.295523092135458,0.2540838228966387,0.3369623613742773
25196.5098080039,-3.95479163047831,0.758615986815025,Down,Down,,25196.5098080039,-3.95479163047831,0.758615986815025,0.7171767175762056,0.8000552560538443
5716.68091817668,1.02964692459645,0.198684760059525,Up,Up,,5716.68091817668,1.02964692459645,0.198684760059525,0.15724549082070569,0.24012402929834434
5656.74158847038,1.06455852377747,0.205624782149929,Up,Up,,5656.74158847038,1.06455852377747,0.205624782149929,0.16418551291110967,0.24706405138874832
2564.06216996159,1.31985612920786,0.25487926131237,Up,Up,,2564.06216996159,1.31985612920786,0.25487926131237,0.21343999207355066,0.2963185305511893
43968.7989705399,-0.868833577245412,0.167850893538097,Normal,Normal,,43968.7989705399,-0.868833577245412,0.167850893538097,0.1264116242992777,0.20929016277691634
648.561384128792,-1.36224388909518,0.26382395419782,Down,Down,,648.561384128792,-1.36224388909518,0.26382395419782,0.22238468495900068,0.3052632234366393
12639.4350525221,1.29966154007963,0.25199443121587,Up,Up,,12639.4350525221,1.29966154007963,0.25199443121587,0.21055516197705068,0.2934337004546893
59.0175737693347,-2.05350377307809,0.398459652395175,Down,Down,,59.0175737693347,-2.05350377307809,0.398459652395175,0.3570203831563557,0.4398989216339943
6728.51041068147,0.966241548925639,0.187750480223388,Normal,Normal,,6728.51041068147,0.966241548925639,0.187750480223388,0.14631121098456867,0.22918974946220733
2110.70848727365,-1.35843182437471,0.264107736578045,Down,Down,,2110.70848727365,-1.35843182437471,0.264107736578045,0.22266846733922566,0.3055470058168643
1478.34177038027,-0.975735427925656,0.189877393861923,Normal,Normal,,1478.34177038027,-0.975735427925656,0.189877393861923,0.14843812462310368,0.23131666310074234
1896.47544523741,1.90996547326996,0.371719096410211,Up,Up,,1896.47544523741,1.90996547326996,0.371719096410211,0.3302798271713917,0.4131583656490303
3790.42145406862,-0.922592754243889,0.179671733630033,Normal,Normal,,3790.42145406862,-0.922592754243889,0.179671733630033,0.13823246439121367,0.22111100286885232
126.030619579534,2.48670365746092,0.484389324629114,Up,Up,,126.030619579534,2.48670365746092,0.484389324629114,0.4429500553902947,0.5258285938679333
1721.24912394237,1.4974194737505,0.29188222063681,Up,Up,,1721.24912394237,1.4974194737505,0.29188222063681,0.2504429513979907,0.3333214898756293
1232.44920437449,-0.922344351920829,0.179849807897357,Normal,Normal,,1232.44920437449,-0.922344351920829,0.179849807897357,0.13841053865853767,0.22128907713617632
1621.3999791393,-2.69692063144013,0.528531413296274,Down,Down,,1621.3999791393,-2.69692063144013,0.528531413296274,0.48709214405745466,0.5699706825350933
9341.99325105916,-6.31696715318403,1.23729742736946,Down,Down,,9341.99325105916,-6.31696715318403,1.23729742736946,1.1958581581306407,1.2787366966082792
3643.83880839727,-1.46633152095115,0.28734201673674,Down,Down,,3643.83880839727,-1.46633152095115,0.28734201673674,0.24590274749792065,0.3287812859755593
1195.20511542767,1.13200613798031,0.221968642529253,Up,Up,,1195.20511542767,1.13200613798031,0.221968642529253,0.18052937329043367,0.2634079117680723
13769.5592547049,-3.98003037371274,0.780745136022551,Down,Down,,13769.5592547049,-3.98003037371274,0.780745136022551,0.7393058667837317,0.8221844052613704
2076.00067394144,-0.929758171611274,0.18260265936432,Normal,Normal,,2076.00067394144,-0.929758171611274,0.18260265936432,0.14116339012550067,0.22404192860313932
3258.84026685452,1.17152516695098,0.230227506127904,Up,Up,,3258.84026685452,1.17152516695098,0.230227506127904,0.18878823688908467,0.2716667753667233
12914.8933660482,1.69609868978146,0.334000471466116,Up,Up,,12914.8933660482,1.69609868978146,0.334000471466116,0.2925612022272967,0.3754397407049353
17993.1599260551,-3.0924446416188,0.609703450683448,Down,Down,,17993.1599260551,-3.0924446416188,0.609703450683448,0.5682641814446286,0.6511427199222674
159.868536706545,3.43156969345301,0.677094207372707,Up,Up,,159.868536706545,3.43156969345301,0.677094207372707,0.6356549381338876,0.7185334766115263
1864.46113580496,-1.60715978588831,0.31716730555779,Down,Down,,1864.46113580496,-1.60715978588831,0.31716730555779,0.2757280363189707,0.3586065747966093
4034.09919957786,2.12145111128321,0.419321609914505,Up,Up,,4034.09919957786,2.12145111128321,0.419321609914505,0.3778823406756857,0.4607608791533243
119984.494950168,0.946041311712996,0.186960491628095,Normal,Normal,,119984.494950168,0.946041311712996,0.186960491628095,0.14552122238927567,0.22839976086691433
2008.26941721373,-1.0500198607976,0.207437473464209,Down,Down,,2008.26941721373,-1.0500198607976,0.207437473464209,0.16599820422538966,0.24887674270302831
1256.3996121705,1.77151533277968,0.350888761025318,Up,Up,,1256.3996121705,1.77151533277968,0.350888761025318,0.3094494917864987,0.3923280302641373
650.998971205925,-1.57674989882912,0.312731851293469,Down,Down,,650.998971205925,-1.57674989882912,0.312731851293469,0.2712925820546497,0.3541711205322883
2489.81597230767,1.75761923581918,0.349998651507296,Up,Up,,2489.81597230767,1.75761923581918,0.349998651507296,0.3085593822684767,0.3914379207461153
5226.57806889801,0.920613061412108,0.18367195980999,Normal,Normal,,5226.57806889801,0.920613061412108,0.18367195980999,0.14223269057117066,0.2251112290488093
15569.7904962976,2.80842959075152,0.560527752045612,Up,Up,,15569.7904962976,2.80842959075152,0.560527752045612,0.5190884828067927,0.6019670212844314
724.82902342162,-1.55128439420129,0.309714969218569,Down,Down,,724.82902342162,-1.55128439420129,0.309714969218569,0.2682756999797497,0.3511542384573883
6343.16886553216,1.13759299535813,0.22739118050471,Up,Up,,6343.16886553216,1.13759299535813,0.22739118050471,0.18595191126589067,0.2688304497435293
1141.0827055254,-3.28493518719235,0.65661311139354,Down,Down,,1141.0827055254,-3.28493518719235,0.65661311139354,0.6151738421547206,0.6980523806323593
13124.7874744198,0.779777959050447,0.156150960983668,Normal,Normal,,13124.7874744198,0.779777959050447,0.156150960983668,0.11471169174484869,0.19759023022248734
11568.9314814435,-4.06556761862507,0.814652066162186,Down,Down,,11568.9314814435,-4.06556761862507,0.814652066162186,0.7732127969233666,0.8560913354010053
2231.80366624622,-0.969677332189768,0.194290340254104,Normal,Normal,,2231.80366624622,-0.969677332189768,0.194290340254104,0.15285107101528467,0.23572960949292332
2454.80904321293,-3.07176433640782,0.617026729365789,Down,Down,,2454.80904321293,-3.07176433640782,0.617026729365789,0.5755874601269696,0.6584659986046083
15946.4143403272,-1.36022809009397,0.273458985014965,Down,Down,,15946.4143403272,-1.36022809009397,0.273458985014965,0.2320197157761457,0.3148982542537843
2355.58174853294,-0.852558238430491,0.171590718513788,Normal,Normal,,2355.58174853294,-0.852558238430491,0.171590718513788,0.13015144927496866,0.2130299877526073
7349.54504540418,-2.53665175136193,0.510762960152137,Down,Down,,7349.54504540418,-2.53665175136193,0.510762960152137,0.46932369091331766,0.5522022293909563
2437.67272719052,-1.01359642381006,0.204721002621791,Down,Down,,2437.67272719052,-1.01359642381006,0.204721002621791,0.16328173338297167,0.24616027186061032
5853.14825803036,-1.35341093605057,0.273292887558772,Down,Down,,5853.14825803036,-1.35341093605057,0.273292887558772,0.2318536183199527,0.3147321567975913
805.501226490376,2.60552279800422,0.527440599931426,Up,Up,,805.501226490376,2.60552279800422,0.527440599931426,0.4860013306926067,0.5688798691702454
1250.58805869539,2.03681470879794,0.412618882117692,Up,Up,,1250.58805869539,2.03681470879794,0.412618882117692,0.3711796128788727,0.4540581513565113
3520.35329415207,1.31475064056634,0.266531888459196,Up,Up,,3520.35329415207,1.31475064056634,0.266531888459196,0.22509261922037668,0.3079711576980153
82.2098633972909,2.26530153254654,0.460117539924926,Up,Up,,82.2098633972909,2.26530153254654,0.460117539924926,0.4186782706861067,0.5015568091637453
10078.5630418776,1.72067657774828,0.349514380161524,Up,Up,,10078.5630418776,1.72067657774828,0.349514380161524,0.3080751109227047,0.3909536494003433
52899.3636565151,-1.1679505093934,0.238071363534649,Down,Down,,52899.3636565151,-1.1679505093934,0.238071363534649,0.19663209429582967,0.2795106327734683
4403.34154747729,-0.952853129193322,0.19448637776329,Normal,Normal,,4403.34154747729,-0.952853129193322,0.19448637776329,0.15304710852447068,0.23592564700210933
9698.55317752302,1.26059930319501,0.257327687963165,Up,Up,,9698.55317752302,1.26059930319501,0.257327687963165,0.2158884187243457,0.2987669572019843
1171.73546499526,-1.2967748308983,0.26471195177813,Down,Down,,1171.73546499526,-1.2967748308983,0.26471195177813,0.22327268253931068,0.3061512210169493
936.426653667188,-1.2160419124119,0.248917012303391,Down,Down,,936.426653667188,-1.2160419124119,0.248917012303391,0.20747774306457167,0.2903562815422103
1098.64752818178,1.12771397810829,0.231145836838457,Up,Up,,1098.64752818178,1.12771397810829,0.231145836838457,0.18970656759963767,0.2725851060772763
1639.47351828198,-0.874322405723352,0.179534293039703,Normal,Normal,,1639.47351828198,-0.874322405723352,0.179534293039703,0.13809502380088368,0.22097356227852233
699.425808384441,-1.29986245768912,0.267207566234906,Down,Down,,699.425808384441,-1.29986245768912,0.267207566234906,0.22576829699608666,0.3086468354737253
1177.4641580294,1.51968894580216,0.312868330059515,Up,Up,,1177.4641580294,1.51968894580216,0.312868330059515,0.2714290608206957,0.3543075992983343
2617.39332564864,1.13229582650588,0.234101396487325,Up,Up,,2617.39332564864,1.13229582650588,0.234101396487325,0.19266212724850568,0.27554066572614433
4310.03344365295,-1.6658269572426,0.344443337056264,Down,Down,,4310.03344365295,-1.6658269572426,0.344443337056264,0.3030040678174447,0.3858826062950833
1327.38384597812,-1.37515953499518,0.284418947411273,Down,Down,,1327.38384597812,-1.37515953499518,0.284418947411273,0.24297967817245367,0.3258582166500923
1906.78788838479,2.33903511207233,0.484014978099007,Up,Up,,1906.78788838479,2.33903511207233,0.484014978099007,0.4425757088601877,0.5254542473378263
45038.3309837656,-7.92934907165722,1.64347230504051,Down,Down,,45038.3309837656,-7.92934907165722,1.64347230504051,1.6020330358016908,1.6849115742793292
11394.2410419771,1.37803638376282,0.285784344443278,Up,Up,,11394.2410419771,1.37803638376282,0.285784344443278,0.24434507520445867,0.3272236136820973
2726.25907787712,-7.00742302961904,1.45352335522816,Down,Down,,2726.25907787712,-7.00742302961904,1.45352335522816,1.4120840859893407,1.4949626244669791
9591.14390090168,1.16225013075921,0.241220509045643,Up,Up,,9591.14390090168,1.16225013075921,0.241220509045643,0.19978123980682366,0.2826597782844623
3081.31803001534,0.821446576319381,0.170807302121251,Normal,Normal,,3081.31803001534,0.821446576319381,0.170807302121251,0.12936803288243168,0.21224657136007033
9172.97016177146,1.39441297374533,0.292436694647207,Up,Up,,9172.97016177146,1.39441297374533,0.292436694647207,0.2509974254083877,0.3338759638860263
20252.0081779283,-1.71440509182328,0.359784861145191,Down,Down,,20252.0081779283,-1.71440509182328,0.359784861145191,0.3183455919063717,0.4012241303840103
1079.13883780047,1.60539432477228,0.337481400854678,Up,Up,,1079.13883780047,1.60539432477228,0.337481400854678,0.2960421316158587,0.3789206700934973
4864.92589141132,-1.64494451965184,0.345897561502286,Down,Down,,4864.92589141132,-1.64494451965184,0.345897561502286,0.3044582922634667,0.3873368307411053
6682.74252159532,0.731051262562182,0.153826756937386,Normal,Normal,,6682.74252159532,0.731051262562182,0.153826756937386,0.11238748769856668,0.19526602617620534
1081.64490556081,1.41294296512852,0.297459847490171,Up,Up,,1081.64490556081,1.41294296512852,0.297459847490171,0.2560205782513517,0.3388991167289903
18519.0123929209,0.861210887049247,0.181315055884474,Normal,Normal,,18519.0123929209,0.861210887049247,0.181315055884474,0.13987578664565467,0.22275432512329332
74.8817316095927,-2.12579905230988,0.447718396131972,Down,Down,,74.8817316095927,-2.12579905230988,0.447718396131972,0.4062791268931527,0.4891576653707913
12912.0241315699,-1.99749026137896,0.421120143119055,Down,Down,,12912.0241315699,-1.99749026137896,0.421120143119055,0.3796808738802357,0.4625594123578743
29036.0881870447,-0.903598080502206,0.190621535421924,Normal,Normal,,29036.0881870447,-0.903598080502206,0.190621535421924,0.14918226618310468,0.23206080466074333
13279.5759333147,2.54846490695828,0.537807417413257,Up,Up,,13279.5759333147,2.54846490695828,0.537807417413257,0.4963681481744377,0.5792466866520763
609.036885881349,-2.03377842695122,0.428999173353647,Down,Down,,609.036885881349,-2.03377842695122,0.428999173353647,0.3875599041148277,0.4704384425924663
1161.42092910293,1.34740553791098,0.284232000256764,Up,Up,,1161.42092910293,1.34740553791098,0.284232000256764,0.24279273101794466,0.3256712694955833
5481.83358394731,1.82636400038234,0.385366597455752,Up,Up,,5481.83358394731,1.82636400038234,0.385366597455752,0.3439273282169327,0.4268058666945713
872.455638355016,1.03950508438558,0.21936677729138,Up,Up,,872.455638355016,1.03950508438558,0.21936677729138,0.17792750805256066,0.2608060465301993
5716.49461606736,1.26194403772446,0.266369227244797,Up,Up,,5716.49461606736,1.26194403772446,0.266369227244797,0.22492995800597768,0.3078084964836163
4050.71959363942,3.52788247366459,0.745130295306311,Up,Up,,4050.71959363942,3.52788247366459,0.745130295306311,0.7036910260674917,0.7865695645451304
18273.0557490567,0.942507122961157,0.199204604455323,Normal,Normal,,18273.0557490567,0.942507122961157,0.199204604455323,0.15776533521650368,0.24064387369414234
1433.07681570125,-2.09514525475199,0.443089653835348,Down,Down,,1433.07681570125,-2.09514525475199,0.443089653835348,0.4016503845965287,0.4845289230741673
4434.77116725004,2.37591897911793,0.50372637489071,Up,Up,,4434.77116725004,2.37591897911793,0.50372637489071,0.46228710565189074,0.5451656441295294
2621.30819486446,-0.842109093660928,0.179193679500416,Normal,Normal,,2621.30819486446,-0.842109093660928,0.179193679500416,0.13775441026159668,0.22063294873923534
3200.82133229839,-1.01753059184821,0.216766791986971,Down,Down,,3200.82133229839,-1.01753059184821,0.216766791986971,0.17532752274815167,0.2582060612257903
366.161187368549,-1.72466609493951,0.367476436771957,Down,Down,,366.161187368549,-1.72466609493951,0.367476436771957,0.3260371675331377,0.4089157060107763
47.3740178747075,-3.02991918825021,0.647025950717568,Down,Down,,47.3740178747075,-3.02991918825021,0.647025950717568,0.6055866814787486,0.6884652199563873
3774.32326902264,1.78302623666792,0.381538833645746,Up,Up,,3774.32326902264,1.78302623666792,0.381538833645746,0.3400995644069267,0.4229781028845653
4878.71741717201,0.858176602859888,0.184237743584664,Normal,Normal,,4878.71741717201,0.858176602859888,0.184237743584664,0.14279847434584467,0.22567701282348332
1284.9933293659,-1.4730479319166,0.316192273425494,Down,Down,,1284.9933293659,-1.4730479319166,0.316192273425494,0.2747530041866747,0.3576315426643133
1684.15215543787,0.878946827865202,0.189066549530385,Normal,Normal,,1684.15215543787,0.878946827865202,0.189066549530385,0.14762728029156566,0.2305058187692043
23876.2291571309,-0.864299956062185,0.185910401663148,Normal,Normal,,23876.2291571309,-0.864299956062185,0.185910401663148,0.14447113242432869,0.22734967090196734
1205.35028906609,0.873453587242693,0.187982147169406,Normal,Normal,,1205.35028906609,0.873453587242693,0.187982147169406,0.14654287793058668,0.22942141640822533
926.288790338246,-1.27778392224452,0.275099297220218,Down,Down,,926.288790338246,-1.27778392224452,0.275099297220218,0.23366002798139865,0.3165385664590373
2182.76060497505,1.21225386612632,0.261742757779086,Up,Up,,2182.76060497505,1.21225386612632,0.261742757779086,0.22030348854026668,0.3031820270179053
3309.59107462643,1.43278928260975,0.309815900804796,Up,Up,,3309.59107462643,1.43278928260975,0.309815900804796,0.2683766315659767,0.3512551700436153
2626.82906858597,0.749854775512906,0.162247036079345,Normal,Normal,,2626.82906858597,0.749854775512906,0.162247036079345,0.12080776684052566,0.2036863053181643
46.1349788295454,-2.34746114695431,0.508040851185103,Down,Down,,46.1349788295454,-2.34746114695431,0.508040851185103,0.4666015819462837,0.5494801204239224
16840.913518014,1.21974476438406,0.264607278596951,Up,Up,,16840.913518014,1.21974476438406,0.264607278596951,0.22316800935813166,0.3060465478357703
2291.16949118195,1.08474385361023,0.235624216645942,Up,Up,,2291.16949118195,1.08474385361023,0.235624216645942,0.19418494740712267,0.2770634858847613
4091.02099412171,-2.72394224282593,0.592306758522382,Down,Down,,4091.02099412171,-2.72394224282593,0.592306758522382,0.5508674892835627,0.6337460277612014
22733.6824657606,-1.31028327972575,0.28499277767737,Down,Down,,22733.6824657606,-1.31028327972575,0.28499277767737,0.2435535084385507,0.3264320469161893
21017.8709312701,-2.50174162295382,0.544165825307709,Down,Down,,21017.8709312701,-2.50174162295382,0.544165825307709,0.5027265560688896,0.5856050945465283
9404.92441546835,-0.873902413546846,0.190465101876905,Normal,Normal,,9404.92441546835,-0.873902413546846,0.190465101876905,0.14902583263808566,0.23190437111572432
420.474290566681,1.90345749946057,0.415364857180708,Up,Up,,420.474290566681,1.90345749946057,0.415364857180708,0.3739255879418887,0.4568041264195273
7327.09790081462,-2.89036699463757,0.631342170603483,Down,Down,,7327.09790081462,-2.89036699463757,0.631342170603483,0.5899029013646636,0.6727814398423023
807.680477670082,1.3432514085399,0.29400830791089,Up,Up,,807.680477670082,1.3432514085399,0.29400830791089,0.2525690386720707,0.3354475771497093
49.0717762541879,-2.01957908257023,0.442859951147729,Down,Down,,49.0717762541879,-2.01957908257023,0.442859951147729,0.4014206819089097,0.4842992203865483
793.933141831098,-1.15835488455017,0.254261349730491,Down,Down,,793.933141831098,-1.15835488455017,0.254261349730491,0.2128220804916717,0.2957006189693103
553.808931763573,1.60605037894255,0.352580385027958,Up,Up,,553.808931763573,1.60605037894255,0.352580385027958,0.3111411157891387,0.3940196542667773
4056.14027121807,-2.9227166005731,0.642818996961293,Down,Down,,4056.14027121807,-2.9227166005731,0.642818996961293,0.6013797277224736,0.6842582662001123
497.228474267432,1.00393988158234,0.221019177161482,Up,Up,,497.228474267432,1.00393988158234,0.221019177161482,0.17957990792266268,0.2624584464003013
1693.94854442399,-1.06931647008462,0.235555282217495,Down,Down,,1693.94854442399,-1.06931647008462,0.235555282217495,0.19411601297867567,0.2769945514563143
5871.60724383433,-1.95890279630418,0.431627492917631,Down,Down,,5871.60724383433,-1.95890279630418,0.431627492917631,0.3901882236788117,0.47306676215645027
6174.81714480855,-1.05211395456853,0.232282797996318,Down,Down,,6174.81714480855,-1.05211395456853,0.232282797996318,0.1908435287574987,0.2737220672351373
810.462562848253,-3.33577362989224,0.736360359155482,Down,Down,,810.462562848253,-3.33577362989224,0.736360359155482,0.6949210899166627,0.7777996283943014
1816.15850372833,1.11425165826853,0.246095746824371,Up,Up,,1816.15850372833,1.11425165826853,0.246095746824371,0.20465647758555167,0.2875350160631903
9496.45807999308,1.42837316772512,0.31567678599258,Up,Up,,9496.45807999308,1.42837316772512,0.31567678599258,0.2742375167537607,0.3571160552313993
6908.99152927456,-3.41873046816197,0.756104634956128,Down,Down,,6908.99152927456,-3.41873046816197,0.756104634956128,0.7146653657173087,0.7975439041949474
1196.22807556106,1.19780724762592,0.265310379243165,Up,Up,,1196.22807556106,1.19780724762592,0.265310379243165,0.22387111000434565,0.30674964848198427
3344.86910416042,1.02396864157834,0.226803898107782,Up,Up,,3344.86910416042,1.02396864157834,0.226803898107782,0.18536462886896268,0.2682431673466013
20311.2509621284,-3.53905784535372,0.785120864659398,Down,Down,,20311.2509621284,-3.53905784535372,0.785120864659398,0.7436815954205787,0.8265601338982174
632.071501435288,-1.07521157061055,0.238677939035982,Down,Down,,632.071501435288,-1.07521157061055,0.238677939035982,0.19723866979716267,0.2801172082748013
4291.89023245299,2.26203651164175,0.503265214580834,Up,Up,,4291.89023245299,2.26203651164175,0.503265214580834,0.46182594534201465,0.5447044838196533
865.271089895827,0.918956849519355,0.204585247433705,Normal,Normal,,865.271089895827,0.918956849519355,0.204585247433705,0.16314597819488566,0.2460245166725243
1005.83270924707,-1.18020955302732,0.263164490377371,Down,Down,,1005.83270924707,-1.18020955302732,0.263164490377371,0.22172522113855167,0.3046037596161903
1236.94668298,-0.89390067960704,0.19933393942678,Normal,Normal,,1236.94668298,-0.89390067960704,0.19933393942678,0.15789467018796066,0.24077320866559931
2876.67766430417,-1.25858538353318,0.281597810232271,Down,Down,,2876.67766430417,-1.25858538353318,0.281597810232271,0.24015854099345166,0.3230370794710903
3312.83531619203,1.70228253681323,0.381264117002038,Up,Up,,3312.83531619203,1.70228253681323,0.381264117002038,0.3398248477632187,0.4227033862408573
16570.085158602,-3.18960673769256,0.714788205098227,Down,Down,,16570.085158602,-3.18960673769256,0.714788205098227,0.6733489358594077,0.7562274743370464
14332.4148961762,-6.68108519143624,1.4972655964746,Down,Down,,14332.4148961762,-6.68108519143624,1.4972655964746,1.4558263272357808,1.5387048657134192
1927.90901676076,1.20905111088773,0.271083326996857,Up,Up,,1927.90901676076,1.20905111088773,0.271083326996857,0.22964405775803767,0.3125225962356763
52.9340622475205,-1.74030101019306,0.390978054870781,Down,Down,,52.9340622475205,-1.74030101019306,0.390978054870781,0.3495387856319617,0.4324173241096003
616.423894350626,-0.826502813068669,0.18571202990277,Normal,Normal,,616.423894350626,-0.826502813068669,0.18571202990277,0.14427276066395067,0.22715129914158932
1056.9609335797,-2.30880454050228,0.520512433841659,Down,Down,,1056.9609335797,-2.30880454050228,0.520512433841659,0.4790731646028397,0.5619517030804784
591.228923405788,-4.04591837054833,0.913388092770648,Down,Down,,591.228923405788,-4.04591837054833,0.913388092770648,0.8719488235318287,0.9548273620094674
11307.4489802977,-2.79755891348498,0.634366101623547,Down,Down,,11307.4489802977,-2.79755891348498,0.634366101623547,0.5929268323847277,0.6758053708623664
8518.08435421007,-3.07208443327535,0.698025906847219,Down,Down,,8518.08435421007,-3.07208443327535,0.698025906847219,0.6565866376083996,0.7394651760860383
7917.12277228434,-2.65309109397233,0.602948723300654,Down,Down,,7917.12277228434,-2.65309109397233,0.602948723300654,0.5615094540618346,0.6443879925394733
1207.92891381054,-1.46688012180209,0.333890594758654,Down,Down,,1207.92891381054,-1.46688012180209,0.333890594758654,0.2924513255198347,0.3753298639974733
8639.19848531784,-3.04111101552835,0.695035833009731,Down,Down,,8639.19848531784,-3.04111101552835,0.695035833009731,0.6535965637709117,0.7364751022485504
11861.7139579827,-1.18759769108157,0.27163472066855,Down,Down,,11861.7139579827,-1.18759769108157,0.27163472066855,0.23019545142973066,0.3130739899073693
9850.22750240496,-0.960003859875259,0.219863901020025,Normal,Normal,,9850.22750240496,-0.960003859875259,0.219863901020025,0.17842463178120568,0.2613031702588443
990.371254073301,-0.87253677089889,0.200300875775776,Normal,Normal,,990.371254073301,-0.87253677089889,0.200300875775776,0.15886160653695666,0.24174014501459531
4807.00752349572,1.24166370320912,0.285308212911034,Up,Up,,4807.00752349572,1.24166370320912,0.285308212911034,0.24386894367221465,0.3267474821498533
159870.516618821,-2.52285577376419,0.581212985191176,Down,Down,,159870.516618821,-2.52285577376419,0.581212985191176,0.5397737159523567,0.6226522544299954
1424.08679968142,0.905698398089436,0.209119534605836,Normal,Normal,,1424.08679968142,0.905698398089436,0.209119534605836,0.16768026536701666,0.2505588038446553
1470.9603715048,0.759990717747672,0.17548055273594,Normal,Normal,,1470.9603715048,0.759990717747672,0.17548055273594,0.13404128349712066,0.2169198219747593
4152.55739814535,-0.976068149866425,0.225624453345278,Normal,Normal,,4152.55739814535,-0.976068149866425,0.225624453345278,0.18418518410645868,0.26706372258409733
4471.42332700777,1.36170308091184,0.315324377130423,Up,Up,,4471.42332700777,1.36170308091184,0.315324377130423,0.2738851078916037,0.3567636463692423
237.331741333336,-1.46556620415281,0.34006011086247,Down,Down,,237.331741333336,-1.46556620415281,0.34006011086247,0.2986208416236507,0.3814993801012893
3045.36241113517,0.825476532066623,0.192001599698905,Normal,Normal,,3045.36241113517,0.825476532066623,0.192001599698905,0.15056233046008569,0.23344086893772434
16543.1170941393,2.22827301501314,0.518587420986561,Up,Up,,16543.1170941393,2.22827301501314,0.518587420986561,0.47714815174774167,0.5600266902253803
37.118739282141,-5.86336011944952,1.36637353441867,Down,Down,,37.118739282141,-5.86336011944952,1.36637353441867,1.3249342651798508,1.4078128036574893
779.096051812792,0.776846571143873,0.181210101709508,Normal,Normal,,779.096051812792,0.776846571143873,0.181210101709508,0.13977083247068867,0.22264937094832732
977.740244591813,0.990491127579167,0.231314620437475,Normal,Normal,,977.740244591813,0.990491127579167,0.231314620437475,0.18987535119865567,0.2727538896762943
20313.3077202175,2.42721011044478,0.567217040242537,Up,Up,,20313.3077202175,2.42721011044478,0.567217040242537,0.5257777710037177,0.6086563094813564
1668.5645032096,1.46600429739736,0.342826542807388,Up,Up,,1668.5645032096,1.46600429739736,0.342826542807388,0.3013872735685687,0.3842658120462073
3788.24645474744,1.64460975503806,0.384696665690676,Up,Up,,3788.24645474744,1.64460975503806,0.384696665690676,0.3432573964518567,0.4261359349294953
5779.54960447527,0.81090635996373,0.190474129274852,Normal,Normal,,5779.54960447527,0.81090635996373,0.190474129274852,0.14903486003603267,0.23191339851367132
7028.47233115049,0.714759427239325,0.168644650728659,Normal,Normal,,7028.47233115049,0.714759427239325,0.168644650728659,0.12720538148983968,0.21008391996747833
1892.84261226229,-0.700463576501281,0.165428523929878,Normal,Normal,,1892.84261226229,-0.700463576501281,0.165428523929878,0.12398925469105868,0.20686779316869733
2898.86903111079,1.06077772382491,0.25049785849461,Up,Up,,2898.86903111079,1.06077772382491,0.25049785849461,0.20905858925579066,0.2919371277334293
6628.74709330456,0.992592958668744,0.235010317598824,Normal,Normal,,6628.74709330456,0.992592958668744,0.235010317598824,0.19357104836000466,0.2764495868376433
2341.25490668323,-2.99150887129148,0.708654792320014,Down,Down,,2341.25490668323,-2.99150887129148,0.708654792320014,0.6672155230811947,0.7500940615588334
1825.18274561902,-1.18071980634216,0.279886873348587,Down,Down,,1825.18274561902,-1.18071980634216,0.279886873348587,0.23844760410976765,0.32132614258740627
5803.83227307752,-1.13063048314325,0.268260867432859,Down,Down,,5803.83227307752,-1.13063048314325,0.268260867432859,0.22682159819403966,0.3097001366716783
6094.89328154584,0.813616894771072,0.19302878496429,Normal,Normal,,6094.89328154584,0.813616894771072,0.19302878496429,0.15158951572547066,0.23446805420310932
15357.2771905841,-2.40942391014045,0.572390825971042,Down,Down,,15357.2771905841,-2.40942391014045,0.572390825971042,0.5309515567322226,0.6138300952098613
222.322832661543,-1.4597095039305,0.346870177316686,Down,Down,,222.322832661543,-1.4597095039305,0.346870177316686,0.3054309080778667,0.3883094465555053
38951.3771564938,2.30594226676272,0.549748398174554,Up,Up,,38951.3771564938,2.30594226676272,0.549748398174554,0.5083091289357347,0.5911876674133734
4299.62020473855,1.74152026956883,0.41574106980586,Up,Up,,4299.62020473855,1.74152026956883,0.41574106980586,0.3743018005670407,0.4571803390446793
12101.1116520996,-2.05078147505563,0.490135989986159,Down,Down,,12101.1116520996,-2.05078147505563,0.490135989986159,0.4486967207473397,0.5315752592249783
5404.49235969216,-2.33165422679709,0.558535167094481,Down,Down,,5404.49235969216,-2.33165422679709,0.558535167094481,0.5170958978556617,0.5999744363333004
399.390932149623,1.03262681631495,0.247467923905896,Up,Up,,399.390932149623,1.03262681631495,0.247467923905896,0.20602865466707668,0.2889071931447153
2297.12818905571,-1.01193456252957,0.242696536977485,Down,Down,,2297.12818905571,-1.01193456252957,0.242696536977485,0.20125726773866567,0.2841358062163043
3766.25514226375,0.883223639828561,0.212575133817849,Normal,Normal,,3766.25514226375,0.883223639828561,0.212575133817849,0.17113586457902968,0.25401440305666834
3128.1721555649,1.72906413245905,0.4164329446312,Up,Up,,3128.1721555649,1.72906413245905,0.4164329446312,0.3749936753923807,0.4578722138700193
1035.27525181017,-2.80557600662159,0.675992561389372,Down,Down,,1035.27525181017,-2.80557600662159,0.675992561389372,0.6345532921505527,0.7174318306281914
1798.25199922722,-3.35679641606255,0.811329224685077,Down,Down,,1798.25199922722,-3.35679641606255,0.811329224685077,0.7698899554462576,0.8527684939238963
10173.2734625991,0.63324526795976,0.153134294521996,Normal,Normal,,10173.2734625991,0.63324526795976,0.153134294521996,0.11169502528317668,0.19457356376081533
7906.53838985599,1.75958263793108,0.425647746399432,Up,Up,,7906.53838985599,1.75958263793108,0.425647746399432,0.3842084771606127,0.4670870156382513
3500.26003513812,-0.765019551217506,0.18536241250861,Normal,Normal,,3500.26003513812,-0.765019551217506,0.18536241250861,0.14392314326979067,0.22680168174742932
999.019213085871,-1.0903242678934,0.264891243314113,Down,Down,,999.019213085871,-1.0903242678934,0.264891243314113,0.22345197407529369,0.3063305125529323
5007.99034063245,-5.20580727298613,1.2652786879835,Down,Down,,5007.99034063245,-5.20580727298613,1.2652786879835,1.2238394187446808,1.3067179572223193
1532.25837850947,-0.824755133650008,0.200460265803336,Normal,Normal,,1532.25837850947,-0.824755133650008,0.200460265803336,0.15902099656451668,0.24189953504215533
2174.09832067143,1.04206202478364,0.253266281084309,Up,Up,,2174.09832067143,1.04206202478364,0.253266281084309,0.21182701184548966,0.2947055503231283
2212.08311863492,-3.51310327240896,0.855271345564117,Down,Down,,2212.08311863492,-3.51310327240896,0.855271345564117,0.8138320763252976,0.8967106148029363
967.165884859955,1.00471033952486,0.244846244891886,Up,Up,,967.165884859955,1.00471033952486,0.244846244891886,0.20340697565306667,0.2862855141307053
540.277921851502,1.71873490639717,0.419303488476651,Up,Up,,540.277921851502,1.71873490639717,0.419303488476651,0.3778642192378317,0.4607427577154703
4392.04567189749,1.36161396235675,0.33219034053254,Up,Up,,4392.04567189749,1.36161396235675,0.33219034053254,0.2907510712937207,0.3736296097713593
933.237634965708,-2.06816340783531,0.504466997366563,Down,Down,,933.237634965708,-2.06816340783531,0.504466997366563,0.4630277281277437,0.5459062666053823
3449.93795782929,1.17479529977895,0.286802549629433,Up,Up,,3449.93795782929,1.17479529977895,0.286802549629433,0.2453632803906137,0.3282418188682523
769.579653633261,0.923077005316412,0.225668320216421,Normal,Normal,,769.579653633261,0.923077005316412,0.225668320216421,0.18422905097760167,0.2671075894552403
487.454079670028,-1.073853068617,0.26258880793416,Down,Down,,487.454079670028,-1.073853068617,0.26258880793416,0.22114953869534068,0.3040280771729793
1355.2952155879,1.74133562576558,0.426047938376589,Up,Up,,1355.2952155879,1.74133562576558,0.426047938376589,0.3846086691377697,0.4674872076154083
4569.3359141089,-3.08735533340382,0.755266233364736,Down,Down,,4569.3359141089,-3.08735533340382,0.755266233364736,0.7138269641259166,0.7967055026035553
5983.77713436667,0.899216140623433,0.220899654762199,Normal,Normal,,5983.77713436667,0.899216140623433,0.220899654762199,0.17946038552337967,0.2623389240010183
1149.73822062535,-1.14174778203866,0.280882926639477,Down,Down,,1149.73822062535,-1.14174778203866,0.280882926639477,0.23944365740065768,0.3223221958782963
4056.35181388783,0.797030504575308,0.19615775822116,Normal,Normal,,4056.35181388783,0.797030504575308,0.19615775822116,0.15471848898234067,0.23759702745997932
1484.52334981462,0.957134853515982,0.235594422504052,Normal,Normal,,1484.52334981462,0.957134853515982,0.235594422504052,0.19415515326523267,0.2770336917428713
101.016635689594,-1.64217288430111,0.404270199730323,Down,Down,,101.016635689594,-1.64217288430111,0.404270199730323,0.3628309304915037,0.4457094689691423
4492.02815984956,-1.17846420558594,0.290334508224797,Down,Down,,4492.02815984956,-1.17846420558594,0.290334508224797,0.24889523898597768,0.3317737774636163
1627.64650360255,0.938512287589978,0.231184749783412,Normal,Normal,,1627.64650360255,0.938512287589978,0.231184749783412,0.18974548054459267,0.2726240190222313
9096.41449526458,1.63647230306007,0.403164477403538,Up,Up,,9096.41449526458,1.63647230306007,0.403164477403538,0.3617252081647187,0.4446037466423573
196.666614110169,1.34475453020214,0.331155175153516,Up,Up,,196.666614110169,1.34475453020214,0.331155175153516,0.2897159059146967,0.3725944443923353
214767.081583027,-2.4117688348169,0.595202611325529,Down,Down,,214767.081583027,-2.4117688348169,0.595202611325529,0.5537633420867096,0.6366418805643483
2459.60254681837,-0.763936780175225,0.188670487605226,Normal,Normal,,2459.60254681837,-0.763936780175225,0.188670487605226,0.14723121836640668,0.23010975684404533
108091.254157578,-1.2040968654843,0.297673652352323,Down,Down,,108091.254157578,-1.2040968654843,0.297673652352323,0.2562343831135037,0.3391129215911423
4051.81437755795,-1.13506584384323,0.28068646057419,Down,Down,,4051.81437755795,-1.13506584384323,0.28068646057419,0.23924719133537067,0.3221257298130093
2357.70887612449,1.21206680322127,0.299876920042221,Up,Up,,2357.70887612449,1.21206680322127,0.299876920042221,0.2584376508034017,0.3413161892810403
1570.60061711556,-1.1121121370827,0.275251983935117,Down,Down,,1570.60061711556,-1.1121121370827,0.275251983935117,0.2338127146962977,0.3166912531739363
11934.9951252587,-3.43707989906082,0.853805851507781,Down,Down,,11934.9951252587,-3.43707989906082,0.853805851507781,0.8123665822689616,0.8952451207466003
975.190177726932,-2.62253236625276,0.652431127265395,Down,Down,,975.190177726932,-2.62253236625276,0.652431127265395,0.6109918580265756,0.6938703965042143
965.185638911864,-2.14600190901153,0.534018006818921,Down,Down,,965.185638911864,-2.14600190901153,0.534018006818921,0.4925787375801017,0.5754572760577403
2228.28453223845,-0.698541473684401,0.173933924706371,Normal,Normal,,2228.28453223845,-0.698541473684401,0.173933924706371,0.13249465546755168,0.21537319394519033
185.423320572167,2.2165082433966,0.552688966281094,Up,Up,,185.423320572167,2.2165082433966,0.552688966281094,0.5112496970422746,0.5941282355199133
13766.7853958751,-1.51632302026134,0.378034432170466,Down,Down,,13766.7853958751,-1.51632302026134,0.378034432170466,0.3365951629316467,0.4194737014092853
1055.82582556822,0.903235890544092,0.225459521112167,Normal,Normal,,1055.82582556822,0.903235890544092,0.225459521112167,0.18402025187334767,0.2668987903509863
1380.28183029132,1.18599139356845,0.296199806353203,Up,Up,,1380.28183029132,1.18599139356845,0.296199806353203,0.2547605371143837,0.3376390755920223
1936.23861134625,0.646044043516903,0.161573911865794,Normal,Normal,,1936.23861134625,0.646044043516903,0.161573911865794,0.12013464262697468,0.20301318110461333
795.283502585736,-1.50262438143785,0.376225139014331,Down,Down,,795.283502585736,-1.50262438143785,0.376225139014331,0.3347858697755117,0.4176644082531503
2942.07323673175,1.72475353060705,0.432054690809825,Up,Up,,2942.07323673175,1.72475353060705,0.432054690809825,0.3906154215710057,0.4734939600486443
3893.46087467316,-1.46868310800441,0.368292072082763,Down,Down,,3893.46087467316,-1.46868310800441,0.368292072082763,0.3268528028439437,0.4097313413215823
50607.9967928259,-2.52919793174457,0.63468262675591,Down,Down,,50607.9967928259,-2.52919793174457,0.63468262675591,0.5932433575170907,0.6761218959947294
1286.48398657031,-0.705370856538553,0.177462197332403,Normal,Normal,,1286.48398657031,-0.705370856538553,0.177462197332403,0.13602292809358368,0.21890146657122234
3896.17468701016,-0.908859215156097,0.228880727231782,Normal,Normal,,3896.17468701016,-0.908859215156097,0.228880727231782,0.18744145799296266,0.2703199964706013
1150.77521358359,1.14984692485795,0.289726498947715,Up,Up,,1150.77521358359,1.14984692485795,0.289726498947715,0.2482872297088957,0.3311657681865343
258.477695764182,2.18411596028065,0.550907112303509,Up,Up,,258.477695764182,2.18411596028065,0.550907112303509,0.5094678430646896,0.5923463815423283
2576.08956889291,0.72622556154992,0.183259631185481,Normal,Normal,,2576.08956889291,0.72622556154992,0.183259631185481,0.14182036194666167,0.22469890042430032
1234.39731080913,1.14027658691698,0.288047665764478,Up,Up,,1234.39731080913,1.14027658691698,0.288047665764478,0.24660839652565866,0.3294869350032973
938.045111767029,-0.945302328808328,0.239037622361967,Normal,Normal,,938.045111767029,-0.945302328808328,0.239037622361967,0.19759835312314766,0.2804768916007863
13831.9150677621,-1.40546388415757,0.355675336109551,Down,Down,,13831.9150677621,-1.40546388415757,0.355675336109551,0.3142360668707317,0.3971146053483703
1175.83286477127,-0.851994891742146,0.215670226201443,Normal,Normal,,1175.83286477127,-0.851994891742146,0.215670226201443,0.17423095696262367,0.2571094954402623
532.612423028081,0.788813173771282,0.200011554358897,Normal,Normal,,532.612423028081,0.788813173771282,0.200011554358897,0.15857228512007768,0.24145082359771633
3057.07440872653,-1.34980280077155,0.342343048568949,Down,Down,,3057.07440872653,-1.34980280077155,0.342343048568949,0.3009037793301297,0.3837823178077683
1510.60905361272,-0.874314936015124,0.222285461966058,Normal,Normal,,1510.60905361272,-0.874314936015124,0.222285461966058,0.18084619272723867,0.2637247312048773
2175.02370047075,-0.755267718252264,0.192052306749949,Normal,Normal,,2175.02370047075,-0.755267718252264,0.192052306749949,0.15061303751112967,0.23349157598876832
3527.3294546279,-0.658321611956004,0.167576194478368,Normal,Normal,,3527.3294546279,-0.658321611956004,0.167576194478368,0.12613692523954867,0.20901546371718732
4619.19566264758,0.706628761718984,0.179865664949273,Normal,Normal,,4619.19566264758,0.706628761718984,0.179865664949273,0.13842639571045368,0.22130493418809233
601.627285165968,-0.960467849263058,0.244513520715565,Normal,Normal,,601.627285165968,-0.960467849263058,0.244513520715565,0.20307425147674568,0.28595278995438433
2917.57615019308,-1.17186872788845,0.29844182483605,Down,Down,,2917.57615019308,-1.17186872788845,0.29844182483605,0.2570025555972307,0.33988109407486927
1336.55815535083,-0.956304975267559,0.243725502014909,Normal,Normal,,1336.55815535083,-0.956304975267559,0.243725502014909,0.20228623277608968,0.2851647712537283
2848.41026565951,-1.05968675792128,0.270447079092456,Down,Down,,2848.41026565951,-1.05968675792128,0.270447079092456,0.2290078098536367,0.3118863483312753
497.114571130742,2.29078563382197,0.584871923331206,Up,Up,,497.114571130742,2.29078563382197,0.584871923331206,0.5434326540923866,0.6263111925700253
1967.47537427183,1.11124190009424,0.283890297834506,Up,Up,,1967.47537427183,1.11124190009424,0.283890297834506,0.24245102859568665,0.3253295670733253
696.432848366859,-0.801440778840914,0.205210818150048,Normal,Normal,,696.432848366859,-0.801440778840914,0.205210818150048,0.16377154891122866,0.24665008738886732
3671.33858314103,0.935536794055891,0.239728662553326,Normal,Normal,,3671.33858314103,0.935536794055891,0.239728662553326,0.19828939331450668,0.28116793179214533
6903.34757474244,-0.849035324751445,0.217653390971793,Normal,Normal,,6903.34757474244,-0.849035324751445,0.217653390971793,0.17621412173297368,0.25909266021061234
42264.1006403729,-1.18218616806759,0.303156300136301,Down,Down,,42264.1006403729,-1.18218616806759,0.303156300136301,0.2617170308974817,0.3445955693751203
1591.28370602963,-0.927099873147145,0.237798394675146,Normal,Normal,,1591.28370602963,-0.927099873147145,0.237798394675146,0.19635912543632666,0.2792376639139653
5715.25823596005,1.13572190867579,0.291387924316984,Up,Up,,5715.25823596005,1.13572190867579,0.291387924316984,0.2499486550781647,0.3328271935558033
37.1870038673517,-1.65693807140035,0.42532169586287,Down,Down,,37.1870038673517,-1.65693807140035,0.42532169586287,0.3838824266240507,0.4667609651016893
1102.28732187061,1.64781067544337,0.423174268746001,Up,Up,,1102.28732187061,1.64781067544337,0.423174268746001,0.3817349995071817,0.4646135379848203
14229.3512685615,-2.42654256323752,0.623683673997063,Down,Down,,14229.3512685615,-2.42654256323752,0.623683673997063,0.5822444047582437,0.6651229432358824
1249.45350689411,-2.48243729000751,0.63809878243606,Down,Down,,1249.45350689411,-2.48243729000751,0.63809878243606,0.5966595131972406,0.6795380516748794
734.218743238369,-0.973464670688676,0.250267231256966,Normal,Normal,,734.218743238369,-0.973464670688676,0.250267231256966,0.20882796201814666,0.2917065004957853
2027.39523927517,-2.92860796569545,0.755347189161408,Down,Down,,2027.39523927517,-2.92860796569545,0.755347189161408,0.7139079199225886,0.7967864584002273
3856.63156133415,-0.98778206000613,0.254789266416511,Normal,Normal,,3856.63156133415,-0.98778206000613,0.254789266416511,0.21334999717769168,0.2962285356553303
7968.7146868769,-2.34524279945691,0.605610358773421,Down,Down,,7968.7146868769,-2.34524279945691,0.605610358773421,0.5641710895346016,0.6470496280122403
1473.54648291226,1.74492868690114,0.450727509608685,Up,Up,,1473.54648291226,1.74492868690114,0.450727509608685,0.4092882403698657,0.4921667788475043
18164.7091053473,-0.893936448911529,0.230981216123361,Normal,Normal,,18164.7091053473,-0.893936448911529,0.230981216123361,0.18954194688454168,0.27242048536218033
301.0983490183,1.2940777365254,0.334710150479129,Up,Up,,301.0983490183,1.2940777365254,0.334710150479129,0.2932708812403097,0.3761494197179483
26.5999801480442,-2.32472163198355,0.601554563136315,Down,Down,,26.5999801480442,-2.32472163198355,0.601554563136315,0.5601152938974956,0.6429938323751343
1514.67910449905,-0.952874992201635,0.246587707819541,Normal,Normal,,1514.67910449905,-0.952874992201635,0.246587707819541,0.20514843858072168,0.28802697705836033
36281.1526665892,-1.24136295009276,0.321321237711803,Down,Down,,36281.1526665892,-1.24136295009276,0.321321237711803,0.2798819684729837,0.3627605069506223
3728.67651567377,-0.993188711982561,0.257412588668643,Normal,Normal,,3728.67651567377,-0.993188711982561,0.257412588668643,0.2159733194298237,0.2988518579074623
7865.56613609305,-5.88341431993147,1.52709921536464,Down,Down,,7865.56613609305,-5.88341431993147,1.52709921536464,1.4856599461258209,1.5685384846034593
2336.7351062774,-1.41720413892971,0.368108493727121,Down,Down,,2336.7351062774,-1.41720413892971,0.368108493727121,0.3266692244883017,0.4095477629659403
16969.1802290425,-1.386356209139,0.360134509427024,Down,Down,,16969.1802290425,-1.386356209139,0.360134509427024,0.3186952401882047,0.4015737786658433
19267.8541608957,1.68131120363704,0.436846340510328,Up,Up,,19267.8541608957,1.68131120363704,0.436846340510328,0.3954070712715087,0.4782856097491473
94.1498968246192,-1.59326734619626,0.414099411793758,Down,Down,,94.1498968246192,-1.59326734619626,0.414099411793758,0.3726601425549387,0.4555386810325773
1587.88491229951,-2.08232366936456,0.542063576234103,Down,Down,,1587.88491229951,-2.08232366936456,0.542063576234103,0.5006243069952836,0.5835028454729223
279.731274181077,-1.6053890114958,0.418168798674595,Down,Down,,279.731274181077,-1.6053890114958,0.418168798674595,0.3767295294357757,0.4596080679134143
3089.37776435636,0.684321988363558,0.178373517864916,Normal,Normal,,3089.37776435636,0.684321988363558,0.178373517864916,0.13693424862609668,0.21981278710373534
743.274301317737,1.04877560083863,0.273457567217563,Up,Up,,743.274301317737,1.04877560083863,0.273457567217563,0.23201829797874365,0.3148968364563823
3021.83459349893,0.803779894872853,0.209772509037582,Normal,Normal,,3021.83459349893,0.803779894872853,0.209772509037582,0.16833323979876266,0.2512117782764013
1419.48377677569,-1.74388835633797,0.4557316006566,Down,Down,,1419.48377677569,-1.74388835633797,0.4557316006566,0.4142923314177807,0.4971708698954193
33630.7343661572,-1.79355318887273,0.469018734435855,Down,Down,,33630.7343661572,-1.79355318887273,0.469018734435855,0.4275794651970357,0.5104580036746743
1414.18690637724,-1.83984225929055,0.481160016596797,Down,Down,,1414.18690637724,-1.83984225929055,0.481160016596797,0.4397207473579777,0.5225992858356163
843.013620900246,0.907555425044004,0.237289578202616,Normal,Normal,,843.013620900246,0.907555425044004,0.237289578202616,0.19585030896379668,0.27872884744143533
153.491633712145,-1.32625444043546,0.347283791677394,Down,Down,,153.491633712145,-1.32625444043546,0.347283791677394,0.3058445224385747,0.3887230609162133
691.087212462623,-1.41913987544802,0.371556644390627,Down,Down,,691.087212462623,-1.41913987544802,0.371556644390627,0.3301173751518077,0.4129959136294463
51549.5720858262,-2.7597485642833,0.722691141146833,Down,Down,,51549.5720858262,-2.7597485642833,0.722691141146833,0.6812518719080136,0.7641304103856523
1801.81616214438,-1.10584319969635,0.289824259694725,Down,Down,,1801.81616214438,-1.10584319969635,0.289824259694725,0.24838499045590565,0.33126352893354427
1580.55099021336,-1.01391378287295,0.265829916695326,Down,Down,,1580.55099021336,-1.01391378287295,0.265829916695326,0.2243906474565067,0.3072691859341453
804.181551299917,-1.71611919243391,0.450186698533319,Down,Down,,804.181551299917,-1.71611919243391,0.450186698533319,0.4087474292944997,0.4916259677721383
1406.55567452203,-0.706990301316447,0.185715148442573,Normal,Normal,,1406.55567452203,-0.706990301316447,0.185715148442573,0.14427587920375368,0.22715441768139233
1430.33570832715,-0.964065049741524,0.253517985566701,Normal,Normal,,1430.33570832715,-0.964065049741524,0.253517985566701,0.2120787163278817,0.2949572548055203
724.423015233632,0.971579210617055,0.255851779306663,Normal,Normal,,724.423015233632,0.971579210617055,0.255851779306663,0.21441251006784365,0.2972910485454823
692.384316687061,1.08516052659134,0.285862423343603,Up,Up,,692.384316687061,1.08516052659134,0.285862423343603,0.24442315410478369,0.3273016925824223
25765.9422779649,-2.16511478247971,0.572153050252526,Down,Down,,25765.9422779649,-2.16511478247971,0.572153050252526,0.5307137810137067,0.6135923194913454
9762.11871683197,-1.4065477394209,0.372350164810225,Down,Down,,9762.11871683197,-1.4065477394209,0.372350164810225,0.3309108955714057,0.4137894340490443
482.382534187386,-0.783206667538654,0.207488001360917,Normal,Normal,,482.382534187386,-0.783206667538654,0.207488001360917,0.16604873212209767,0.24892727059973632
22606.562675108,-1.87425581503817,0.49657586556664,Down,Down,,22606.562675108,-1.87425581503817,0.49657586556664,0.4551365963278207,0.5380151348054594
6155.07140042644,-3.29146604442616,0.873079185746214,Down,Down,,6155.07140042644,-3.29146604442616,0.873079185746214,0.8316399165073947,0.9145184549850334
29.5175171194169,-2.12977200455097,0.564953856473859,Down,Down,,29.5175171194169,-2.12977200455097,0.564953856473859,0.5235145872350396,0.6063931257126783
4499.65865860817,0.807064725613179,0.214223888495904,Normal,Normal,,4499.65865860817,0.807064725613179,0.214223888495904,0.1727846192570847,0.2556631577347233
14433.738150396,1.14184688538867,0.303323994757674,Up,Up,,14433.738150396,1.14184688538867,0.303323994757674,0.2618847255188547,0.3447632639964933
29827.1920974817,-1.64542457822127,0.438211424489538,Down,Down,,29827.1920974817,-1.64542457822127,0.438211424489538,0.3967721552507187,0.4796506937283573
1501.02336175327,-1.10566168717078,0.294446602763877,Down,Down,,1501.02336175327,-1.10566168717078,0.294446602763877,0.2530073335250577,0.3358858720026963
4017.88759538043,0.808186293511429,0.215300514991782,Normal,Normal,,4017.88759538043,0.808186293511429,0.215300514991782,0.17386124575296266,0.2567397842306013
579.308855033032,-0.939075510185796,0.250622366118221,Normal,Normal,,579.308855033032,-0.939075510185796,0.250622366118221,0.20918309687940165,0.2920616353570403
964.845819535481,-0.96617648872277,0.258230854351563,Normal,Normal,,964.845819535481,-0.96617648872277,0.258230854351563,0.21679158511274368,0.2996701235903823
865.695973256895,-0.896361845275926,0.239880943890751,Normal,Normal,,865.695973256895,-0.896361845275926,0.239880943890751,0.1984416746519317,0.28132021312957034
2154.82827275507,0.773799369791264,0.207000118386705,Normal,Normal,,2154.82827275507,0.773799369791264,0.207000118386705,0.16556084914788569,0.24843938762552434
1550.93809629247,0.594240064361948,0.158984137754736,Normal,Normal,,1550.93809629247,0.594240064361948,0.158984137754736,0.11754486851591667,0.20042340699355532
887.914520263017,-0.969971950746591,0.259528877639782,Normal,Normal,,887.914520263017,-0.969971950746591,0.259528877639782,0.21808960840096267,0.3009681468786013
4291.0283639635,0.957494291636757,0.256237115251694,Normal,Normal,,4291.0283639635,0.957494291636757,0.256237115251694,0.2147978460128747,0.2976763844905133
2900.32216620222,-1.73030419649867,0.463402269922939,Down,Down,,2900.32216620222,-1.73030419649867,0.463402269922939,0.4219630006841197,0.5048415391617583
875.357837546942,-1.72134162729824,0.461459309238722,Down,Down,,875.357837546942,-1.72134162729824,0.461459309238722,0.42002003999990273,0.5028985784775414
947.556404782053,-0.887324790135494,0.238063837491562,Normal,Normal,,947.556404782053,-0.887324790135494,0.238063837491562,0.1966245682527427,0.2795031067303813
673.285087246403,1.64895755195859,0.442600322861612,Up,Up,,673.285087246403,1.64895755195859,0.442600322861612,0.4011610536227927,0.4840395921004313
3867.75313550403,1.41362741245451,0.379660912698392,Up,Up,,3867.75313550403,1.41362741245451,0.379660912698392,0.3382216434595727,0.42110018193721127
2413.1128383988,0.991014380185439,0.266366526210104,Normal,Normal,,2413.1128383988,0.991014380185439,0.266366526210104,0.22492725697128466,0.3078057954489233
3507.7476988111,0.591974485989848,0.159137395015541,Normal,Normal,,3507.7476988111,0.591974485989848,0.159137395015541,0.11769812577672167,0.20057666425436033
625.049352371698,-0.939533688228635,0.2527906060438,Normal,Normal,,625.049352371698,-0.939533688228635,0.2527906060438,0.21135133680498067,0.2942298752826193
1979.7963170465,-1.68792736620406,0.454230279588467,Down,Down,,1979.7963170465,-1.68792736620406,0.454230279588467,0.4127910103496477,0.4956695488272863
15649.0470774393,-0.797680376905457,0.214658872228345,Normal,Normal,,15649.0470774393,-0.797680376905457,0.214658872228345,0.17321960298952568,0.2560981414671643
2116.4208874409,-0.932278263999635,0.25084852473121,Normal,Normal,,2116.4208874409,-0.932278263999635,0.25084852473121,0.20940925549239067,0.2922877939700293
32008.8086150003,0.818944324154207,0.220434865628556,Normal,Normal,,32008.8086150003,0.818944324154207,0.220434865628556,0.17899559638973667,0.2618741348673753
4313.93321018422,0.873328547578039,0.235298513256743,Normal,Normal,,4313.93321018422,0.873328547578039,0.235298513256743,0.19385924401792368,0.2767377824955623
2284.70985649765,-1.00006951181182,0.269455627089293,Down,Down,,2284.70985649765,-1.00006951181182,0.269455627089293,0.22801635785047367,0.3108948963281123
12137.1996686845,1.10446742679569,0.297671420859252,Up,Up,,12137.1996686845,1.10446742679569,0.297671420859252,0.2562321516204327,0.3391106900980713
38.106174746422,-1.58367761829963,0.426908915225512,Down,Down,,38.106174746422,-1.58367761829963,0.426908915225512,0.3854696459866927,0.4683481844643313
2198.27613737889,-0.730492465249486,0.19711110260801,Normal,Normal,,2198.27613737889,-0.730492465249486,0.19711110260801,0.1556718333691907,0.23855037184682934
1016.60960630456,1.12386892142665,0.303184978722586,Up,Up,,1016.60960630456,1.12386892142665,0.303184978722586,0.2617457094837667,0.3446242479614053
2028.55109730523,0.583084983022252,0.157330976219242,Normal,Normal,,2028.55109730523,0.583084983022252,0.157330976219242,0.11589170698042267,0.19877024545806132
5276.24440787599,1.09778972644914,0.29659154064543,Up,Up,,5276.24440787599,1.09778972644914,0.29659154064543,0.2551522714066107,0.3380308098842493
2886.1347854722,-1.18397985200983,0.319853924771827,Down,Down,,2886.1347854722,-1.18397985200983,0.319853924771827,0.2784146555330077,0.3612931940106463
7672.63080868564,-2.13579577733037,0.57720154487242,Down,Down,,7672.63080868564,-2.13579577733037,0.57720154487242,0.5357622756336007,0.6186408141112394
27312.9892256769,-5.67263499078764,1.5363649564579,Down,Down,,27312.9892256769,-5.67263499078764,1.5363649564579,1.4949256872190808,1.5778042256967193
2907.23679962694,0.842095071367846,0.228207700525001,Normal,Normal,,2907.23679962694,0.842095071367846,0.228207700525001,0.18676843128618167,0.2696469697638203
2181.26811096289,0.602488273542824,0.163263816270552,Normal,Normal,,2181.26811096289,0.602488273542824,0.163263816270552,0.12182454703173268,0.20470308550937133
94.0984560093092,1.94156527899965,0.52641658560291,Up,Up,,94.0984560093092,1.94156527899965,0.52641658560291,0.48497731636409075,0.5678558548417294
1789.88105700228,-1.2246058044247,0.332225741565429,Down,Down,,1789.88105700228,-1.2246058044247,0.332225741565429,0.2907864723266097,0.3736650108042483
137.738092426089,-1.5639791963655,0.424409755108394,Down,Down,,137.738092426089,-1.5639791963655,0.424409755108394,0.3829704858695747,0.4658490243472133
6424.58165883218,-1.29581151377641,0.351815500821369,Down,Down,,6424.58165883218,-1.29581151377641,0.351815500821369,0.3103762315825497,0.3932547700601883
1589.61074224054,0.959395775992902,0.260535555867147,Normal,Normal,,1589.61074224054,0.959395775992902,0.260535555867147,0.21909628662832767,0.3019748251059663
1999.00608783888,-0.755943193057251,0.205344259235551,Normal,Normal,,1999.00608783888,-0.755943193057251,0.205344259235551,0.16390498999673167,0.24678352847437032
1265.76079479769,-0.649216785150511,0.176387422714841,Normal,Normal,,1265.76079479769,-0.649216785150511,0.176387422714841,0.13494815347602168,0.21782669195366033
1335.0017429527,-0.79755582770114,0.216761531512774,Normal,Normal,,1335.0017429527,-0.79755582770114,0.216761531512774,0.17532226227395467,0.2582008007515933
8011.98652953819,0.759814376771364,0.20650861600494,Normal,Normal,,8011.98652953819,0.759814376771364,0.20650861600494,0.16506934676612067,0.24794788524375933
863.658033368292,-2.48891147722831,0.677402422345474,Down,Down,,863.658033368292,-2.48891147722831,0.677402422345474,0.6359631531066546,0.7188416915842933
40.2134805095736,-1.94060024860491,0.528350978099333,Down,Down,,40.2134805095736,-1.94060024860491,0.528350978099333,0.48691170886051366,0.5697902473381523
1501.95640915181,-0.835404068376333,0.227577898309121,Normal,Normal,,1501.95640915181,-0.835404068376333,0.227577898309121,0.18613862907030168,0.2690171675479403
246.552211991398,-1.10983812887545,0.30247539753235,Down,Down,,246.552211991398,-1.10983812887545,0.30247539753235,0.2610361282935307,0.3439146667711693
6148.97585128153,-2.11898583679545,0.578095119308255,Down,Down,,6148.97585128153,-2.11898583679545,0.578095119308255,0.5366558500694356,0.6195343885470743
16112.8661260091,-2.82051026734578,0.77113137127632,Down,Down,,16112.8661260091,-2.82051026734578,0.77113137127632,0.7296921020375007,0.8125706405151394
842.352759684296,1.07305093464037,0.293317880635474,Up,Up,,842.352759684296,1.07305093464037,0.293317880635474,0.2518786113966547,0.3347571498742933
43451.6401338337,-2.894523820152,0.791325035464716,Down,Down,,43451.6401338337,-2.894523820152,0.791325035464716,0.7498857662258966,0.8327643047035354
1352.54819925903,0.972285665461563,0.265997814192782,Normal,Normal,,1352.54819925903,0.972285665461563,0.265997814192782,0.22455854495396269,0.3074370834316013
6512.25951875314,-1.09336371054256,0.299212596589558,Down,Down,,6512.25951875314,-1.09336371054256,0.299212596589558,0.2577733273507387,0.3406518658283773
409.390926474573,-1.57122593330828,0.430052150358195,Down,Down,,409.390926474573,-1.57122593330828,0.430052150358195,0.3886128811193757,0.4714914195970143
3362.21004968446,2.00418481157415,0.548700754968089,Up,Up,,3362.21004968446,2.00418481157415,0.548700754968089,0.5072614857292697,0.5901400242069084
1877.25976368892,-0.901398243565984,0.247092457793332,Normal,Normal,,1877.25976368892,-0.901398243565984,0.247092457793332,0.20565318855451267,0.2885317270321513
5542.43249227794,-4.58881521977249,1.25856484535799,Down,Down,,5542.43249227794,-4.58881521977249,1.25856484535799,1.2171255761191708,1.3000041145968093
161.494576854663,-1.95003702439741,0.535001485743034,Down,Down,,161.494576854663,-1.95003702439741,0.535001485743034,0.49356221650421467,0.5764407549818533
38996.9254170705,-0.80698766506604,0.221704451257275,Normal,Normal,,38996.9254170705,-0.80698766506604,0.221704451257275,0.18026518201845568,0.2631437204960943
1828.20669282025,-0.817242147013847,0.224568851196544,Normal,Normal,,1828.20669282025,-0.817242147013847,0.224568851196544,0.18312958195772466,0.2660081204353633
1294.89778066758,-0.787236278019099,0.21632408455288,Normal,Normal,,1294.89778066758,-0.787236278019099,0.21632408455288,0.17488481531406067,0.2577633537916993
1817.079525876,1.02175292991645,0.28095993966829,Up,Up,,1817.079525876,1.02175292991645,0.28095993966829,0.2395206704294707,0.3223992089071093
1843.36364101058,-0.721687713948019,0.198447427057458,Normal,Normal,,1843.36364101058,-0.721687713948019,0.198447427057458,0.15700815781863867,0.23988669629627732
2891.34957483654,1.06046981066497,0.29186825197983,Up,Up,,2891.34957483654,1.06046981066497,0.29186825197983,0.2504289827410107,0.3333075212186493
858.541882853146,-2.15250268386881,0.592853770459173,Down,Down,,858.541882853146,-2.15250268386881,0.592853770459173,0.5514145012203536,0.6342930396979923
1682.49075158583,-0.957715680645562,0.264057170768135,Normal,Normal,,1682.49075158583,-0.957715680645562,0.264057170768135,0.22261790152931568,0.3054964400069543
4012.53883602148,-2.17221096312121,0.599101538285826,Down,Down,,4012.53883602148,-2.17221096312121,0.599101538285826,0.5576622690470067,0.6405408075246454
990.803797419479,-1.52447968029188,0.420667044279523,Down,Down,,990.803797419479,-1.52447968029188,0.420667044279523,0.3792277750407037,0.4621063135183423
1788.73444904421,0.744741133962186,0.205613201556963,Normal,Normal,,1788.73444904421,0.744741133962186,0.205613201556963,0.16417393231814367,0.24705247079578233
791.244538063015,-0.920298300970791,0.254386684007627,Normal,Normal,,791.244538063015,-0.920298300970791,0.254386684007627,0.21294741476880766,0.2958259532464463
927.227088609015,-1.44044610206957,0.398152927603223,Down,Down,,927.227088609015,-1.44044610206957,0.398152927603223,0.3567136583644037,0.4395921968420423
1306.53999105248,0.827442927806634,0.229102397860029,Normal,Normal,,1306.53999105248,0.827442927806634,0.229102397860029,0.18766312862120968,0.2705416670988483
4942.09588154296,-1.05591301658475,0.29273253329922,Down,Down,,4942.09588154296,-1.05591301658475,0.29273253329922,0.2512932640604007,0.3341718025380393
3525.81705747582,1.26612422396482,0.351014611001069,Up,Up,,3525.81705747582,1.26612422396482,0.351014611001069,0.3095753417622497,0.3924538802398883
1426.54270942264,-2.54397038363574,0.70545390263327,Down,Down,,1426.54270942264,-2.54397038363574,0.70545390263327,0.6640146333944507,0.7468931718720894
4030.54032574653,0.671688411336191,0.186788274091431,Normal,Normal,,4030.54032574653,0.671688411336191,0.186788274091431,0.14534900485261168,0.22822754333025033
968.274750907226,-0.65974348691274,0.183312709727601,Normal,Normal,,968.274750907226,-0.65974348691274,0.183312709727601,0.14187344048878167,0.22475197896642032
20034.1001401718,-2.24497516664239,0.624182460482095,Down,Down,,20034.1001401718,-2.24497516664239,0.624182460482095,0.5827431912432757,0.6656217297209144
2809.92561335556,-0.844846187671277,0.234895720352391,Normal,Normal,,2809.92561335556,-0.844846187671277,0.234895720352391,0.19345645111357168,0.27633498959121033
666.256131677553,-2.7881154582421,0.775278055134958,Down,Down,,666.256131677553,-2.7881154582421,0.775278055134958,0.7338387858961386,0.8167173243737773
183.584164067452,-1.776419020516,0.493852455921998,Down,Down,,183.584164067452,-1.776419020516,0.493852455921998,0.4524131866831787,0.5352917251608174
2593.47340658168,-0.576152872079638,0.160183879136862,Normal,Normal,,2593.47340658168,-0.576152872079638,0.160183879136862,0.11874460989804267,0.20162314837568132
243.978849704567,1.36020120619257,0.378629182104866,Up,Up,,243.978849704567,1.36020120619257,0.378629182104866,0.3371899128660467,0.4200684513436853
70.4873153874062,-1.74620500351926,0.486112771138433,Down,Down,,70.4873153874062,-1.74620500351926,0.486112771138433,0.4446735018996137,0.5275520403772523
9491.45217408503,0.814941781218717,0.226915055940304,Normal,Normal,,9491.45217408503,0.814941781218717,0.226915055940304,0.18547578670148468,0.26835432517912333
1129.59620751446,1.22860779293784,0.342283805296747,Up,Up,,1129.59620751446,1.22860779293784,0.342283805296747,0.3008445360579277,0.3837230745355663
5651.13493727281,0.864954439106121,0.241072298601184,Normal,Normal,,5651.13493727281,0.864954439106121,0.241072298601184,0.19963302936236468,0.2825115678400033
6747.96360951559,0.601050656433416,0.167652553659859,Normal,Normal,,6747.96360951559,0.601050656433416,0.167652553659859,0.12621328442103968,0.20909182289867834
7680.81033798816,-1.29460401822941,0.361729968184701,Down,Down,,7680.81033798816,-1.29460401822941,0.361729968184701,0.3202906989458817,0.4031692374235203
2653.67374850342,0.710927140891548,0.198797077834418,Normal,Normal,,2653.67374850342,0.710927140891548,0.198797077834418,0.15735780859559867,0.24023634707323732
803.111654758507,-0.763427440039191,0.21354904593032,Normal,Normal,,803.111654758507,-0.763427440039191,0.21354904593032,0.17210977669150068,0.25498831516913933
10016.5588336629,-2.16702001190361,0.606110944294195,Down,Down,,10016.5588336629,-2.16702001190361,0.606110944294195,0.5646716750553756,0.6475502135330143
7500.96330801372,-1.1027477473768,0.30889591585251,Down,Down,,7500.96330801372,-1.1027477473768,0.30889591585251,0.2674566466136907,0.35033518509132927
858.609780769846,-1.3292415968447,0.372356764152892,Down,Down,,858.609780769846,-1.3292415968447,0.372356764152892,0.3309174949140727,0.4137960333917113
428.261306510759,-2.35847817710764,0.660961930898956,Down,Down,,428.261306510759,-2.35847817710764,0.660961930898956,0.6195226616601367,0.7024012001377754
3102.57780099972,-2.16436772675502,0.606587329746775,Down,Down,,3102.57780099972,-2.16436772675502,0.606587329746775,0.5651480605079556,0.6480265989855943
828.110286976843,-0.857031435633877,0.24023373433093,Normal,Normal,,828.110286976843,-0.857031435633877,0.24023373433093,0.19879446509211068,0.28167300356974934
1601.90375197892,-0.773278729499985,0.216926900529761,Normal,Normal,,1601.90375197892,-0.773278729499985,0.216926900529761,0.17548763129094166,0.2583661697685803
4743.66532049961,-0.837862970312509,0.235058607613666,Normal,Normal,,4743.66532049961,-0.837862970312509,0.235058607613666,0.19361933837484668,0.27649787685248534
5268.65315339208,-0.531586697835901,0.149147273483626,Normal,Normal,,5268.65315339208,-0.531586697835901,0.149147273483626,0.10770800424480667,0.19058654272244532
4615.24043510985,-0.892354293350417,0.250542406631075,Normal,Normal,,4615.24043510985,-0.892354293350417,0.250542406631075,0.2091031373922557,0.2919816758698943
3920.90990133107,0.852522233892387,0.239469801591167,Normal,Normal,,3920.90990133107,0.852522233892387,0.239469801591167,0.19803053235234766,0.2809090708299863
1983.97283396266,-2.52951759445095,0.710758143631672,Down,Down,,1983.97283396266,-2.52951759445095,0.710758143631672,0.6693188743928526,0.7521974128704914
599.671962307537,-1.30895618031467,0.368217906927409,Down,Down,,599.671962307537,-1.30895618031467,0.368217906927409,0.3267786376885897,0.4096571761662283
7319.54123542123,0.813161963060149,0.228892907650475,Normal,Normal,,7319.54123542123,0.813161963060149,0.228892907650475,0.1874536384116557,0.27033217688929434
92.5169035228709,-1.89085949963606,0.532433906222101,Down,Down,,92.5169035228709,-1.89085949963606,0.532433906222101,0.49099463698328166,0.5738731754609203
1585.53234422147,-1.28333214042804,0.36155293018752,Down,Down,,1585.53234422147,-1.28333214042804,0.36155293018752,0.3201136609487007,0.4029921994263393
13374.6443539172,2.17220004363964,0.61194717575853,Up,Up,,13374.6443539172,2.17220004363964,0.61194717575853,0.5705079065197106,0.6533864449973493
902.74370473389,1.2016185978603,0.338849046704237,Up,Up,,902.74370473389,1.2016185978603,0.338849046704237,0.2974097774654177,0.3802883159430563
3806.74427112044,0.580525802858621,0.163713292889554,Normal,Normal,,3806.74427112044,0.580525802858621,0.163713292889554,0.12227402365073467,0.20515256212837332
3476.81530388566,-1.32029551414273,0.372609304466239,Down,Down,,3476.81530388566,-1.32029551414273,0.372609304466239,0.3311700352274197,0.4140485737050583
3473.40913311258,-1.20185842358133,0.33933568383786,Down,Down,,3473.40913311258,-1.20185842358133,0.33933568383786,0.2978964145990407,0.3807749530766793
20697.156057473,-2.62085330312406,0.740085302597678,Down,Down,,20697.156057473,-2.62085330312406,0.740085302597678,0.6986460333588587,0.7815245718364974
5657.30828366394,0.840142268451838,0.237224363861704,Normal,Normal,,5657.30828366394,0.840142268451838,0.237224363861704,0.19578509462288468,0.27866363310052333
411.251485093164,-1.53920246231488,0.435003134568597,Down,Down,,411.251485093164,-1.53920246231488,0.435003134568597,0.3935638653297777,0.4764424038074163
1687.52761926758,0.9529629531577,0.269570699331487,Normal,Normal,,1687.52761926758,0.9529629531577,0.269570699331487,0.22813143009266765,0.31100996857030627
1149.33358811084,0.710754387057117,0.201065081020178,Normal,Normal,,1149.33358811084,0.710754387057117,0.201065081020178,0.15962581178135868,0.24250435025899733
1082.70238628735,-1.12737145743858,0.31884283442419,Down,Down,,1082.70238628735,-1.12737145743858,0.31884283442419,0.2774035651853707,0.3602821036630093
57693.2857580943,-2.17359734735513,0.615099399245546,Down,Down,,57693.2857580943,-2.17359734735513,0.615099399245546,0.5736601300067267,0.6565386684843654
7339.82926765838,-0.611621816848605,0.173179041787196,Normal,Normal,,7339.82926765838,-0.611621816848605,0.173179041787196,0.13173977254837668,0.21461831102601533
839.788538222823,-0.988761627535847,0.280142468007263,Normal,Normal,,839.788538222823,-0.988761627535847,0.280142468007263,0.23870319876844368,0.3215817372460823
1474.96508859001,-2.05013244777221,0.580942619126121,Down,Down,,1474.96508859001,-2.05013244777221,0.580942619126121,0.5395033498873016,0.6223818883649403
5787.01268295791,0.943808432630453,0.267554687333618,Normal,Normal,,5787.01268295791,0.943808432630453,0.267554687333618,0.22611541809479865,0.3089939565724373
5189.04647387172,0.936526126156987,0.265442191331856,Normal,Normal,,5189.04647387172,0.936526126156987,0.265442191331856,0.22400292209303665,0.3068814605706753
797.432481955466,-0.625952082126351,0.177451099608654,Normal,Normal,,797.432481955466,-0.625952082126351,0.177451099608654,0.13601183036983466,0.21889036884747332
3358.19792355033,-2.64061236845527,0.748717176554607,Down,Down,,3358.19792355033,-2.64061236845527,0.748717176554607,0.7072779073157877,0.7901564457934264
3022.27281355294,-1.31287525510472,0.372621078620507,Down,Down,,3022.27281355294,-1.31287525510472,0.372621078620507,0.3311818093816877,0.41406034785932627
22566.0222198846,-2.55331348399096,0.725076862231138,Down,Down,,22566.0222198846,-2.55331348399096,0.725076862231138,0.6836375929923186,0.7665161314699573
5526.83939646311,1.55855199813803,0.442713606929935,Up,Up,,5526.83939646311,1.55855199813803,0.442713606929935,0.4012743376911157,0.4841528761687543
7470.94324386736,1.50541534539458,0.427690061138265,Up,Up,,7470.94324386736,1.50541534539458,0.427690061138265,0.3862507918994457,0.4691293303770843
825.609937407497,1.48582580853566,0.422400507103664,Up,Up,,825.609937407497,1.48582580853566,0.422400507103664,0.3809612378648447,0.4638397763424833
844.85183693046,-2.95689179330739,0.841283817358288,Down,Down,,844.85183693046,-2.95689179330739,0.841283817358288,0.7998445481194687,0.8827230865971074
23894.8092458363,-2.96220647355531,0.843371663335572,Down,Down,,23894.8092458363,-2.96220647355531,0.843371663335572,0.8019323940967527,0.8848109325743914
5741.07278873627,-2.88551028689273,0.821610985512827,Down,Down,,5741.07278873627,-2.88551028689273,0.821610985512827,0.7801717162740076,0.8630502547516463
165.086492161804,2.86058402913851,0.814996135384616,Up,Up,,165.086492161804,2.86058402913851,0.814996135384616,0.7735568661457967,0.8564354046234354
657.170493452527,-1.16378024698895,0.331725125572498,Down,Down,,657.170493452527,-1.16378024698895,0.331725125572498,0.2902858563336787,0.3731643948113173
2667.36364381524,-1.0451158992692,0.297966829475583,Down,Down,,2667.36364381524,-1.0451158992692,0.297966829475583,0.2565275602367637,0.3394060987144023
843.187325031345,-1.22825151637863,0.350472510145945,Down,Down,,843.187325031345,-1.22825151637863,0.350472510145945,0.3090332409071257,0.3919117793847643
1857.22226664441,1.25691003429849,0.358909120256139,Up,Up,,1857.22226664441,1.25691003429849,0.358909120256139,0.3174698510173197,0.4003483894949583
3159.92240513228,-0.727702353815755,0.208075608020415,Normal,Normal,,3159.92240513228,-0.727702353815755,0.208075608020415,0.16663633878159567,0.24951487725923432
1223.94346448869,-0.781686976839286,0.223733699661031,Normal,Normal,,1223.94346448869,-0.781686976839286,0.223733699661031,0.18229443042221166,0.2651729688998503
5055.57710796728,-0.931051916948243,0.266572151119697,Normal,Normal,,5055.57710796728,-0.931051916948243,0.266572151119697,0.22513288188087768,0.3080114203585163
5214.8073662539,0.941642083132548,0.269649656676992,Normal,Normal,,5214.8073662539,0.941642083132548,0.269649656676992,0.22821038743817265,0.3110889259158113
531.34191310864,-0.871970663967119,0.249792694260682,Normal,Normal,,531.34191310864,-0.871970663967119,0.249792694260682,0.2083534250218627,0.2912319634995013
1453.35978178277,-0.724282032144488,0.207608006572514,Normal,Normal,,1453.35978178277,-0.724282032144488,0.207608006572514,0.16616873733369467,0.24904727581133332
1467.94923617231,-1.39666228542592,0.400427782827475,Down,Down,,1467.94923617231,-1.39666228542592,0.400427782827475,0.3589885135886557,0.4418670520662943
4349.83003480405,0.920139606574128,0.263946654962458,Normal,Normal,,4349.83003480405,0.920139606574128,0.263946654962458,0.22250738572363868,0.3053859242012773
837.817772515585,-0.866370993446953,0.248496200972293,Normal,Normal,,837.817772515585,-0.866370993446953,0.248496200972293,0.20705693173347367,0.2899354702111123
7365.31513919724,0.639253476952296,0.183477819813986,Normal,Normal,,7365.31513919724,0.639253476952296,0.183477819813986,0.14203855057516668,0.22491708905280533
1266.90388216381,-1.67299449847536,0.480392971849206,Down,Down,,1266.90388216381,-1.67299449847536,0.480392971849206,0.4389537026103867,0.5218322410880253
499.40251671094,-0.726774893608249,0.208907247062406,Normal,Normal,,499.40251671094,-0.726774893608249,0.208907247062406,0.16746797782358666,0.2503465163012253
484.880400012855,-2.20859795125154,0.635305577738889,Down,Down,,484.880400012855,-2.20859795125154,0.635305577738889,0.5938663085000696,0.6767448469777083
1530.05417906093,-0.828000694673372,0.238231688968409,Normal,Normal,,1530.05417906093,-0.828000694673372,0.238231688968409,0.19679241972958966,0.2796709582072283
3067.70241877195,0.731209839860429,0.210476287596142,Normal,Normal,,3067.70241877195,0.731209839860429,0.210476287596142,0.16903701835732268,0.2519155568349613
17520.8138766529,-0.955434014064283,0.275267878221114,Normal,Normal,,17520.8138766529,-0.955434014064283,0.275267878221114,0.23382860898229466,0.3167071474599333
4924.07649990498,-0.942588882389398,0.271645511407976,Normal,Normal,,4924.07649990498,-0.942588882389398,0.271645511407976,0.23020624216915667,0.3130847806467953
6210.59509370184,0.731403869162669,0.210883699843696,Normal,Normal,,6210.59509370184,0.731403869162669,0.210883699843696,0.16944443060487668,0.25232296908251534
6482.12244207599,-2.36576822618058,0.682866870175836,Down,Down,,6482.12244207599,-2.36576822618058,0.682866870175836,0.6414276009370167,0.7243061394146554
7336.99305390677,-0.880012979832781,0.254025091836192,Normal,Normal,,7336.99305390677,-0.880012979832781,0.254025091836192,0.21258582259737266,0.2954643610750113
4286.69020939806,-0.825361272868588,0.238317808592528,Normal,Normal,,4286.69020939806,-0.825361272868588,0.238317808592528,0.19687853935370866,0.2797570778313473
1715.78496553078,2.22861757281553,0.643558692694478,Up,Up,,1715.78496553078,2.22861757281553,0.643558692694478,0.6021194234556586,0.6849979619332973
4097.91728323425,1.10716866982371,0.320217264905372,Up,Up,,4097.91728323425,1.10716866982371,0.320217264905372,0.2787779956665527,0.3616565341441913
1400.98670889367,-2.16540841057334,0.626488132969188,Down,Down,,1400.98670889367,-2.16540841057334,0.626488132969188,0.5850488637303687,0.6679274022080074
1934.90358267601,1.33533659291335,0.386589274467308,Up,Up,,1934.90358267601,1.33533659291335,0.386589274467308,0.3451500052284887,0.4280285437061273
133.746241536395,0.853224207391432,0.247226682838893,Normal,Normal,,133.746241536395,0.853224207391432,0.247226682838893,0.2057874136000737,0.28866595207771234
1352.29845497857,1.84643418240594,0.535069575470896,Up,Up,,1352.29845497857,1.84643418240594,0.535069575470896,0.49363030623207665,0.5765088447097153
8447.95737341346,-1.08380773505435,0.314115671929221,Down,Down,,8447.95737341346,-1.08380773505435,0.314115671929221,0.2726764026904017,0.3555549411680403
3582.72745259245,0.710596137907165,0.206286580403709,Normal,Normal,,3582.72745259245,0.710596137907165,0.206286580403709,0.16484731116488968,0.24772584964252833
3465.45299841776,-1.50259853398091,0.436347721888092,Down,Down,,3465.45299841776,-1.50259853398091,0.436347721888092,0.3949084526492727,0.4777869911269113
4804.99272116038,-0.699205633454528,0.202994304046412,Normal,Normal,,4804.99272116038,-0.699205633454528,0.202994304046412,0.16155503480759267,0.24443357328523133
2376.57991948192,0.993985054111533,0.288612205930501,Normal,Normal,,2376.57991948192,0.993985054111533,0.288612205930501,0.2471729366916817,0.3300514751693203
10254.2580312483,-1.17594452004888,0.34163886817663,Down,Down,,10254.2580312483,-1.17594452004888,0.34163886817663,0.3001995989378107,0.38307813741544927
39326.6451003101,-2.3522764474932,0.683423051508459,Down,Down,,39326.6451003101,-2.3522764474932,0.683423051508459,0.6419837822696396,0.7248623207472783
1731.99897787688,-1.10396297712355,0.321032701067667,Down,Down,,1731.99897787688,-1.10396297712355,0.321032701067667,0.2795934318288477,0.3624719703064863
154.479161075267,-0.991610944750061,0.288348033331608,Normal,Normal,,154.479161075267,-0.991610944750061,0.288348033331608,0.2469087640927887,0.3297873025704273
2462.98240205796,-1.51700033373558,0.441482122672114,Down,Down,,2462.98240205796,-1.51700033373558,0.441482122672114,0.4000428534332947,0.4829213919109333
10564.6315579543,-1.04295628768373,0.30365693575811,Down,Down,,10564.6315579543,-1.04295628768373,0.30365693575811,0.2622176665192907,0.3450962049969293
7773.591564071,0.861896239420964,0.251175466882799,Normal,Normal,,7773.591564071,0.861896239420964,0.251175466882799,0.2097361976439797,0.2926147361216183
2059.00784981192,-0.639569531430482,0.186528801808173,Normal,Normal,,2059.00784981192,-0.639569531430482,0.186528801808173,0.14508953256935367,0.22796807104699232
5969.17403130033,-0.989482215752522,0.288763007056989,Normal,Normal,,5969.17403130033,-0.989482215752522,0.288763007056989,0.24732373781816966,0.3302022762958083
1656.48724036263,-0.764926134912724,0.223224369523549,Normal,Normal,,1656.48724036263,-0.764926134912724,0.223224369523549,0.18178510028472966,0.2646636387623683
739.683884517855,-0.687198394866253,0.200655643984105,Normal,Normal,,739.683884517855,-0.687198394866253,0.200655643984105,0.15921637474528566,0.2420949132229243
883.664080079665,0.995422691424696,0.29072639300294,Normal,Normal,,883.664080079665,0.995422691424696,0.29072639300294,0.24928712376412068,0.3321656622417593
4029.61494116066,-1.14015724490007,0.333219840590941,Down,Down,,4029.61494116066,-1.14015724490007,0.333219840590941,0.2917805713521217,0.3746591098297603
19076.5526386658,-0.683093928308845,0.199860336862308,Normal,Normal,,19076.5526386658,-0.683093928308845,0.199860336862308,0.15842106762348868,0.24129960610112733
1052.74118056079,-1.87822890203245,0.549571134019743,Down,Down,,1052.74118056079,-1.87822890203245,0.549571134019743,0.5081318647809236,0.5910104032585624
1873.10889017676,-0.68673579541432,0.201122907061986,Normal,Normal,,1873.10889017676,-0.68673579541432,0.201122907061986,0.15968363782316666,0.24256217630080532
13084.2378369369,-1.23880874956045,0.363044643997612,Down,Down,,13084.2378369369,-1.23880874956045,0.363044643997612,0.3216053747587927,0.4044839132364313
13.2653147768832,-2.62714644988764,0.769936994708108,Down,Down,,13.2653147768832,-2.62714644988764,0.769936994708108,0.7284977254692886,0.8113762639469273
1747.04281707404,0.741486750223153,0.217368699974648,Normal,Normal,,1747.04281707404,0.741486750223153,0.217368699974648,0.17592943073582867,0.2588079692134673
210.058262681385,3.12325286780274,0.916053026068659,Up,Up,,210.058262681385,3.12325286780274,0.916053026068659,0.8746137568298397,0.9574922953074784
2893.88558147507,-1.02851079900317,0.301734107983665,Down,Down,,2893.88558147507,-1.02851079900317,0.301734107983665,0.2602948387448457,0.3431733772224843
5426.29163040143,0.81379415304797,0.238788451092209,Normal,Normal,,5426.29163040143,0.81379415304797,0.238788451092209,0.19734918185338968,0.28022772033102833
1594.75638202922,-0.721090751647827,0.212050018152382,Normal,Normal,,1594.75638202922,-0.721090751647827,0.212050018152382,0.17061074891356268,0.2534892873912013
1300.6149914823,0.898216215834148,0.264689136747618,Normal,Normal,,1300.6149914823,0.898216215834148,0.264689136747618,0.2232498675087987,0.3061284059864373
7675.49146727788,0.62256091850198,0.183538825846268,Normal,Normal,,7675.49146727788,0.62256091850198,0.183538825846268,0.14209955660744866,0.22497809508508732
4844.4831714522,-2.49229623871664,0.735165107426498,Down,Down,,4844.4831714522,-2.49229623871664,0.735165107426498,0.6937258381876786,0.7766043766653173
180.526672152456,-1.44147736271579,0.425291821533498,Down,Down,,180.526672152456,-1.44147736271579,0.425291821533498,0.3838525522946787,0.4667310907723173
852.645371047229,0.618391989682726,0.182502797644732,Normal,Normal,,852.645371047229,0.618391989682726,0.182502797644732,0.14106352840591269,0.22394206688355134
2530.86643009058,-1.04028207019632,0.307037770052215,Down,Down,,2530.86643009058,-1.04028207019632,0.307037770052215,0.2655985008133957,0.3484770392910343
7429.6993327268,0.647460016628018,0.191235681582704,Normal,Normal,,7429.6993327268,0.647460016628018,0.191235681582704,0.14979641234388466,0.2326749508215233
890.229357089327,-1.03085391941795,0.304765426012147,Down,Down,,890.229357089327,-1.03085391941795,0.304765426012147,0.2633261567733277,0.3462046952509663
3547.25648250074,-1.27697978152037,0.37766387821085,Down,Down,,3547.25648250074,-1.27697978152037,0.37766387821085,0.3362246089720307,0.4191031474496693
5868.62293460547,0.753785273368359,0.223025119691587,Normal,Normal,,5868.62293460547,0.753785273368359,0.223025119691587,0.18158585045276768,0.2644643889304063
3225.24083746877,-1.95384766855988,0.5784553253702,Down,Down,,3225.24083746877,-1.95384766855988,0.5784553253702,0.5370160561313806,0.6198945946090193
808.482161911581,1.13659456152631,0.3364295605466,Up,Up,,808.482161911581,1.13659456152631,0.3364295605466,0.2949902913077807,0.3778688297854193
3299.76833610835,1.02524828782672,0.303566794161743,Up,Up,,3299.76833610835,1.02524828782672,0.303566794161743,0.2621275249229237,0.3450060634005623
2290.40129962111,0.937472203756482,0.277513071378185,Normal,Normal,,2290.40129962111,0.937472203756482,0.277513071378185,0.23607380213936566,0.3189523406170043
14208.2396308597,0.73652758659864,0.21827454942477,Normal,Normal,,14208.2396308597,0.73652758659864,0.21827454942477,0.17683528018595068,0.25971381866358934
1630.05530793655,0.668134675632692,0.197998957582168,Normal,Normal,,1630.05530793655,0.668134675632692,0.197998957582168,0.15655968834334869,0.23943822682098734
35.5773280941161,2.3572163308689,0.698747831000287,Up,Up,,35.5773280941161,2.3572163308689,0.698747831000287,0.6573085617614677,0.7401871002391064
4271.3446606813,-0.82236245042421,0.243813677936531,Normal,Normal,,4271.3446606813,-0.82236245042421,0.243813677936531,0.20237440869771167,0.2852529471753503
41.7726440890889,-1.60455547564511,0.475847683376286,Down,Down,,41.7726440890889,-1.60455547564511,0.475847683376286,0.4344084141374667,0.5172869526151054
849.737245014431,-0.785662736976908,0.233047081081309,Normal,Normal,,849.737245014431,-0.785662736976908,0.233047081081309,0.19160781184248968,0.2744863503201283
2723.61338304775,-1.49677105919869,0.444335798964871,Down,Down,,2723.61338304775,-1.49677105919869,0.444335798964871,0.4028965297260517,0.4857750682036903
3074.67311265925,0.726098054339889,0.215545702282398,Normal,Normal,,3074.67311265925,0.726098054339889,0.215545702282398,0.17410643304357867,0.2569849715212173
2788.991181635,-0.762820454498338,0.226395065381916,Normal,Normal,,2788.991181635,-0.762820454498338,0.226395065381916,0.18495579614309668,0.2678343346207353
2992.68141175332,0.855384443392334,0.254091187160775,Normal,Normal,,2992.68141175332,0.855384443392334,0.254091187160775,0.21265191792195567,0.2955304563995943
1894.97367294254,-2.22269412114273,0.660714035752307,Down,Down,,1894.97367294254,-2.22269412114273,0.660714035752307,0.6192747665134877,0.7021533049911264
25519.6159205836,1.49662773349176,0.445099098336797,Up,Up,,25519.6159205836,1.49662773349176,0.445099098336797,0.4036598290979777,0.4865383675756163
105779.211538533,-2.58910746604908,0.770048013136981,Down,Down,,105779.211538533,-2.58910746604908,0.770048013136981,0.7286087438981617,0.8114872823758004
3357.68384318325,-0.912586441440984,0.271806086773358,Normal,Normal,,3357.68384318325,-0.912586441440984,0.271806086773358,0.23036681753453866,0.3132453560121773
11647.9702080214,-0.980875433463696,0.292162456412003,Normal,Normal,,11647.9702080214,-0.980875433463696,0.292162456412003,0.2507231871731837,0.3336017256508223
2012.75755380718,-0.75276985768244,0.224288479681003,Normal,Normal,,2012.75755380718,-0.75276985768244,0.224288479681003,0.18284921044218366,0.2657277489198223
6588.91617637953,-0.90407687125866,0.269447508579696,Normal,Normal,,6588.91617637953,-0.90407687125866,0.269447508579696,0.2280082393408767,0.3108867778185153
297.190757958748,0.817912493439847,0.243799800135091,Normal,Normal,,297.190757958748,0.817912493439847,0.243799800135091,0.20236053089627168,0.2852390693739103
4446.52108469384,0.798868711133293,0.238121992710034,Normal,Normal,,4446.52108469384,0.798868711133293,0.238121992710034,0.19668272347121468,0.27956126194885333
2225.93590803194,-0.781633098966333,0.233108075042421,Normal,Normal,,2225.93590803194,-0.781633098966333,0.233108075042421,0.19166880580360168,0.27454734428124034
68022.1295010074,-1.33822159932213,0.399373337646955,Down,Down,,68022.1295010074,-1.33822159932213,0.399373337646955,0.3579340684081357,0.4408126068857743
315.482509961223,-2.64479335654786,0.789282855526642,Down,Down,,315.482509961223,-2.64479335654786,0.789282855526642,0.7478435862878227,0.8307221247654614
96198.40282888,-0.795560091763307,0.237488144646677,Normal,Normal,,96198.40282888,-0.795560091763307,0.237488144646677,0.19604887540785768,0.2789274138854963
310.20610270784,-2.09868130127344,0.626536194945678,Down,Down,,310.20610270784,-2.09868130127344,0.626536194945678,0.5850969257068587,0.6679754641844974
2122.20753203091,1.30654759485328,0.39024880513743,Up,Up,,2122.20753203091,1.30654759485328,0.39024880513743,0.3488095358986107,0.4316880743762493
1163.49601086089,-0.689185363285388,0.205883704612337,Normal,Normal,,1163.49601086089,-0.689185363285388,0.205883704612337,0.16444443537351766,0.2473229738511563
1038.94454011527,0.99588853427487,0.298108879925687,Normal,Normal,,1038.94454011527,0.99588853427487,0.298108879925687,0.2566696106868677,0.3395481491645063
308.094843327299,-0.841289722756854,0.252026653790067,Normal,Normal,,308.094843327299,-0.841289722756854,0.252026653790067,0.21058738455124767,0.2934659230288863
767.724905930071,-2.23055682312394,0.668496036978684,Down,Down,,767.724905930071,-2.23055682312394,0.668496036978684,0.6270567677398646,0.7099353062175033
793.96934300131,-1.21961447501513,0.36581130647952,Down,Down,,793.96934300131,-1.21961447501513,0.36581130647952,0.3243720372407007,0.4072505757183393
2704.3654236834,-1.30184810346438,0.390710031056793,Down,Down,,2704.3654236834,-1.30184810346438,0.390710031056793,0.3492707618179737,0.43214930029561227
543.403074877412,-1.51021318614751,0.453881001023537,Down,Down,,543.403074877412,-1.51021318614751,0.453881001023537,0.4124417317847177,0.4953202702623563
721.751333247895,-0.950607476388112,0.285745761347221,Normal,Normal,,721.751333247895,-0.950607476388112,0.285745761347221,0.2443064921084017,0.3271850305860403
2553.45234095731,-1.59915202183466,0.48085443814715,Down,Down,,2553.45234095731,-1.59915202183466,0.48085443814715,0.4394151689083307,0.5222937073859694
2416.12806998102,0.926339265167528,0.278709431394862,Normal,Normal,,2416.12806998102,0.926339265167528,0.278709431394862,0.23727016215604266,0.3201487006336813
28550.8765854376,-2.13415691698652,0.642712637565133,Down,Down,,28550.8765854376,-2.13415691698652,0.642712637565133,0.6012733683263136,0.6841519068039523
2800.94754052806,0.87418234884717,0.263431742043857,Normal,Normal,,2800.94754052806,0.87418234884717,0.263431742043857,0.22199247280503767,0.3048710112826763
4699.3940098552,-0.582050427431367,0.175428715682299,Normal,Normal,,4699.3940098552,-0.582050427431367,0.175428715682299,0.13398944644347968,0.21686798492111833
2175.1948532419,0.729023330982174,0.219803641814971,Normal,Normal,,2175.1948532419,0.729023330982174,0.219803641814971,0.17836437257615168,0.2612429110537903
5485.83701607864,1.10051629859434,0.331909673068306,Up,Up,,5485.83701607864,1.10051629859434,0.331909673068306,0.2904704038294867,0.3733489423071253
1011.02716892903,-1.0080229625802,0.30391540545441,Down,Down,,1011.02716892903,-1.0080229625802,0.30391540545441,0.2624761362155907,0.3453546746932293
714.634678267679,-1.44554769594156,0.435960223058268,Down,Down,,714.634678267679,-1.44554769594156,0.435960223058268,0.3945209538194487,0.4773994922970873
4550.90940873478,1.98940621155261,0.599912074400712,Up,Up,,4550.90940873478,1.98940621155261,0.599912074400712,0.5584728051618927,0.6413513436395314
482.254334790712,-1.65981434417491,0.501084222354089,Down,Down,,482.254334790712,-1.65981434417491,0.501084222354089,0.4596449531152697,0.5425234915929084
190.958284833248,1.36009959751652,0.411003955733801,Up,Up,,190.958284833248,1.36009959751652,0.411003955733801,0.3695646864949817,0.4524432249726203
1278.10825706855,0.893455958268949,0.270178932625275,Normal,Normal,,1278.10825706855,0.893455958268949,0.270178932625275,0.22873966338645565,0.3116182018640943
1158.64810123835,-0.746893798387812,0.226237077320587,Normal,Normal,,1158.64810123835,-0.746893798387812,0.226237077320587,0.18479780808176768,0.2676763465594063
2107.85416145832,0.870959614037673,0.263936196676464,Normal,Normal,,2107.85416145832,0.870959614037673,0.263936196676464,0.22249692743764468,0.3053754659152833
2905.66938591326,-1.57192601295692,0.47631716622085,Down,Down,,2905.66938591326,-1.57192601295692,0.47631716622085,0.4348778969820307,0.5177564354596693
1788.90051748565,0.630516448979914,0.19108151406588,Normal,Normal,,1788.90051748565,0.630516448979914,0.19108151406588,0.14964224482706068,0.23252078330469933
718.220401747351,1.07558850939511,0.326001461557763,Up,Up,,718.220401747351,1.07558850939511,0.326001461557763,0.2845621923189437,0.3674407307965823
2420.43063048729,-1.18203668506717,0.358382385875587,Down,Down,,2420.43063048729,-1.18203668506717,0.358382385875587,0.3169431166367677,0.3998216551144063
813.186204908256,1.03301571378156,0.313335770554661,Up,Up,,813.186204908256,1.03301571378156,0.313335770554661,0.2718965013158417,0.3547750397934803
2744.38344214786,0.610768228521394,0.185310680206443,Normal,Normal,,2744.38344214786,0.610768228521394,0.185310680206443,0.14387141096762368,0.22674994944526233
3159.70126511319,-1.32598175654967,0.402504195984794,Down,Down,,3159.70126511319,-1.32598175654967,0.402504195984794,0.3610649267459747,0.4439434652236133
1151.30338885252,-0.727570623283789,0.22105238056534,Normal,Normal,,1151.30338885252,-0.727570623283789,0.22105238056534,0.17961311132652066,0.2624916498041593
9151.60452713361,0.797141232439825,0.242236060037128,Normal,Normal,,9151.60452713361,0.797141232439825,0.242236060037128,0.20079679079830867,0.2836753292759473
3121.13870947787,-1.10804831315755,0.337103027005267,Down,Down,,3121.13870947787,-1.10804831315755,0.337103027005267,0.2956637577664477,0.3785422962440863
2068.27379067243,0.794667249347141,0.2419982920252,Normal,Normal,,2068.27379067243,0.794667249347141,0.2419982920252,0.2005590227863807,0.2834375612640193
1602.17825182958,-0.713345804285768,0.217274342190907,Normal,Normal,,1602.17825182958,-0.713345804285768,0.217274342190907,0.17583507295208767,0.2587136114297263
3810.91726155891,-2.58867352605922,0.788786367156942,Down,Down,,3810.91726155891,-2.58867352605922,0.788786367156942,0.7473470979181226,0.8302256363957613
988.273157512152,0.794383274160837,0.24216520813866,Normal,Normal,,988.273157512152,0.794383274160837,0.24216520813866,0.20072593889984067,0.2836044773774793
852.489536941318,-0.689331973013807,0.210388610533844,Normal,Normal,,852.489536941318,-0.689331973013807,0.210388610533844,0.16894934129502467,0.2518278797726633
705.481009939867,-2.40982043101466,0.735828966369601,Down,Down,,705.481009939867,-2.40982043101466,0.735828966369601,0.6943896971307817,0.7772682356084204
3530.05900660768,-0.825367983757626,0.252144090574935,Normal,Normal,,3530.05900660768,-0.825367983757626,0.252144090574935,0.21070482133611565,0.2935833598137543
6420.26900113298,-1.01126461567599,0.308984776669323,Down,Down,,6420.26900113298,-1.01126461567599,0.308984776669323,0.2675455074305037,0.3504240459081423
2733.47220256262,0.660654743826679,0.201989060917739,Normal,Normal,,2733.47220256262,0.660654743826679,0.201989060917739,0.16054979167891967,0.24342833015655832
3965.43432300537,1.3146758866636,0.402492213544193,Up,Up,,3965.43432300537,1.3146758866636,0.402492213544193,0.3610529443053737,0.4439314827830123
4227.13750042948,-1.77361832151484,0.543332041174111,Down,Down,,4227.13750042948,-1.77361832151484,0.543332041174111,0.5018927719352917,0.5847713104129304
836.955528531674,1.14059088038369,0.349450507571863,Up,Up,,836.955528531674,1.14059088038369,0.349450507571863,0.3080112383330437,0.3908897768106823
37924.9278071748,-2.9093802841819,0.891730351578818,Down,Down,,37924.9278071748,-2.9093802841819,0.891730351578818,0.8502910823399986,0.9331696208176373
5993.82467716051,0.804925592919383,0.246767195222997,Normal,Normal,,5993.82467716051,0.804925592919383,0.246767195222997,0.20532792598417768,0.2882064644618163
1458.08022678724,-0.598886913684835,0.183681369440259,Normal,Normal,,1458.08022678724,-0.598886913684835,0.183681369440259,0.14224210020143968,0.22512063867907833
15031.5165376898,-1.31569741385856,0.403663471167406,Down,Down,,15031.5165376898,-1.31569741385856,0.403663471167406,0.3622242019285867,0.4451027404062253
1981.64833149177,-2.51841797564498,0.772640831223736,Down,Down,,1981.64833149177,-2.51841797564498,0.772640831223736,0.7312015619849166,0.8140801004625553
2773.20589590956,1.33532851311822,0.409760155752165,Up,Up,,2773.20589590956,1.33532851311822,0.409760155752165,0.3683208865133457,0.4511994249909843
2942.94619947419,1.29400395112481,0.397240989139946,Up,Up,,2942.94619947419,1.29400395112481,0.397240989139946,0.3558017199011267,0.4386802583787653
30401.2908695581,-1.66131122749119,0.510122409349573,Down,Down,,30401.2908695581,-1.66131122749119,0.510122409349573,0.4686831401107537,0.5515616785883923
2652.62768007268,0.857620446595096,0.263402751777383,Normal,Normal,,2652.62768007268,0.857620446595096,0.263402751777383,0.22196348253856366,0.3048420210162023
3454.9905363748,0.989205968824773,0.30405080690963,Normal,Normal,,3454.9905363748,0.989205968824773,0.30405080690963,0.2626115376708107,0.3454900761484493
1533.5422679147,1.23484910750119,0.379881781161164,Up,Up,,1533.5422679147,1.23484910750119,0.379881781161164,0.3384425119223447,0.4213210503999833
1537.26466024525,-0.608452669462013,0.187157984656899,Normal,Normal,,1537.26466024525,-0.608452669462013,0.187157984656899,0.14571871541807968,0.22859725389571833
2983.03490030015,0.750832419400079,0.231025017015821,Normal,Normal,,2983.03490030015,0.750832419400079,0.231025017015821,0.18958574777700168,0.2724642862546403
1406.64757314962,-1.68454977853047,0.51895322512891,Down,Down,,1406.64757314962,-1.68454977853047,0.51895322512891,0.47751395589009066,0.5603924943677293
1647.91309580381,1.19033645400306,0.366645553272529,Up,Up,,1647.91309580381,1.19033645400306,0.366645553272529,0.3252062840337097,0.4080848225113483
15902.6420971078,-1.35649430467623,0.417909690717958,Down,Down,,15902.6420971078,-1.35649430467623,0.417909690717958,0.37647042147913873,0.4593489599567773
4316.33539544734,-0.860012570689764,0.264968270603037,Normal,Normal,,4316.33539544734,-0.860012570689764,0.264968270603037,0.2235290013642177,0.3064075398418563
1366.07739792866,0.844012390564486,0.260023641276113,Normal,Normal,,1366.07739792866,0.844012390564486,0.260023641276113,0.21858437203729367,0.3014629105149323
458.802811007687,-0.964647076569652,0.297371599065725,Normal,Normal,,458.802811007687,-0.964647076569652,0.297371599065725,0.2559323298269057,0.3388108683045443
1351.90389222913,-1.77797700247594,0.548518482115727,Down,Down,,1351.90389222913,-1.77797700247594,0.548518482115727,0.5070792128769076,0.5899577513545463
5944.22347580614,-0.710393827485119,0.219163710031785,Normal,Normal,,5944.22347580614,-0.710393827485119,0.219163710031785,0.17772444079296568,0.26060297927060433
1248.93161487992,0.671718035310611,0.207449697289072,Normal,Normal,,1248.93161487992,0.671718035310611,0.207449697289072,0.16601042805025268,0.24888896652789133
3046.31044091436,0.765059886090818,0.236664525723831,Normal,Normal,,3046.31044091436,0.765059886090818,0.236664525723831,0.19522525648501168,0.2781037949626503
5452.91060288056,0.940517205449039,0.290944299757765,Normal,Normal,,5452.91060288056,0.940517205449039,0.290944299757765,0.24950503051894565,0.3323835689965843
754.013464547502,0.700907902225494,0.216814924825437,Normal,Normal,,754.013464547502,0.700907902225494,0.216814924825437,0.17537565558661766,0.2582541940642563
3084.34983876452,0.653729717360012,0.202315532953901,Normal,Normal,,3084.34983876452,0.653729717360012,0.202315532953901,0.16087626371508168,0.24375480219272033
2991.39571847646,0.793963473091166,0.245761347460334,Normal,Normal,,2991.39571847646,0.793963473091166,0.245761347460334,0.20432207822151469,0.2872006166991533
16343.2101437733,0.886342291197402,0.27453126481473,Normal,Normal,,16343.2101437733,0.886342291197402,0.27453126481473,0.23309199557591068,0.3159705340535493
2410.12383440059,-1.88039904617758,0.582512147627535,Down,Down,,2410.12383440059,-1.88039904617758,0.582512147627535,0.5410728783887157,0.6239514168663544
1783.16063387666,0.701915880205526,0.217531145422363,Normal,Normal,,1783.16063387666,0.701915880205526,0.217531145422363,0.17609187618354366,0.2589704146611823
90.3682103044407,1.38952532813032,0.430592345254882,Up,Up,,90.3682103044407,1.38952532813032,0.430592345254882,0.3891530760160627,0.4720316144937013
4587.40139513758,-0.917817865608997,0.284537326857177,Normal,Normal,,4587.40139513758,-0.917817865608997,0.284537326857177,0.24309805761835765,0.3259765960959963
4989.94216851472,0.903203331630186,0.280052296479942,Normal,Normal,,4989.94216851472,0.903203331630186,0.280052296479942,0.23861302724112268,0.3214915657187613
7236.57500530988,-1.90576961412654,0.591566339591762,Down,Down,,7236.57500530988,-1.90576961412654,0.591566339591762,0.5501270703529426,0.6330056088305813
1677.69884936959,0.759978256762467,0.235930276357617,Normal,Normal,,1677.69884936959,0.759978256762467,0.235930276357617,0.1944910071187977,0.27736954559643634
7248.35117310123,-0.846439798421415,0.262811724212366,Normal,Normal,,7248.35117310123,-0.846439798421415,0.262811724212366,0.22137245497354666,0.3042509934511853
1601.97846505673,-2.1999222941691,0.683369750779839,Down,Down,,1601.97846505673,-2.1999222941691,0.683369750779839,0.6419304815410196,0.7248090200186583
1247.24265953626,-1.72862941374591,0.537158272951743,Down,Down,,1247.24265953626,-1.72862941374591,0.537158272951743,0.4957190037129237,0.5785975421905624
4491.13428501178,-1.41069562073617,0.438431632767395,Down,Down,,4491.13428501178,-1.41069562073617,0.438431632767395,0.3969923635285757,0.4798709020062143
8058.09073362733,-0.557111940232505,0.173952189192964,Normal,Normal,,8058.09073362733,-0.557111940232505,0.173952189192964,0.1325129199541447,0.21539145843178334
1037.24045895173,-0.846642851270311,0.264349068579227,Normal,Normal,,1037.24045895173,-0.846642851270311,0.264349068579227,0.2229097993404077,0.3057883378180463
2441.66632126742,-0.873943611007555,0.272991106570764,Normal,Normal,,2441.66632126742,-0.873943611007555,0.272991106570764,0.23155183733194465,0.3144303758095833
88.3568825386035,-2.37724986042108,0.743541742586802,Down,Down,,88.3568825386035,-2.37724986042108,0.743541742586802,0.7021024733479826,0.7849810118256213
6311.27834699347,-1.0412687551014,0.326060576028925,Down,Down,,6311.27834699347,-1.0412687551014,0.326060576028925,0.2846213067901057,0.3674998452677443
2307.68731043653,-2.40596337774071,0.75372934204272,Down,Down,,2307.68731043653,-2.40596337774071,0.75372934204272,0.7122900728039007,0.7951686112815394
1550.2555508475,-2.4287869000787,0.761320733427031,Down,Down,,1550.2555508475,-2.4287869000787,0.761320733427031,0.7198814641882116,0.8027600026658503
2641.43795858763,0.722934227199089,0.226665617176637,Normal,Normal,,2641.43795858763,0.722934227199089,0.226665617176637,0.18522634793781767,0.2681048864154563
302.083365279059,-1.01576951251578,0.318570643598617,Down,Down,,302.083365279059,-1.01576951251578,0.318570643598617,0.2771313743597977,0.3600099128374363
19425.0276150062,-2.36290217739778,0.74110773910024,Down,Down,,19425.0276150062,-2.36290217739778,0.74110773910024,0.6996684698614206,0.7825470083390593
1481.34615517981,-1.96950703280701,0.617821722158254,Down,Down,,1481.34615517981,-1.96950703280701,0.617821722158254,0.5763824529194347,0.6592609913970734
3213.29246095911,-1.17232229807089,0.367737742015054,Down,Down,,3213.29246095911,-1.17232229807089,0.367737742015054,0.3262984727762347,0.4091770112538733
1369.25812382487,-2.19431251005585,0.688308182184942,Down,Down,,1369.25812382487,-2.19431251005585,0.688308182184942,0.6468689129461227,0.7297474514237614
3428.49703574114,-1.36693607797725,0.4290030480258,Down,Down,,3428.49703574114,-1.36693607797725,0.4290030480258,0.38756377878698073,0.4704423172646193
977.270788459245,-1.99330385291691,0.625896410137243,Down,Down,,977.270788459245,-1.99330385291691,0.625896410137243,0.5844571408984236,0.6673356793760623
893.157183396309,-1.41794543742688,0.445761472734164,Down,Down,,893.157183396309,-1.41794543742688,0.445761472734164,0.4043222034953447,0.4872007419729833
10276.4579663873,-1.5728143351496,0.494521593213071,Down,Down,,10276.4579663873,-1.5728143351496,0.494521593213071,0.4530823239742517,0.5359608624518903
10639.4070969241,-0.793636213196031,0.249513121781052,Normal,Normal,,10639.4070969241,-0.793636213196031,0.249513121781052,0.20807385254223268,0.2909523910198713
2641.42735871549,0.931336652224426,0.293076815004634,Normal,Normal,,2641.42735871549,0.931336652224426,0.293076815004634,0.2516375457658147,0.3345160842434533
1524.69328315168,-1.2089409999523,0.380892959301519,Down,Down,,1524.69328315168,-1.2089409999523,0.380892959301519,0.3394536900626997,0.4223322285403383
13876.1032455612,-1.38231092637475,0.43563439222419,Down,Down,,13876.1032455612,-1.38231092637475,0.43563439222419,0.3941951229853707,0.4770736614630093
1567.12321107768,-0.904270938690101,0.285080310573941,Normal,Normal,,1567.12321107768,-0.904270938690101,0.285080310573941,0.24364104133512168,0.3265195798127603
27983.3421844451,-0.782319797258726,0.246778465854704,Normal,Normal,,27983.3421844451,-0.782319797258726,0.246778465854704,0.20533919661588468,0.28821773509352333
688.616980475883,1.2284974503389,0.387697401898864,Up,Up,,688.616980475883,1.2284974503389,0.387697401898864,0.3462581326600447,0.4291366711376833
3076.50595955999,-1.60742022244603,0.507766534658542,Down,Down,,3076.50595955999,-1.60742022244603,0.507766534658542,0.46632726541972275,0.5492058038973614
734.837670727271,-0.795589107822809,0.251362433381597,Normal,Normal,,734.837670727271,-0.795589107822809,0.251362433381597,0.20992316414277765,0.29280170262041627
1919.0839289181,-0.729547130006745,0.230740146022572,Normal,Normal,,1919.0839289181,-0.729547130006745,0.230740146022572,0.18930087678375268,0.27217941526139133
1894.07153805258,0.903578258147621,0.285746164590336,Normal,Normal,,1894.07153805258,0.903578258147621,0.285746164590336,0.2443068953515167,0.3271854338291553
13067.2053995346,-0.876110379950923,0.277065097411145,Normal,Normal,,13067.2053995346,-0.876110379950923,0.277065097411145,0.23562582817232566,0.3185043666499643
3135.77685705036,-2.31658911147279,0.733613055662322,Down,Down,,3135.77685705036,-2.31658911147279,0.733613055662322,0.6921737864235027,0.7750523249011414
3192.42041753119,-0.72634640776768,0.230154079907809,Normal,Normal,,3192.42041753119,-0.72634640776768,0.230154079907809,0.18871481066898968,0.2715933491466283
4235.48520234689,-2.31573462591632,0.734002505734289,Down,Down,,4235.48520234689,-2.31573462591632,0.734002505734289,0.6925632364954697,0.7754417749731084
3406.90801863792,-0.9219156156609,0.292261423667758,Normal,Normal,,3406.90801863792,-0.9219156156609,0.292261423667758,0.2508221544289387,0.3337006929065773
1854.58055677571,1.24431075968954,0.394671256525383,Up,Up,,1854.58055677571,1.24431075968954,0.394671256525383,0.3532319872865637,0.4361105257642023
2176.39881912344,0.613896333462911,0.19474896277875,Normal,Normal,,2176.39881912344,0.613896333462911,0.19474896277875,0.15330969353993068,0.23618823201756933
729.032707756324,0.987061176524588,0.313317057954893,Normal,Normal,,729.032707756324,0.987061176524588,0.313317057954893,0.2718777887160737,0.3547563271937123
6928.46469917411,-0.932715256004919,0.296345185198895,Normal,Normal,,6928.46469917411,-0.932715256004919,0.296345185198895,0.2549059159600757,0.3377844544377143
17596.5606941172,-0.987092166714322,0.314096701179309,Normal,Normal,,17596.5606941172,-0.987092166714322,0.314096701179309,0.2726574319404897,0.3555359704181283
361.05775383477,-0.875102757061665,0.278460349322668,Normal,Normal,,361.05775383477,-0.875102757061665,0.278460349322668,0.23702108008384867,0.3198996185614873
825.761903123332,0.980980802253552,0.312498146710152,Normal,Normal,,825.761903123332,0.980980802253552,0.312498146710152,0.2710588774713327,0.3539374159489713
242.789434735247,1.33372070509017,0.425015222162723,Up,Up,,242.789434735247,1.33372070509017,0.425015222162723,0.38357595292390373,0.4664544914015423
1887.02703266949,-1.10751706305718,0.353111538270827,Down,Down,,1887.02703266949,-1.10751706305718,0.353111538270827,0.3116722690320077,0.3945508075096463
10809.1989028383,-0.953286526186467,0.304473653619219,Normal,Normal,,10809.1989028383,-0.953286526186467,0.304473653619219,0.2630343843803997,0.3459129228580383
624.976030968864,-1.90378671068291,0.608507057850224,Down,Down,,624.976030968864,-1.90378671068291,0.608507057850224,0.5670677886114046,0.6499463270890433
22699.3029258169,-0.947961602714544,0.303157035563255,Normal,Normal,,22699.3029258169,-0.947961602714544,0.303157035563255,0.2617177663244357,0.3445963048020743
3077.21986969006,-0.767004487887235,0.245362472212557,Normal,Normal,,3077.21986969006,-0.767004487887235,0.245362472212557,0.20392320297373767,0.2868017414513763
433.783683732077,0.65900781111478,0.210854009021517,Normal,Normal,,433.783683732077,0.65900781111478,0.210854009021517,0.16941473978269767,0.2522932782603363
18826.9728476259,-1.017313255599,0.325695740461985,Down,Down,,18826.9728476259,-1.017313255599,0.325695740461985,0.2842564712231657,0.3671350097008043
1038.89719519143,-1.6191819413727,0.518805500605476,Down,Down,,1038.89719519143,-1.6191819413727,0.518805500605476,0.47736623136665673,0.5602447698442954
1140.50033058733,0.952088681657919,0.3052487299086,Normal,Normal,,1140.50033058733,0.952088681657919,0.3052487299086,0.2638094606697807,0.3466879991474193
6980.82433653228,0.763910435977023,0.244921833364726,Normal,Normal,,6980.82433653228,0.763910435977023,0.244921833364726,0.20348256412590668,0.2863611026035453
21439.8122769456,-1.68226157952932,0.539398068065826,Down,Down,,21439.8122769456,-1.68226157952932,0.539398068065826,0.4979587988270067,0.5808373373046454
12967.3684689913,2.03892563081409,0.654048506128573,Up,Up,,12967.3684689913,2.03892563081409,0.654048506128573,0.6126092368897537,0.6954877753673924
5552.07309870931,1.23379301369141,0.395961927204015,Up,Up,,5552.07309870931,1.23379301369141,0.395961927204015,0.3545226579651957,0.4374011964428343
1739.45131267562,0.715178804800102,0.229538773027502,Normal,Normal,,1739.45131267562,0.715178804800102,0.229538773027502,0.18809950378868268,0.27097804226632133
8871.58591684934,-0.89803189604929,0.288193125977763,Normal,Normal,,8871.58591684934,-0.89803189604929,0.288193125977763,0.24675385673894365,0.3296323952165823
3925.42954296401,-1.23195470107389,0.395617317087875,Down,Down,,3925.42954296401,-1.23195470107389,0.395617317087875,0.3541780478490557,0.4370565863266943
162.100378328073,-2.04530866640223,0.656756539436922,Down,Down,,162.100378328073,-2.04530866640223,0.656756539436922,0.6153172701981027,0.6981958086757414
5075.48096341307,0.753322320121446,0.242139364327496,Normal,Normal,,5075.48096341307,0.753322320121446,0.242139364327496,0.20070009508867667,0.2835786335663153
6117.08049592016,0.878222741784665,0.282285940415213,Normal,Normal,,6117.08049592016,0.878222741784665,0.282285940415213,0.24084667117639366,0.3237252096540323
1446.80849017075,-0.576440673279571,0.185312966710069,Normal,Normal,,1446.80849017075,-0.576440673279571,0.185312966710069,0.14387369747124967,0.22675223594888833
6825.02711452435,-2.21479106549555,0.7122768001788,Down,Down,,6825.02711452435,-2.21479106549555,0.7122768001788,0.6708375309399807,0.7537160694176194
193.052251132536,-1.01014697531231,0.324999226794403,Down,Down,,193.052251132536,-1.01014697531231,0.324999226794403,0.2835599575555837,0.3664384960332223
1165.83823942423,-0.561154382239097,0.180595133141233,Normal,Normal,,1165.83823942423,-0.561154382239097,0.180595133141233,0.13915586390241366,0.22203440238005231
598.305636968707,-0.861678971923471,0.277597549742951,Normal,Normal,,598.305636968707,-0.861678971923471,0.277597549742951,0.23615828050413165,0.3190368189817703
9498.64207281245,1.07782397898033,0.34721807325616,Up,Up,,9498.64207281245,1.07782397898033,0.34721807325616,0.3057788040173407,0.3886573424949793
3544.65371821136,0.894897797419381,0.2883789837941,Normal,Normal,,3544.65371821136,0.894897797419381,0.2883789837941,0.24693971455528066,0.3298182530329193
